"species","species_name","image","file","area","perimeter","circularity","compactness","form_factor","eccentricity","major_axis","minor_axis","aspect_ratio_raw","aspect_ratio_blade","petiole_removed_frac","rectangularity","solidity","equiv_diameter","asymmetry_index","left_frac","right_frac","hu1","hu2","hu3","hu4","hu5","hu6","hu7","R_mean","R_sd","R_median","R_q25","R_q75","G_mean","G_sd","G_median","G_q25","G_q75","B_mean","B_sd","B_median","B_q25","B_q75","H_mean","H_sd","H_median","H_q25","H_q75","S_mean","S_sd","S_median","S_q25","S_q75","V_mean","V_sd","V_median","V_q25","V_q75","L_mean","L_sd","L_median","L_q25","L_q75","a_mean","a_sd","a_median","a_q25","a_q75","b_mean","b_sd","b_median","b_q25","b_q75","ExG_mean","ExG_sd","green_frac_mean","prop_greener","prop_yellower","prop_darker","hue_cv","value_cv","green_center","green_edge","green_tip","green_base","green_tip_minus_base","vein_density","vein_length","vein_len_per_area","vein_response_mean","vein_response_sd"
1,"Ulmus carpinifolia",1,"l1nr001.tif",75316,1507.39105243401,30.169257328564,0.416529000946319,0.416529000946319,0.820527721525308,455.436728560284,244.787061648972,1.86054248738598,1.80532097815078,0.00736895214828193,0.675570592163002,0.935817548132179,309.66967812699,0.000106219130065325,0.499946890434967,0.500053109565033,-0.729145080597331,-2.04748501489576,-4.18134204342228,-5.06732535811351,-9.70424810772016,-6.11091256257431,-10.3163038725117,83.8378033883883,23.8392636356145,83,71,96,84.4225928089689,23.4646191489114,84,72,96,17.4477269106181,27.2136050304992,3,0,29,0.167099433198583,0.0182991928868517,0.168859649122807,0.162921348314607,0.173708920187793,0.839680966454714,0.213817441508539,0.963855421686747,0.701030927835052,1,0.335639381887973,0.0932375042753241,0.333333333333333,0.286274509803922,0.380392156862745,34.4913097102133,9.7733776967688,34.3829771511277,29.351076375563,39.4804010121625,-8.83434357186457,2.69774611547348,-9.07120261397451,-10.4626916860544,-7.586499574092,35.2907654975102,7.63161139631854,37.1496505953919,31.8538770954647,40.1085656885439,67.5596553189221,17.9356677018133,0.467050848392186,0.533259865101705,0.997450740878432,0.319161931063785,0.109510801006691,0.277790715359658,0.475526435961947,0.45860008951557,0.460341315154433,0.463989875770085,-0.00364856061565222,0.133548279965682,7310,0.10115406968699,0.0700513370056772,0.0367735677899711
1,"Ulmus carpinifolia",2,"l1nr002.tif",72847,1431.43268299436,28.1274386857993,0.44676554999313,0.44676554999313,0.819827942623897,458.386943887654,241.342904425023,1.89931808842575,1.83418608639774,0.00631460458220656,0.658483500067503,0.94993251745744,304.551606653655,0.00393976416324626,0.498030117918377,0.501969882081623,-0.729114681357428,-2.04965755895288,-4.27490560963679,-5.22938575725311,-10.0124924812602,-6.29371827961374,-10.4197974402783,87.6177193295547,20.9188459166974,85,74,99,86.6934808571392,21.5256148645685,85,73,98,32.3602481914165,29.3870414854711,28,6,52,0.163533473515326,0.0177398080602429,0.163978494623656,0.156410256410256,0.171497584541063,0.681371712950393,0.240840010697191,0.677083333333333,0.474226804123711,0.925,0.348143961141226,0.0833003857871871,0.341176470588235,0.294117647058824,0.392156862745098,35.7411166377885,8.85050207195046,35.1370910068521,30.0399220781176,40.7305673708132,-7.20859744748094,2.7504652642007,-7.29738060852989,-8.91112641692604,-5.64565444525042,30.0632532808116,7.03742432343802,31.2982828217247,25.2631994830843,35.2443906603206,53.4089941933106,15.8151690843987,0.431351292162418,0.355251417354181,0.998133073427869,0.283388471728417,0.108478145607921,0.239269942453852,0.436891275319947,0.424355066403254,0.423196815223796,0.434074058403511,-0.0108772431797148,0.136015325670498,7073,0.101117973351633,0.0664578397157766,0.0348489987375811
1,"Ulmus carpinifolia",3,"l1nr003.tif",78003,1500.82965261403,28.8769617343633,0.435169417404647,0.435169417404647,0.797521722620678,452.661219794789,261.110962468295,1.73359714780169,1.70677907100529,0.00637154981218668,0.659952853512542,0.952946997416147,315.145211304213,0.000884581362255298,0.499557709318872,0.500442290681128,-0.739967282752417,-2.14256717785038,-4.23791657656025,-5.23906778045604,-10.0097226377007,-6.35422201171315,10.40814389596,88.4598797482151,22.4580287932039,88,75,100,89.0283450636517,22.7189376638618,88,75,100,26.6057459328479,31.2073151992268,16,0,46,0.168006477328128,0.0166776519404712,0.166666666666667,0.161375661375661,0.174242424242424,0.755475920366554,0.244003145869062,0.823008849557522,0.543478260869565,1,0.353827014697525,0.0887773982813119,0.349019607843137,0.298039215686275,0.4,36.4737191048857,9.35435224065375,36.3178433480414,30.825279332324,41.4303182548606,-8.57410021489638,2.52751658080115,-8.58873032683064,-10.1898182107144,-7.02830889233419,33.4073260063308,7.26306945340699,35.0553367963427,28.9220169871058,38.7359774275133,62.9910644462407,16.7723567400529,0.451144004531278,0.485904388292758,0.998679537966488,0.250503185774906,0.0992679098236833,0.250906217848568,0.457577224860765,0.445455341563555,0.439458232704731,0.452129122509072,-0.0126708898043409,0.132734038438454,7397,0.0986569214559131,0.0663152007735079,0.035327249809939
1,"Ulmus carpinifolia",4,"l1nr004.tif",70541,1431.4743135547,29.0486200984803,0.432597850491927,0.432597850491927,0.817349799097111,438.599603514937,241.337873486757,1.81736748226965,1.76735825781375,0.00657773493429348,0.666419805593793,0.944342925226075,299.692493608304,0.00236741753023065,0.501183708765115,0.498816291234885,-0.729157489068745,-2.0576520078229,-4.16215183510229,-4.97072747332428,-9.56153418205294,-6.02344570525382,-10.0242123764686,86.588367048951,21.5930826739703,86,73,98,86.2876908464573,22.6108502103539,86,73,98,26.2540366595301,28.916620371302,18,1,45,0.165372652160846,0.0158443495702506,0.166666666666667,0.159090909090909,0.172413793103448,0.749178742309552,0.238256192539142,0.8,0.54,0.990291262135922,0.345108323875616,0.0868512809838038,0.341176470588235,0.290196078431373,0.392156862745098,35.4316275044733,9.29155713958223,35.3428690918231,29.870530530332,40.5432639233028,-7.93314025941406,2.90004432062328,-7.96748530151675,-9.6471735461853,-6.35272958606478,32.5027791925385,7.23110649930181,34.0122427620244,27.9114147600828,37.5479660843824,59.7329779844347,17.1854254675801,0.446137951036118,0.406260189109879,0.999036021604457,0.286953686508555,0.0958099738222133,0.251663824728386,0.449341700198402,0.447479950095264,0.430746030455101,0.447590296413608,-0.0168442659585073,0.141824577999823,7284,0.107665474325243,0.0697543164862643,0.0352589547259075
1,"Ulmus carpinifolia",5,"l1nr005.tif",73890,1452.01846943198,28.533734410226,0.44040399457337,0.44040399457337,0.764935924068082,428.049228668487,251.447797677444,1.70233834864438,1.68275132528178,0.00692921910948707,0.686505643222906,0.948140354028859,306.724094196203,0.000730816077953715,0.500365408038977,0.499634591961023,-0.754497624963283,-2.27592995811475,-5.66291800817287,-7.56767283264499,14.9587133209423,8.71556494134351,14.1891546226455,93.8428204087153,19.1555426601112,92,83,103,95.429300311274,19.5298434855323,94,85,104,25.6239003924773,26.3461206175173,21,3,41,0.170271923469801,0.0140415110618158,0.171111111111111,0.164502164502165,0.176470588235294,0.765896153711365,0.200511307746566,0.783018867924528,0.60952380952381,0.965116279069767,0.37773176343213,0.0760596217604941,0.368627450980392,0.333333333333333,0.411764705882353,39.0001750166817,7.90077960614334,38.3662860733124,34.6477552628484,42.7952479606681,-9.83752527684878,2.46639345908631,-10.0028666968355,-11.4205713190535,-8.52002132590843,36.7330117423172,6.00590924947484,37.7866169438538,33.6072576055629,40.5414549860671,71.3918798213559,14.9964057678218,0.453734736764688,0.636716741101638,0.998917309514143,0.110678034916768,0.0824652161860435,0.201358818406071,0.457805820040779,0.446623432592522,0.447417116393024,0.457502863872427,-0.0100857474794033,0.133673411870808,7153,0.10079758750916,0.0592783826737512,0.0298445236351681
1,"Ulmus carpinifolia",6,"l1nr006.tif",77244,1468.704760933,27.9257117030094,0.449992850603158,0.449992850603158,0.687603368272268,414.478601832445,280.434772270704,1.47798576644536,1.471283920551,0.00669307648490503,0.664554768006052,0.949836148222838,313.608219588586,0.00926932836207343,0.504634664181037,0.495365335818963,-0.773198851462088,-2.56483846643865,-6.06560570819861,-6.2671188251075,-12.4375582705222,-7.56009014467838,-13.2987137726036,75.72636062348,22.9488435256367,73,63,85,79.135427994406,23.3308553254918,76,65,89,4.94254569934268,21.4091718802965,0,0,0,0.17428936245879,0.016073696310553,0.174242424242424,0.168859649122807,0.17986798679868,0.965595149413349,0.132824863502758,1,1,1,0.312321078812137,0.0919109036802315,0.298039215686275,0.258823529411765,0.349019607843137,31.9507488150416,9.56199361549664,30.6603227288961,26.4139086528015,36.0414707893624,-10.5035132554183,3.0415077031258,-10.508601768775,-12.3174674085124,-8.89002612059536,37.7352238493048,7.47862721828685,38.3993838556325,34.5785385595527,42.2402130091508,77.6019496659975,19.4507408584689,0.504496951871572,0.782481487235255,0.998368805344104,0.519147118222775,0.0922241953930458,0.294283382138396,0.509316801795357,0.503535327995528,0.501146211211734,0.497927336734998,0.0032188744767363,0.121459834354589,6881,0.092667160460575,0.0524962923809882,0.0302452041895438
1,"Ulmus carpinifolia",7,"l1nr007.tif",71798,1446.31998462215,29.1350942633139,0.431313882178936,0.431313882178936,0.795210147980958,437.206167624696,252.068912604437,1.73447079652693,1.71581996789767,0.00653221538204407,0.651488537456645,0.940712498198446,302.350877016911,0.00281344884258614,0.501406724421293,0.498593275578707,-0.740347539585117,-2.15071153445398,-4.41524045641783,-5.30959246398034,-10.1763643896203,-6.38761748814666,-11.023042888657,90.6918994958056,19.9368459514892,88,79,99,91.3995375915771,20.8190791162368,88,80,100,22.2609404161695,26.0265095246109,15,2,36,0.167934976020286,0.0133492022917073,0.16869918699187,0.162100456621005,0.174242424242424,0.793280239485002,0.196850265706186,0.837837837837838,0.642105263157895,0.979591836734694,0.363237274073394,0.0809377405685449,0.349019607843137,0.317647058823529,0.396078431372549,37.4121717773801,8.3842254935546,36.3356829844936,32.6234844922468,41.1524440491207,-9.25480550648856,2.61399105940433,-9.22380048612762,-10.8714909142532,-7.71097910238208,36.5455301129788,5.9934660344204,37.4914415980713,33.6800727944852,40.1495409982204,69.846235271176,15.2904005362069,0.456695239323649,0.510961308114432,0.998718627259812,0.165352795342489,0.0794903035005911,0.222823333734653,0.45774601817575,0.452029477849416,0.447679791747174,0.467485377134807,-0.0198055853876329,0.127709933640205,6769,0.0982909085628821,0.05459250222093,0.0281188494218658
1,"Ulmus carpinifolia",8,"l1nr008.tif",63361,1370.80526599639,29.6571562520072,0.423721361130458,0.423721361130458,0.772074772889572,403.731889687422,237.792413811762,1.69783334638682,1.67149828407852,0.00830163665346195,0.659980301067354,0.941624931266626,284.031214471165,0.00629724909644734,0.503148624548224,0.496851375451776,-0.750172263518919,-2.24437976291292,-4.91615787045447,-6.23684136994493,-11.8237681869051,-7.3592734702789,12.4778270997256,86.8953614999755,21.9847722805508,84,74,97,89.0371679739897,22.0842886690952,86,76,99,12.081232935085,24.9782452360087,0,0,13,0.171244487034207,0.0116856802595534,0.171171171171171,0.166666666666667,0.176356589147287,0.90025105355725,0.175391470856539,1,0.865168539325843,1,0.351857439366271,0.0874576061530509,0.341176470588235,0.298039215686275,0.388235294117647,36.2217466079893,8.9783203927992,35.1379098499114,30.8097331813764,40.273267758553,-10.325328406824,2.58210252250395,-10.2811992511844,-11.7950528898949,-8.92257622608114,39.2813606354813,6.07799512773096,40.079687315494,36.895338392862,42.7059270126669,79.0977415129186,15.8974656549055,0.485049830284966,0.685169110336011,0.999210871040545,0.258139865216774,0.0682397453704856,0.248559774839522,0.492153735566319,0.479367236051733,0.478597799299725,0.480640226585757,-0.00204242728603171,0.137759733293723,6196,0.102259411463749,0.0597861274245386,0.0323320872742431
1,"Ulmus carpinifolia",9,"l1nr009.tif",87451,1550.93015767742,27.505509988374,0.45686739201239,0.45686739201239,0.7757282827514,467.83275694822,279.012534064981,1.67674458968665,1.63915640973646,0.00571748750728984,0.669962414862083,0.951650815069537,333.68558768193,0.00508856388148792,0.502544281940744,0.497455718059256,-0.749567978897647,-2.23146439622926,-4.26784045400863,-5.35085315697101,-10.1653435961017,-6.46841690055525,-10.9755088464707,83.3601674080338,22.2403474947114,81,70,96,79.6412733988171,23.8500349436422,78,65,93,19.4236429543418,27.9761678524009,4,0,35,0.155918874675778,0.0184838407341237,0.157051282051282,0.150234741784038,0.163978494623656,0.817401608688436,0.230999193962554,0.956043956043956,0.639175257731959,1,0.328647011514122,0.0887173308790235,0.317647058823529,0.274509803921569,0.376470588235294,32.95452607423,9.79423217391203,32.2145883401463,26.9941907706185,38.6019972598296,-6.05136227994292,3.15119856228671,-6.1437082169471,-7.88135852342951,-4.43775515534264,32.9722631376693,7.41720039935884,34.7056649470499,28.9845142735677,37.89465132275,56.4987364352599,17.6725739426499,0.447205547822962,0.14185086505586,0.997301345896559,0.3957644852546,0.118547806697629,0.269947169762303,0.453584431701672,0.435900092956973,0.447664944792311,0.447211349013178,0.000453595779132843,0.142409867172676,9041,0.107222485768501,0.0774055345686145,0.0387507967312735
1,"Ulmus carpinifolia",10,"l1nr010.tif",77175,1455.27330342792,27.4417931670881,0.457928187777119,0.457928187777119,0.744629773384779,438.64902958752,268.976640676503,1.63080715293445,1.60788392683971,0.0057661159701976,0.654101130865654,0.951702706202253,313.468119375697,0.00688046647230321,0.503440233236152,0.496559766763848,-0.759271673990961,-2.35083387534125,-4.87531334167698,-6.5953760074903,-12.3641905063483,-7.82293575847506,12.7532911265598,91.9831940395208,19.5627744260225,91,81,102,90.8740395205707,20.7782729820224,90,79,101,26.3794363459702,27.0302038878887,21,3,43,0.163663321670758,0.0152487926774998,0.164021164021164,0.156462585034014,0.171052631578947,0.753278949891219,0.211964843165255,0.774193548387097,0.578947368421053,0.965909090909091,0.365559353900291,0.0789316510647374,0.36078431372549,0.32156862745098,0.403921568627451,37.4050059761609,8.40923059157805,37.0064453299988,32.7992571800906,41.6992462904312,-8.0207614789431,2.80961096988043,-8.02841698667359,-9.78646022570365,-6.33118398248539,34.7457677305627,6.43052598571645,35.9167112088268,31.0146035770715,39.0203901073794,63.3854486556533,15.7501899155347,0.443995173122531,0.349063816002592,0.998950437317784,0.161464204729511,0.0931717163544082,0.215920205588137,0.448870425918111,0.436429197010708,0.446115014346401,0.442047436068319,0.00406757827808235,0.136806940029096,7434,0.100140093755051,0.0630514349378282,0.0314909877143994
1,"Ulmus carpinifolia",11,"l1nr011.tif",71029,1404.37885912519,27.7672497143108,0.452560867340155,0.452560867340155,0.772077142764551,432.474312995916,256.873464594173,1.68360836211389,1.62384293458819,0.00667333061144038,0.639375719256208,0.945603408107568,300.727337671509,0.00829238761632573,0.495853806191837,0.504146193808163,-0.749249886630589,-2.24252741280442,-4.5877824901421,-5.70294154102076,-11.0432002065353,-7.13012513776006,-10.9619865800454,82.812034521111,21.4982765597583,82,70,94,80.7925213645123,22.9624254447919,80,68,92,19.3393261907118,27.1667118989813,5,0,34,0.160615954013542,0.0181508061796323,0.160377358490566,0.153846153846154,0.166666666666667,0.815876052260136,0.221935819752389,0.935064935064935,0.640776699029126,1,0.328550641701443,0.0868009748712622,0.32156862745098,0.27843137254902,0.372549019607843,33.2738505221342,9.4269004353749,32.8601571237598,28.0517249042825,38.2291000358929,-7.04809030286849,3.04909888671488,-6.98430841674674,-8.78630407776676,-5.34725249412901,33.3756481203344,7.00869844006649,35.1318080363811,29.6636263031202,38.0234840355397,59.4336820172051,16.835137235523,0.452680649417321,0.247434146616171,0.998211997916344,0.370679581579355,0.113007491554011,0.26419359328461,0.45487689395725,0.444207515133392,0.442610201396669,0.465715558163911,-0.0231053567672422,0.139213960991348,7168,0.105118052500367,0.0647617150307391,0.035115445791834
1,"Ulmus carpinifolia",12,"l1nr012.tif",56515,1381.44992693706,33.7680952071912,0.372137384038264,0.372137384038264,0.834269597943011,432.543802711518,211.263693228077,2.04741191495005,1.86022340308633,0.0114305936477042,0.618455947319286,0.873756387164601,268.248267227782,0.00660001769441741,0.503300008847209,0.496699991152791,-0.712485129411756,-1.97029593345337,-3.72142736882513,-4.34495186701288,-8.39703696788275,-5.34100917007507,8.91771888082743,89.8988410156593,21.7643879921036,88,77,100,90.9686808811819,21.8746782705914,89,78,101,33.8225072989486,29.3437532478092,31,9,52,0.169731676846481,0.0191362271385097,0.170542635658915,0.163461538461538,0.177215189873418,0.674923158700231,0.229536673418639,0.661157024793388,0.484848484848485,0.893333333333333,0.361078179834263,0.0862188112177353,0.352941176470588,0.309803921568627,0.4,37.2971985946468,8.96772206132293,36.566431244409,32.0446389626543,41.7360784846944,-8.51484768538035,2.7232035423472,-8.67901422674611,-10.2000372524591,-7.12924110155866,31.1112457874324,7.02547948800752,32.1336654849801,26.4984373970832,36.1690846268629,58.2160134477565,15.8902607798973,0.435280688909631,0.595894895160577,0.998018225249934,0.201610191984429,0.112743993232766,0.238781559767828,0.44381727672412,0.43195876981081,0.423457020488741,0.425506383967158,-0.00204936347841639,0.133984738507352,5480,0.101991438674856,0.0684411948629865,0.0356002959094476
1,"Ulmus carpinifolia",13,"l1nr013.tif",86259,1510.06009999233,26.4352879767773,0.475363484801012,0.475363484801012,0.706567987414374,442.553658472528,287.982736341256,1.53673676448475,1.52330194561326,0.00529799789007523,0.676818201904348,0.956467261739757,331.40363590237,0.0083817340799221,0.495809132960039,0.504190867039961,-0.76960384585061,-2.49521532769012,-5.23479833073957,-6.04158205606747,-11.6859873667686,-7.31249714671665,12.4545248892904,78.1549403540494,23.8835869459999,75,64,90,82.2833443466769,23.2823852618151,79,68,93,6.52961430111594,22.2346719858938,0,0,0,0.176232307417509,0.0153423171002155,0.175627240143369,0.17037037037037,0.181547619047619,0.950926891841884,0.145068227809015,1,1,1,0.323973514329507,0.0920925301163261,0.309803921568627,0.266666666666667,0.364705882352941,33.1964137558787,9.64137197207177,32.0993677431695,27.458926184838,37.8111035404151,-11.061516073129,2.59808119468815,-11.1652380394455,-12.6416075623409,-9.72253351374125,38.3082145855586,7.36753601246903,39.1535142308,35.1806127145772,43.0103383774567,79.8821340381887,17.8927942552796,0.504375164009143,0.836133041189905,0.998829107687314,0.434818395761602,0.0870573462833406,0.284259440228194,0.512378092756821,0.497150165809788,0.494250101620713,0.502267803260733,-0.0080177016400208,0.13401838831801,7926,0.0952586983955291,0.0606710944128198,0.033473579801503
1,"Ulmus carpinifolia",14,"l1nr014.tif",58922,1217.6265504462,25.1623233486899,0.499412174313922,0.499412174313922,0.827267997207623,419.692114422006,220.210628336516,1.90586674944976,1.84692520813149,0.00521027799463702,0.637541403692056,0.956308631155257,273.901114373208,0.0185669189776314,0.490716540511184,0.509283459488816,-0.724179602894772,-2.01604030147545,-4.72336472844855,-6.01604478887516,11.3861263609205,7.0247554502749,12.7662519250911,86.3980007467493,20.9219355928846,86,75,97,86.9612708326252,21.5706618880115,86,75,97,23.4203353586102,27.3778082099265,14,0,40,0.167908575240984,0.0152088284312498,0.166666666666667,0.162222222222222,0.17351598173516,0.776430772728911,0.22026345833842,0.835164835164835,0.594059405940594,0.992380197322058,0.345364127117871,0.0839721853007522,0.341176470588235,0.298039215686275,0.388235294117647,35.6123071729993,8.87053422782316,35.3968398944395,30.6603227288961,40.0701699946696,-8.67161312330804,2.4297843005043,-8.6764660320385,-10.112792802606,-7.32721793563121,34.0288121492197,6.72203263507484,35.5952253093915,30.3657783293076,38.3993838556325,64.1042055598919,15.5603079952253,0.453806083847088,0.489817046264553,0.99871015919351,0.263365126777774,0.0905780322347679,0.243141016869282,0.465206654727039,0.44930257774563,0.438692705392655,0.443697832785474,-0.00500512739281944,0.13565417663212,5861,0.103835592169368,0.0587524453081487,0.0313484266970378
1,"Ulmus carpinifolia",15,"l1nr015.tif",64485,1292.63874375502,25.9116836761502,0.484969281479983,0.484969281479983,0.793679987216201,415.974395205017,239.464081479461,1.73710559276797,1.7099299093937,0.00544312630844379,0.647368740431594,0.942735592526534,286.539442384896,0.0086686826393735,0.504334341319687,0.495665658680313,-0.739161998634204,-2.15322910971406,-4.86804582683896,-5.77915164786969,-11.1535595398015,-6.85924193229076,11.443066004717,89.5392106691481,21.6177759749426,87,76,100,88.1816391408847,22.6425621138557,86,75,99,26.7344653795467,30.4005638868723,18,1,45,0.163766514820876,0.0326565027804641,0.16260162601626,0.15625,0.169154228855721,0.751351932513518,0.232482262383192,0.795918367346939,0.554347826086956,0.987012987012987,0.355006104170752,0.0868913170582186,0.345098039215686,0.301960784313725,0.396078431372549,36.3196860784596,9.19088663965655,35.5459219343629,30.7981244728391,40.8780043760159,-7.55775704439915,2.70346425892514,-7.5280417693448,-9.11079817666596,-6.01706237073216,33.3389649728524,6.90189193916912,34.9337520112835,29.3279219936826,37.9830699219681,60.0896022330771,16.2426844475608,0.443591153360065,0.285632317593239,0.997239668139878,0.241513530278359,0.199408912235656,0.244760064102068,0.448072863693382,0.439150125900145,0.438209424876375,0.442563985418011,-0.00435456054163591,0.134727005222228,6189,0.100063054760634,0.0660963890806918,0.0348225440602735
1,"Ulmus carpinifolia",16,"l1nr016.tif",76941,1447.79307268757,27.2430145348008,0.461269460408158,0.461269460408158,0.748337411822985,435.315515704066,261.391154307049,1.66537967536848,1.64100529963237,0.0056926736070495,0.676180735004539,0.953089386582103,312.992529961129,0.000610857670162852,0.500305428835081,0.499694571164919,-0.759385843711334,-2.33910148388947,-4.60141635008283,-5.5491370856943,-10.6256532560175,-6.72302965668377,11.7467954604031,86.0594611455513,21.0885802353023,84,74,95,88.6264150452966,21.4418594349674,86,77,97,14.5181502709851,25.7635738041043,2,0,20,0.172478603532273,0.0153181381569933,0.172480620155039,0.166666666666667,0.177083333333333,0.873229033505101,0.188004537276401,0.977011494252874,0.793103448275862,1,0.349346774750502,0.0841996153765271,0.341176470588235,0.301960784313725,0.384313725490196,36.0397316085101,8.74934060325995,35.1804862221814,31.2338959409474,39.7560773487492,-10.3584434487039,2.39012165070684,-10.4321565435373,-11.7658786167894,-9.05793976865007,38.1213350364527,6.26410995306591,39.4366391710129,36.0023101163847,41.6600781693559,76.6752186740491,15.6582088382402,0.480162106976765,0.735875540998947,0.999181190782548,0.236219960749145,0.0888118163904037,0.241020158825399,0.49067658604445,0.472207351520297,0.474085545122214,0.471745174806301,0.00234037031591278,0.129200886103307,7081,0.0956478279662848,0.0564710470700058,0.0296481224660408
1,"Ulmus carpinifolia",17,"l1nr017.tif",75372,1456.07734393503,28.1292951165007,0.446736065099182,0.446736065099182,0.793834957576796,429.289672588587,255.154646239627,1.68246856921987,1.6864633669632,0.00567850130021763,0.688107224600943,0.945820967630616,309.784781688479,0.00307806612535159,0.501539033062676,0.498460966937324,-0.738859732813021,-2.1521294350148,-4.17105834942439,-5.01368717510782,-9.66045751192878,-6.13617126612914,-9.9332786135203,85.2075041129319,23.0948874418116,84,71,97,87.1840205912007,23.49568813308,87,73,99,16.4751631905731,27.5995855122929,1,0,26,0.170628713555389,0.0172252945840717,0.171361502347418,0.166666666666667,0.176954732510288,0.85530478937815,0.212095995614747,0.989010989010989,0.735537190082645,1,0.345025145864747,0.0920345373763999,0.341176470588235,0.290196078431373,0.392156862745098,35.4891725949325,9.66640315939344,35.3244069085102,29.870530530332,40.6641994658873,-9.78831626823096,2.92442933663162,-9.97610799967899,-11.5964468965502,-8.2863453541796,36.6447292484968,7.40707175510325,38.3131110104748,33.1435024563676,41.4643474236466,72.685373878895,18.6686910900368,0.474369012719168,0.663641670646925,0.997664915353182,0.290028127155973,0.100951909700287,0.266747331934267,0.480685359497154,0.465532400047555,0.470959162555782,0.474420788453642,-0.00346162589785975,0.140105489892853,7658,0.105738429249972,0.0652178373244313,0.0334599498267412
1,"Ulmus carpinifolia",18,"l1nr018.tif",83753,1539.457069612,28.2966349763992,0.444094169672124,0.444094169672124,0.714657002207802,440.798002030021,283.194900621019,1.55651814726675,1.53744274986439,0.00581471708476111,0.670927087295798,0.950253864700043,326.554178644531,0.00681766623285136,0.503408833116426,0.496591166883574,-0.767559849341008,-2.46467326695859,-4.46867405881106,-5.92718910521943,-11.1470866676582,-7.19897736474157,11.6335129631184,84.853282867479,20.7061238768368,83,73,95,82.7735364703318,21.9279612939863,81,70,94,19.4907048105762,26.6442314741485,7,0,33,0.161019105259946,0.0165268193394914,0.161458333333333,0.154545454545455,0.168627450980392,0.815276197812668,0.214382889497219,0.918604651162791,0.649484536082474,1,0.336243946075798,0.0832626961611681,0.329411764705882,0.286274509803922,0.376470588235294,34.1128173905987,8.96298644057447,33.5111472109606,28.9277092759444,38.7905935339553,-7.21587746506133,3.00409654568455,-7.28848616313116,-8.95337186885936,-5.59958310875308,34.2600962644536,6.51724078389626,35.6645195035939,30.8134910441479,38.5060016849248,61.2030852626161,16.1674151570812,0.45332251969529,0.253399878213318,0.999104509689205,0.32155266080021,0.102638871394621,0.24762585880066,0.459217457701624,0.447493598447831,0.452638393805554,0.447746036327351,0.00489235747820271,0.136857376683282,8373,0.10382412022915,0.0678864346020004,0.0346860518335648
1,"Ulmus carpinifolia",19,"l1nr019.tif",66639,1455.43268299436,31.7874562152516,0.395324826537388,0.395324826537388,0.806526229994164,435.345918729524,237.078505807689,1.8362943415995,1.75905971810397,0.00826843139903055,0.645656923635431,0.918746768689898,291.285787537955,0.00850853104038176,0.504254265520191,0.495745734479809,-0.730946712237068,-2.09577515554224,-3.88691360073339,-4.74434785138655,-9.07378617049764,-5.79262035474451,9.66516396143837,87.3569531355504,20.6821736243555,85,75,95,90.4768528939524,20.4945092987304,88,79,99,23.2179354432068,27.5095087428737,14,1,38,0.174213360081191,0.0143585869495096,0.174863387978142,0.169230769230769,0.18,0.782264295758176,0.212423809931542,0.839080459770115,0.616161616161616,0.986301369863014,0.356565739487769,0.0815073598344877,0.345098039215686,0.309803921568627,0.388235294117647,36.8279882314877,8.39356163323223,35.9315436620657,31.9251908813508,40.4330338593136,-10.2665030678671,2.47032011623546,-10.4267562309043,-11.7652078666375,-9.030675489169,35.3644895659143,6.46997953563726,36.7321926060006,32.1973127388319,39.3413617249264,70.3788172091413,15.6973944525327,0.462211508504908,0.79995198007173,0.998724470655322,0.201578655141884,0.082419550718718,0.228589992193273,0.470932696726207,0.454614808086779,0.443176124556978,0.464818838080178,-0.0216427135232007,0.135406691052954,6441,0.101119361979371,0.0652915843118165,0.0329320450966566
1,"Ulmus carpinifolia",20,"l1nr020.tif",69671,1466.2611101191,30.8581998686355,0.407229542483186,0.407229542483186,0.81368376110316,451.528775155927,239.783651310281,1.88306739299606,1.79474271840555,0.0088989680067747,0.643497764585366,0.94153817046637,297.83866827738,0.00589915459803936,0.50294957729902,0.49705042270098,-0.731341995900206,-2.0737208685164,-4.2496214738974,-5.2337442403626,-9.98397207813342,-6.27067042933209,10.6822071936477,89.5718017539581,21.9828758079777,88,76,101,91.1511102180262,22.1791022172511,91,78,103,23.0686225258735,28.9505482841939,10,0,42,0.169747773243245,0.0179635681546198,0.170940170940171,0.1640625,0.177083333333333,0.792827638273089,0.227510060776919,0.891566265060241,0.595238095238095,1,0.36159315730713,0.0868835684896143,0.356862745098039,0.309803921568627,0.407843137254902,37.2206450414143,9.10101895003895,37.0697145566007,31.9670708223372,42.2086780065121,-9.53085084460679,3.0262560249149,-9.7611409581288,-11.5274666662907,-7.86202704982218,35.6954338566191,7.18420771234036,37.5306344617443,31.3762077357789,40.6466888196752,69.661796156219,18.5264147937542,0.460113832685164,0.621994804150938,0.998406797663303,0.204001664968208,0.105825058588859,0.240279901578826,0.469773890806043,0.452320836804243,0.454312277240616,0.4524522195522,0.00186005768841641,0.13241290399952,6721,0.100752533429274,0.0631570756300572,0.0335490787210548
1,"Ulmus carpinifolia",21,"l1nr021.tif",85999,1539.61644917843,27.5633299291945,0.455909015588466,0.455909015588466,0.705190747963634,448.43228041394,286.98623789567,1.56255674035826,1.56117699291143,0.00524424702612825,0.66824460682463,0.947250737982993,330.903804160181,0.00443028407307062,0.502215142036535,0.497784857963465,-0.769948563503319,-2.50041875007823,-4.93081339534412,-5.74017944522755,-11.0761296929134,-6.99115288051313,12.4158345409999,86.8368004279114,19.7590159966575,86,76,97,83.0294073186858,22.1497765892537,81,71,94,17.5232153862235,26.1092790218217,5,0,29,0.157008976291072,0.0167550635737493,0.156410256410256,0.14975845410628,0.164473684210526,0.838614199528345,0.20195647013049,0.943181818181818,0.702127659574468,1,0.343453879650675,0.0801666639794829,0.337254901960784,0.298039215686275,0.380392156862745,34.3794588455245,8.91122856954311,33.835175424936,29.5304145747744,38.8812580139374,-6.47476977627173,3.42041329052228,-6.33931008028069,-8.42766276853069,-4.59356107224582,35.4443408507673,6.42455885909923,36.9705373365624,32.5099685139015,39.395707880538,61.6987988232446,16.9071275350522,0.451684991285884,0.181932348050559,0.999313945510994,0.258037884161444,0.106714048220872,0.233413184406613,0.457300360259836,0.44489612292998,0.460940702022101,0.444550160331536,0.0163905416905647,0.127990733702537,7689,0.0927715640496616,0.0547766354020027,0.0307471879852044
1,"Ulmus carpinifolia",22,"l1nr022.tif",93311,1516.98903218046,24.6622126411228,0.509539464168169,0.509539464168169,0.661936068870304,422.164117030835,306.477293766706,1.37747273816699,1.38156880141505,0.00473684774571059,0.721195856814698,0.973454835664099,344.684283306888,0.0106203984524868,0.505310199226243,0.494689800773757,-0.779351882914709,-2.66271301901469,-5.34867654044098,-7.20966178637144,13.5496317845273,8.594087524886,-13.7949448784082,89.7260558776554,20.5335751410604,89,78,100,94.0380876852647,20.6640360526715,93,81,104,16.2505063711653,25.2391827879524,4,0,26,0.17602118472994,0.0135915428797125,0.175925925925926,0.170833333333333,0.180952380952381,0.860069417934674,0.183275248387585,0.955555555555556,0.75,1,0.369948019074312,0.0812722920436807,0.364705882352941,0.32156862745098,0.407843137254902,38.1047599383487,8.39366946308472,37.6847730633239,33.0608678360839,42.2429436682319,-11.5856049389805,2.53919669787847,-11.6841829006493,-13.1720047458809,-10.1952533726802,39.4890282460154,5.98552003133948,40.4085851005404,37.2707832336835,42.8926237857632,82.0996131217117,15.737359530983,0.481701260842732,0.852107468572837,0.998885447589245,0.159080922935131,0.0772153807699339,0.219685706190171,0.492081134827788,0.482311143784344,0.470725303075178,0.468449453008261,0.00227585006691733,0.126672060111046,8299,0.0919730032249842,0.047354861967819,0.0268948602545174
1,"Ulmus carpinifolia",23,"l1nr023.tif",59839,1392.03571337469,32.3829513746983,0.388055136449904,0.388055136449904,0.855028976951478,482.680186844716,214.029059863405,2.25520864854879,1.98942145062151,0.0111298651381206,0.579231419167283,0.899909015031318,276.024240090263,0.0327712695733552,0.483614365213322,0.516385634786678,-0.700342152467702,-1.87963318670466,-3.72277950145763,-4.60049684997386,-8.89155972855229,-5.91199875558448,-8.9360112387953,89.7450492153945,22.7317763358563,87,76,101,93.2052340446855,22.3346277812411,91,80,104,28.141011714768,29.6868900911313,21,2,46,0.175202285254155,0.0196587361853667,0.177083333333333,0.171171171171171,0.182389937106918,0.742304558065106,0.229875883557832,0.771739130434783,0.55,0.975903614457831,0.368509290779933,0.0874321192291583,0.36078431372549,0.317647058823529,0.411764705882353,37.9294163862377,9.14018918448437,37.2577228753648,32.5826699517878,42.6996351266953,-10.2971171062716,3.51155011982417,-10.7183411254384,-12.1739700942526,-9.1372855804684,34.2629015972765,7.33003177896843,35.7937953792598,29.879486228315,39.2583708686045,68.5244071592098,19.0230738104939,0.455490224766194,0.83477330837748,0.99772723474657,0.181503701599291,0.112205934098651,0.237258927195168,0.461568310100504,0.454291441188673,0.442882643728562,0.449303524047283,-0.00642088031872123,0.135262142731895,5862,0.102788006312467,0.0650817628117479,0.0352937968655417
1,"Ulmus carpinifolia",24,"l1nr024.tif",77064,1458.704760933,27.6110710522241,0.45512072279235,0.45512072279235,0.787070120849259,445.585629472933,256.610214938389,1.73642982053507,1.72130916401085,0.00545001557147307,0.673979102320545,0.94936217654559,313.242609291058,0.00472334682860999,0.502361673414305,0.497638326585695,-0.743967428817266,-2.18396695311406,-3.99565936368942,-5.0730115179891,-9.60955893457647,-6.16532338302172,-10.6044389851253,90.4765130281321,21.8664673949036,90,78,102,91.8150109000312,21.9084979988233,92,80,103,26.1319812104245,29.0824617733251,18,1,45,0.169594016289496,0.014286906050381,0.170498084291188,0.164251207729469,0.176245210727969,0.761353755288481,0.228207985010133,0.808988764044944,0.566666666666667,0.98989898989899,0.363795307389019,0.0862298407874453,0.36078431372549,0.317647058823529,0.407843137254902,37.5353326220609,9.02799949318954,37.4891430164254,32.6474939085648,42.4544341606533,-9.28833626494516,2.7039348545612,-9.45922861963991,-10.9684293335739,-7.91180117848488,34.7736770289556,7.1022864966573,36.1545594362565,30.6260028051745,39.7267640197202,67.0215275615086,17.1626747564522,0.453454847444194,0.61118031765805,0.999221426346932,0.194189245302606,0.0842418045089015,0.23702845748422,0.460143787803415,0.447810532383399,0.445753066020644,0.451106042928197,-0.00535297690755282,0.135779148057696,7715,0.104097796607883,0.0687404001359263,0.0354863890732747
1,"Ulmus carpinifolia",25,"l1nr025.tif",75003,1423.34942187367,27.0112339072853,0.465227566333794,0.465227566333794,0.804482179964349,453.913392258301,254.556239800775,1.78315563041609,1.73945852249695,0.00623975040998359,0.649115368049997,0.952679144147291,309.025541943981,0.00891964321427143,0.495540178392864,0.504459821607136,-0.736844051334825,-2.11409498535775,-4.13912014173352,-5.19459639380057,-9.86345150796276,-6.26627044182065,10.880657148171,87.6601602602573,20.4324767148259,86,76,98,88.19399224031,21.0437777760998,87,76,99,35.4516352679241,27.9380100083818,34,12,53,0.168063778925557,0.0161633534272249,0.168888888888889,0.161111111111111,0.175438596491228,0.645815949863837,0.227400709912173,0.617283950617284,0.461538461538462,0.844444444444445,0.350628223237085,0.0817870027587083,0.345098039215686,0.301960784313725,0.392156862745098,36.2439202659394,8.68039551781911,35.9425305104098,31.313223934547,40.8928375452534,-7.86074142771012,2.52058340439803,-7.89499721817771,-9.43290237505986,-6.39356620472875,29.1672400393472,6.649438324004,29.7173808262294,24.6623209378959,34.0831062664758,53.2761889524425,14.7044235093656,0.428089220193206,0.503113208804981,0.998706718397931,0.234203965174726,0.0961739253656223,0.233258468957155,0.433353498271021,0.421704945150792,0.415328024616824,0.43330180763643,-0.017973783019606,0.137541417698354,7429,0.102993165213292,0.0641074183606371,0.0340495654954386
1,"Ulmus carpinifolia",26,"l1nr026.tif",68808,1454.31998462215,30.738382421686,0.40881691306871,0.40881691306871,0.798453842547792,431.052007362532,245.231310204342,1.75773642853089,1.73906276981737,0.00653993721660273,0.650928585977069,0.913681722514723,295.988287934062,8.71991628880363e-05,0.499956400418556,0.500043599581444,-0.73507694127018,-2.12980944986136,-4.51289615031472,-5.25240174502452,-10.2786165126991,-6.55477582620807,10.2927446300852,87.3450470875453,21.4136550651954,83,75,95,91.9315777235232,20.8376379956052,88,80,99,17.5021073131005,26.8344063616098,6,0,25,0.176889054584772,0.0146669358014462,0.177489177489177,0.172619047619048,0.182291666666667,0.846331842030566,0.191824398026477,0.931034482758621,0.744897959183674,1,0.36188689869623,0.0830991149381532,0.345098039215686,0.313725490196078,0.388235294117647,37.2423565242264,8.48065118471517,35.6016546345828,32.28542800124,40.3179533440549,-11.4743128409624,2.60768130416445,-11.6825628960042,-12.919350918419,-10.386240321954,38.1517582791728,5.78894925482399,39.1699199644548,36.4499887517915,41.084331626465,79.01600104639,14.7686345606513,0.479804501016995,0.885289501220788,0.997849087315428,0.154938379258226,0.0829160162168272,0.229627308996007,0.493356337167809,0.468838823606647,0.458931470021232,0.474955207547722,-0.0160237375264896,0.129139525349611,6429,0.0976176376804992,0.0601552354825855,0.0330261013979666
1,"Ulmus carpinifolia",27,"l1nr027.tif",81797,1507.55757467539,27.7850023957007,0.452271712465413,0.452271712465413,0.762329564548906,447.980018415205,268.651420331195,1.66751405171405,1.62887077463805,0.00641832830054889,0.679656682727276,0.954774925150137,322.718414474139,0.00869225032702911,0.495653874836485,0.504346125163515,-0.755338949504844,-2.28598204197389,-4.88482028945132,-6.25308594850299,-12.1056974424331,-7.66055081731164,11.8906221606274,92.9557074220309,19.5168550309627,92,81,102,95.2613665537859,19.7780112780459,94,84,104,39.0081421078997,26.2296684702825,39,22,54,0.173179360475683,0.0155821927443256,0.173809523809524,0.166666666666667,0.180327868852459,0.623525299808053,0.19645932564874,0.584269662921348,0.479591836734694,0.752577319587629,0.375969587071964,0.0779571738873178,0.368627450980392,0.329411764705882,0.411764705882353,38.9869625834393,8.01789104733972,38.5378422484285,34.3335983576498,42.8387185364923,-9.19548702159551,2.47546840883752,-9.26674245210257,-10.7601639309333,-7.79161310718968,30.6963497893881,5.98298321833758,30.7761506157262,26.833662425862,35.0257924768324,58.5588835776378,14.0002722937832,0.427695230540309,0.710246097045124,0.998826362825042,0.122058266195582,0.0899771924988506,0.207349680294875,0.430840640849901,0.428997527811271,0.41356256124264,0.428204289188624,-0.0146417279459835,0.128182337629357,7704,0.0978223604850486,0.0612026086020358,0.030585594307343
1,"Ulmus carpinifolia",28,"l1nr028.tif",75834,1494.74639149334,29.4625995580131,0.426519411147528,0.426519411147528,0.795457648719079,453.044179237683,261.948612365512,1.72951547689637,1.68699674432413,0.00712081652029428,0.639009488790195,0.944101389373039,310.7327591926,0.00683070918057863,0.503415354590289,0.496584645409711,-0.739197460708606,-2.14762071307164,-4.15672679048101,-5.15308940994444,-9.81530028043862,-6.22710773544106,10.5482720002867,84.3968800274277,19.8860600311894,82,73,94,84.8597067278526,21.0959118269764,83,73,95,21.15553709418,26.9036448469134,10,0,36,0.167675888084079,0.0160133070112518,0.166666666666667,0.161538461538462,0.174242424242424,0.796629094678222,0.21978138439088,0.884615384615385,0.619565217391304,1,0.338305493888355,0.0809942970386252,0.329411764705882,0.290196078431373,0.376470588235294,34.7552744052034,8.60864182775318,34.0598686805276,29.8813244321273,39.1485206652227,-8.55589667753635,2.90645449750465,-8.59151643593345,-10.2145978133905,-7.02830889233419,34.1223184039871,6.49889774196981,35.5952253093915,30.6551051974693,38.3399721958633,64.1669963340988,16.1885521272234,0.457372215499648,0.489674816045573,0.998918690824696,0.302450088350872,0.0955015482471792,0.239411710014803,0.46232608589066,0.448419121847198,0.456422427656748,0.459281175104017,-0.00285874744726838,0.140696684157029,7668,0.105326776736903,0.069610135944191,0.0348628468980876
1,"Ulmus carpinifolia",29,"l1nr029.tif",70739,1407.59206256079,28.0088128837578,0.448657737352602,0.448657737352602,0.829695227956467,457.191814782702,239.3679364574,1.90999605690325,1.83290691273993,0.00785987927451615,0.646389798659129,0.93427986528429,300.112799052324,0.00634727660837727,0.503173638304189,0.496826361695811,-0.720212973449044,-2.00035825395675,-4.06097837611976,-4.93088551791134,-9.42939110514855,-5.93271326134076,10.3912062542832,80.9832200059361,23.8706475213174,80,66,95,83.0296441849598,23.998990041888,82,68,96,16.1023904776714,26.7481115012163,0,0,27,0.171703532063046,0.0147986235891975,0.171428571428571,0.164529914529915,0.17816091954023,0.855318561874953,0.210172826291807,1,0.724489795918367,1,0.328852348414732,0.0942885243281695,0.325490196078431,0.266666666666667,0.380392156862745,33.7485158551647,9.96299234293552,33.3966921099772,27.4222103510457,39.4233497525412,-9.52094991122526,2.80606045842917,-9.53689532169638,-11.246732894766,-7.90253511632064,35.1314429964416,7.10481449504888,36.43706441749,31.4635542785187,39.7783682730859,68.973677886314,17.2477973505939,0.476175483673564,0.643421592049647,0.999052856274474,0.390011167814077,0.0861870651418907,0.286719935241385,0.481418482808485,0.472493757845219,0.46502572401706,0.476213709551679,-0.0111879855346189,0.12958024545843,6541,0.0963711637911983,0.0643173745209318,0.0352858177826102
1,"Ulmus carpinifolia",30,"l1nr030.tif",67696,1468.90577105978,31.8731411642152,0.394262070048739,0.394262070048739,0.806654465542023,430.010060871872,239.645052409683,1.79436235610971,1.77526033410781,0.00799160954857003,0.656925203061396,0.930676326842044,293.586825692829,0.00771094303947057,0.496144528480265,0.503855471519735,-0.732801834575716,-2.09907605932043,-5.81342715721444,-6.67675622737242,13.3199679436715,9.10718722349886,-12.9596740049133,83.7489511935715,20.6711334787383,81,72,93,85.7743145828395,21.329461288891,83,74,95,16.5154514299228,26.0287193131616,5,0,25,0.17108488052914,0.0146939792906729,0.171497584541063,0.166666666666667,0.177350427350427,0.84798279958265,0.195645868973263,0.945652173913044,0.737373737373737,1,0.339404535153697,0.0830670701963766,0.329411764705882,0.290196078431373,0.372549019607843,34.9441071707619,8.702400302702,34.079780421471,30.0046026788867,38.6843188351546,-9.73565730449334,2.62964198728466,-9.90722794559487,-11.4131237877491,-8.33197280297111,36.3176022778114,6.14928582710326,37.5260980087305,34.2062440775835,39.850854296573,71.2842265421889,15.1896731945477,0.472376924912255,0.665386433467265,0.998714842826755,0.297861025762231,0.0858870705543329,0.244743547442631,0.481412611785017,0.463394252811588,0.460510275373406,0.470878150669126,-0.0103678752957203,0.127767734359307,6378,0.0985491123163213,0.0556922703924157,0.0315082726768989
1,"Ulmus carpinifolia",31,"l1nr031.tif",76311,1491.67532368148,29.1582507276833,0.430971347757445,0.430971347757445,0.74860551425464,426.381677185674,270.645580659852,1.57542449481764,1.56282995834404,0.00657834388227119,0.661283476616441,0.945595806769391,311.708490256979,0.0118331564256791,0.50591657821284,0.49408342178716,-0.758121287496848,-2.33570799980719,-4.80015336175947,-6.23408156895233,11.8211934100074,7.43420313053492,12.0311025492781,74.0858067644221,21.8970357532244,71,62,82,77.4989451062083,22.1694731874954,74,65,86,7.64276447694324,22.6304382862034,0,0,2,0.174602846538052,0.0148151236005305,0.175,0.169047619047619,0.180722891566265,0.936910640442273,0.155070397325771,1,0.976190476190476,1,0.305858662475355,0.0868539923999933,0.290196078431373,0.258823529411765,0.337254901960784,31.3015876443021,9.13315588253504,29.9709226825778,26.3217794668213,34.9578132738571,-10.258592596076,2.78367011099738,-10.4819137122667,-11.9748642515846,-8.86220990832837,36.222354668046,6.54686836005465,37.1783832471531,33.9972636127329,39.9138023822873,73.2693189710509,16.2053867113861,0.498030358265673,0.788339819947321,0.9989909711575,0.555345887224647,0.0848504122895347,0.283967736643797,0.509570872345505,0.494874515715419,0.485488384620533,0.486180357601704,-0.00069197298117124,0.1278801686152,7217,0.098454360667367,0.0592941208073067,0.0320103368525251
1,"Ulmus carpinifolia",32,"l1nr032.tif",78423,1509.37380849131,29.0502696117155,0.432573287006305,0.432573287006305,0.810916670547989,458.767030516886,255.029806822364,1.79887612445408,1.76265165961503,0.00615890746337167,0.670286249627476,0.945316690674365,315.99250753264,0.00720451908241205,0.503602259541206,0.496397740458794,-0.733962994397071,-2.08779411922354,-4.29944039515183,-5.23336021641341,-10.0015762826352,-6.27748381803386,-11.0395156527599,88.3760758961018,18.5021462304645,87,78,97,89.5166851561416,19.7964096173676,88,79,99,48.41217499968,24.6518987297187,50,34,63,0.17167311673513,0.0194984980146862,0.170940170940171,0.161290322580645,0.180952380952381,0.495084035902869,0.191346380457107,0.446808510638298,0.363636363636364,0.579915966386555,0.355034649948882,0.0761996792128685,0.349019607843137,0.313725490196078,0.392156862745098,36.9018000997579,8.06888061956661,36.5802672310462,32.5325231765335,40.8990126648745,-7.05579760594103,2.40494252718054,-6.88675557760243,-8.42483715049588,-5.48399514473361,23.2770955881343,5.76925806060478,22.5843574707304,19.3081828805686,27.1310052931415,42.2451194164983,11.9859646214082,0.401998785010299,0.55124134501358,0.998061793096413,0.192086505234434,0.113579215382864,0.214626034414426,0.400706128363128,0.403912761318832,0.392942321772235,0.408347253598629,-0.0154049318263939,0.131021859083192,7489,0.0993341468590832,0.0599803588029439,0.0332214211600989
1,"Ulmus carpinifolia",33,"l1nr033.tif",67543,1401.97683887164,29.1005590028948,0.431825746478242,0.431825746478242,0.789134637186551,419.012228655933,243.278273499676,1.72235778653079,1.69676479762555,0.00723983240306181,0.662598309562305,0.950239167135622,293.254869644218,0.00916453222391662,0.504582266111958,0.495417733888042,-0.745312201460525,-2.18005596188031,-5.3093134079044,-6.02167550162381,-11.6914398620823,-7.2623436722649,12.5424694270256,81.094784063486,21.4688042383287,79,70,90,82.8562249233834,21.9821206229045,81,71,92,13.7700872037058,24.5591356875491,2,0,19,0.170752154231316,0.01592189685242,0.171171171171171,0.164658634538153,0.176706827309237,0.873629227282363,0.183626568257559,0.973684210526316,0.794392523364486,1,0.328310070012044,0.0862423171998696,0.32156862745098,0.282352941176471,0.364705882352941,33.7287730501127,9.01558692051863,33.12800563787,28.8313945104159,37.7362377479202,-9.53354771493627,2.75776572088096,-9.63529713105898,-11.1554775619684,-8.11333039689055,36.2314138168802,6.31341768782812,37.4119651346203,34.0529318265047,39.7732294236668,70.8475785795707,15.7292050563276,0.477787771167909,0.646654723657522,0.998682320891876,0.369527560220896,0.0932456567289051,0.262685567134814,0.489227888953146,0.475218404213537,0.465216313675153,0.465087118123195,0.000129195551958172,0.12737721886635,6175,0.0953977351727974,0.0560560357402463,0.0319613260958168
1,"Ulmus carpinifolia",34,"l1nr034.tif",70966,1433.1484117469,28.9422310697045,0.43418804113941,0.43418804113941,0.813585905526577,440.09955992171,237.3934102702,1.85388279910883,1.82683373164846,0.00636924724515964,0.679251698823616,0.953056277405102,300.593941275728,0.00467829664909957,0.50233914832455,0.49766085167545,-0.733510206711139,-2.07836959213829,-5.40469019551632,-6.70195957626996,-12.7561776475813,-7.7471282388533,13.9486372474336,87.234760307754,20.2843684489241,86,76,97,90.4180170786019,20.3037341254566,89,79,100,22.1501705041832,25.9010497601666,14,1,36,0.174291558213718,0.0129221312349734,0.174698795180723,0.169117647058824,0.179738562091503,0.791648365446541,0.202161882715694,0.839080459770115,0.631067961165048,0.987654320987654,0.356041142043719,0.0800242468224622,0.349019607843137,0.309803921568627,0.392156862745098,36.7842257448553,8.32643443531353,36.2977539486594,32.0790580572842,40.6976828102107,-10.4001585811506,2.32494290063047,-10.4886968543859,-11.8770144931166,-9.08688999093013,35.8618349327145,6.02959494758688,36.911185187533,32.8951658227412,39.5721484037217,71.4511033452632,14.8394578511477,0.46426982359083,0.791604430290562,0.998971338387397,0.193529295719077,0.0741408895144951,0.224761234441481,0.468680272048761,0.460071442949287,0.46205465054002,0.461544806078789,0.000509844461230646,0.133026781648034,6667,0.097944732550794,0.0615295465100692,0.0324184328326307
1,"Ulmus carpinifolia",35,"l1nr035.tif",63385,1264.98188950552,25.2453921397328,0.497768881735111,0.497768881735111,0.790950980949697,417.099954367172,238.642462315066,1.74780276033399,1.74067676102019,0.00506428965843653,0.636793513434267,0.953143561750951,284.085002319796,0.0192632326260156,0.509631616313008,0.490368383686992,-0.743039293189327,-2.16970442030962,-4.63914844060727,-5.76230537811295,-11.0308859355975,-7.45478931449332,11.2486669382373,83.2769424942803,22.9295350322052,82,70,94,78.7208330046529,25.0094186284198,77,65,91,13.3805474481347,26.0050929411222,0,0,17,0.154753244497835,0.021018231588378,0.155172413793103,0.148373983739837,0.162790697674419,0.882845471165624,0.192750116879058,1,0.818181818181818,1,0.32924719307933,0.0924414313635375,0.325490196078431,0.274509803921569,0.372549019607843,32.5940959857158,10.1784085148311,32.2615982158695,27.0953982733405,37.589779431733,-5.91972023267625,3.74425569649962,-5.98766012923663,-7.98386173689833,-4.07428114988337,35.2548523361849,7.56287004970997,37.073537994411,32.490443848727,39.813867759625,60.784176066892,18.9415704839551,0.456107477235125,0.154989350792774,0.996639583497673,0.371933422734085,0.135817711097193,0.280766041520963,0.457369239003604,0.44480046700949,0.461861468357005,0.465342020438578,-0.00348055208157272,0.137879435656263,5953,0.0978886440622225,0.0587070188411721,0.0365573852166687
1,"Ulmus carpinifolia",36,"l1nr036.tif",61690,1307.22453019264,27.7003723834881,0.453653490299281,0.453653490299281,0.706994358473225,373.245387375306,247.527682914442,1.50789351308362,1.49344969059306,0.0063381423245259,0.667723320543458,0.946289010070331,280.260856194211,0.0160804020100503,0.508040201005025,0.491959798994975,-0.768480247835778,-2.49157127279593,-5.12743784813166,-6.47590395684061,12.9794197304733,7.88388232551439,12.2863202787345,90.9191278975539,21.7361429947245,87,78,99,94.3476252228903,23.0967123946963,91,81,104,6.71105527638069,22.8558795402702,0,0,0,0.172528867814031,0.0118134371340644,0.17351598173516,0.168439716312057,0.178294573643411,0.953970276804428,0.139090464941076,1,1,1,0.372510623961044,0.0899184516069011,0.356862745098039,0.317647058823529,0.411764705882353,38.2278363027531,9.15809502890347,36.9088981352123,32.8953308166098,42.2243028487414,-11.5842709784449,3.3168877471389,-11.6825628960042,-13.7353756707236,-9.76917875056734,42.874581819625,6.78749064758602,43.3312573285292,40.1420390978719,46.6653871327009,91.0650672718428,20.3285551658876,0.498734740844284,0.763786675312044,0.999594747933214,0.161144431836602,0.0684722343296535,0.241384931278952,0.506623166728147,0.495903779857299,0.490250200293626,0.490773844766609,-0.000523644472982754,0.12780515895195,5719,0.096861609335569,0.0470097359060533,0.0284132319312251
1,"Ulmus carpinifolia",37,"l1nr037.tif",76426,1445.73419818452,27.3486427629373,0.459487906704791,0.459487906704791,0.780075293934894,447.00769044916,262.477486083634,1.70303250430679,1.68076573090366,0.00599272498887815,0.651379486065649,0.950453923641338,311.943272801209,0.00779839321696805,0.503899196608484,0.496100803391516,-0.747333350881485,-2.21307612804683,-4.61792071460987,-5.89841061722193,-11.1611495178149,-7.03135155228456,11.9971243012382,83.1891764582728,21.73863928964,83,70,95,82.8993405385596,22.8135870272282,83,70,95,24.1494910109104,27.1655266217978,16,0,42,0.165386894408755,0.0160309786687657,0.166666666666667,0.158333333333333,0.173333333333333,0.762440317495454,0.225313375491509,0.807692307692308,0.566037735849057,1,0.332167422748546,0.0874034680125821,0.329411764705882,0.27843137254902,0.376470588235294,34.0070187352099,9.41099230153068,34.1526731596238,28.6423891917985,39.1267651884382,-7.81970403012634,2.88379998947484,-7.89833180722055,-9.61029014634779,-6.21047247663373,32.0432851432268,6.65120191211804,33.1988880439639,28.0553187137247,36.6136251798173,58.4600136079331,15.8551813389386,0.447946747456355,0.421872137754167,0.99912333499071,0.339531049642792,0.0969301626295419,0.263130764077417,0.456126508068132,0.441509053517165,0.446819098107077,0.438725098716799,0.00809399939027827,0.136130498074909,7358,0.10010475762894,0.0613296190768274,0.0352580610011624
1,"Ulmus carpinifolia",38,"l1nr038.tif",89365,1571.59920523573,27.6386064107601,0.454667302236589,0.454667302236589,0.77951756034822,467.548104038071,281.231715840292,1.66250133858866,1.64446087859196,0.00551670116936165,0.679636763260217,0.952139957595065,337.317434941122,0.00309964751300845,0.501549823756504,0.498450176243496,-0.747660499252567,-2.21551570493468,-4.16201979062721,-5.2649473928566,-10.0162885095865,-6.40537353733476,10.3763858617771,87.4816762714714,20.9268516261799,87,75,99,90.2799977619877,21.4524048651847,90,77,102,26.3332177026813,27.0919018428707,21,2,44,0.173547792842987,0.0144494762302046,0.173913043478261,0.166666666666667,0.180555555555556,0.749330226435756,0.220036438629994,0.771739130434783,0.561904761904762,0.975308641975309,0.356316450599711,0.0838635976507095,0.352941176470588,0.305882352941176,0.4,36.7835069826749,8.79542440567919,36.7489469417042,31.5895244445112,41.6621170667008,-9.87790880320435,2.7250057187006,-9.90308636946846,-11.6850337128595,-8.18087956732699,33.9716939658926,6.71686619789519,35.0058953828487,29.8816935769379,38.388630289967,66.7451015498236,16.6290060610578,0.454418398349002,0.72004699826554,0.998567671907346,0.224506238460247,0.0832593483918175,0.235362687504877,0.458028240489064,0.450255921087684,0.457350306183144,0.449861108821199,0.00748919736194464,0.136045108594765,8796,0.102051234453314,0.0639621286527149,0.033097260764121
1,"Ulmus carpinifolia",39,"l1nr039.tif",77011,1487.9179643686,28.7478395124175,0.437124000533368,0.437124000533368,0.796180120840267,458.387652313353,261.27000814859,1.75445951703977,1.70007398053111,0.0061030242432899,0.643028606041188,0.934945580585047,313.134876019264,0.0102712599498773,0.505135629974939,0.494864370025061,-0.737314810184299,-2.14154751302096,-3.80867554703182,-4.75937039017411,-9.10625156810115,-5.95964607856186,-9.34326099174362,80.6531144901374,24.2487330743987,77,67,91,84.8410356962001,23.812175692138,82,71,94,15.1251509524626,29.1517323804279,1,0,20,0.177737313379037,0.0334679614016338,0.176923076923077,0.171361502347418,0.182291666666667,0.868553526868891,0.204179521222034,0.988636363636364,0.78494623655914,1,0.333980656188409,0.0945365141092604,0.32156862745098,0.27843137254902,0.368627450980392,34.3134722747169,9.76174984069069,33.0383838267084,28.6509363590432,38.4204313389997,-10.7878509319323,2.7054539549597,-10.9221078890249,-12.3891231320888,-9.45922861963991,36.1143502298273,6.8381324765545,37.4415668231625,33.767955706234,39.9289680105758,73.9038059498002,16.8312890723917,0.48555697868682,0.856176390385789,0.996649829245173,0.377881081923362,0.188300141242492,0.283059848151414,0.495405084911022,0.476024424773787,0.477080991543887,0.481608550109088,-0.00452755856520121,0.130267940385629,7576,0.102365928468159,0.0694629589165332,0.0347562264830548
1,"Ulmus carpinifolia",40,"l1nr040.tif",81039,1530.44487630318,28.9028926739304,0.434778994480842,0.434778994480842,0.766200299992522,452.886656102114,269.976699966021,1.67750274804868,1.64711938003415,0.00619454830390309,0.66279353570496,0.945441606243911,321.219643648692,0.00549118325744395,0.502745591628722,0.497254408371278,-0.753285947315422,-2.2694482814708,-4.762383474355,-6.03426388599958,-11.445598519893,-7.17296351907382,12.0502831531035,91.0935969101314,24.4216902043134,89,78,100,88.3260899073274,25.4951127533245,86,75,98,40.7340292945363,33.5332602614544,40,17,57,0.161580013665745,0.0599666375547093,0.157232704402516,0.148550724637681,0.166666666666667,0.605101749222866,0.228141227789822,0.556962025316456,0.431818181818182,0.783075699022505,0.359914773545248,0.0972038286109167,0.352941176470588,0.305882352941176,0.396078431372549,36.6248449503269,10.2489188848987,36.006989355849,31.1823365462859,40.729317204589,-5.75865146292712,2.81493548002582,-5.75272921917738,-7.45193009723344,-4.10485215500511,27.1207445392457,6.80650097047891,27.2951148530355,22.8212405698649,32.220574624859,44.8245536099909,14.6072125843206,0.411470879023802,0.200915608534163,0.991399202852947,0.211614161082935,0.37112657576347,0.270074571775315,0.410862678195592,0.407445602901589,0.411073371731471,0.418564946527228,-0.0074915747957568,0.131041559774243,7728,0.0991277578245254,0.0618081884213571,0.0337081868365975
1,"Ulmus carpinifolia",41,"l1nr041.tif",62884,1582.97178823776,39.8479689961938,0.315357869696182,0.315357869696182,0.805165136681539,447.602531338791,227.822582127091,1.96469782389305,1.73423640596895,0.016268049106291,0.616667208491187,0.852196420948496,282.960059957454,0.000222632148082183,0.500111316074041,0.499888683925959,-0.725555695272379,-2.08933801999232,-4.01822593398768,-4.40536363722528,-8.63811911569604,-5.61185554404652,9.13522881294114,96.441956618534,21.6023891749546,94,84,106,97.8322466764191,21.466586308092,96,85,109,47.2772724381402,27.1120261863506,47,30,62,0.17159740044716,0.0253985742139657,0.172222222222222,0.163934426229508,0.1796875,0.551723522737057,0.179869219231345,0.523057293881767,0.424778761061947,0.658227848101266,0.387612672446372,0.0854508639584596,0.380392156862745,0.337254901960784,0.427450980392157,40.1684773104612,8.73020145136815,39.572856441257,35.0897652323713,44.6352595087967,-8.28366711142733,2.78543432316597,-8.43658864473391,-9.89119702611548,-7.02312151434151,28.0208129643994,6.12947553039466,28.1449127780631,24.3672444910285,31.9001127207223,51.9452642961635,13.679951211466,0.41234386103194,0.633404363590102,0.997328414223014,0.112763183003626,0.148012580608843,0.220454257077541,0.416161706223681,0.41312245747148,0.404318734272562,0.406983224876367,-0.00266449060380564,0.125952600284733,5743,0.0961895988610669,0.0599537547295245,0.0346215054856717
1,"Ulmus carpinifolia",42,"l1nr042.tif",62861,1358.37885912519,29.3535439289586,0.428104035573091,0.428104035573091,0.861890772637085,460.044874667136,216.199834424208,2.12786876498932,2.06473625556074,0.00634733777700003,0.632012593180162,0.933653160646388,282.908308505772,0.00265665515979701,0.501328327579899,0.498671672420102,-0.697009573919856,-1.85098048148115,-4.20245144936815,-4.89622309420299,-9.46024482857211,-5.83510385733366,10.037809351978,82.7904264965566,21.7231272686663,81,70,94,84.8222427260147,22.1225413654389,83,72,96,21.0440972940314,27.6219690592617,8,0,37,0.171799016912695,0.0138006901872513,0.17156862745098,0.164383561643836,0.178787878787879,0.800255401649391,0.223260781406049,0.901234567901235,0.618556701030928,1,0.335814437768235,0.0864479219324065,0.329411764705882,0.286274509803922,0.380392156862745,34.5692351601727,9.1153822390821,33.9053757957559,29.2549656821132,39.3948103941481,-9.35037578273066,2.68241130506729,-9.38140556044648,-11.0902068074838,-7.72860528213884,33.9408554847564,6.55953091507389,35.4759514627834,30.3658589706413,38.2788890330157,65.8099616614418,15.7969969608574,0.463975517339082,0.639013060562193,0.999347767296098,0.337363389064762,0.0803304370125359,0.257427650369939,0.468870396377357,0.459133266128313,0.454318419666552,0.465739497421889,-0.0114210777553371,0.12803407143689,5973,0.099369478780216,0.0623447199624825,0.0340142773469673
1,"Ulmus carpinifolia",43,"l1nr043.tif",75332,1462.31998462215,28.3860741441263,0.442694912672855,0.442694912672855,0.763324024410592,444.241281242437,267.775444206938,1.65900679413727,1.63358145689641,0.00529655392130834,0.633271343945197,0.936039612572146,309.702569224069,0.00653108904582382,0.503265544522912,0.496734455477088,-0.752197945957036,-2.27650606891686,-4.95154494798326,-6.46741668836179,-12.1964741471807,-7.65316538082985,12.7091203673904,82.6990787447557,20.9748768670012,81,71,93,82.7304067328617,21.7234240893134,82,71,93,25.2284553708926,27.6925836693012,18,1,42,0.16655903378437,0.0187168127449251,0.166666666666667,0.15952380952381,0.173758865248227,0.748433435640917,0.228882288706958,0.780487804878049,0.555555555555556,0.985915492957746,0.330559832917396,0.0840729869361636,0.325490196078431,0.282352941176471,0.368627450980392,33.9398202986103,8.98260465049288,33.6601717949973,29.1294975753643,38.4243401324211,-7.88230361610456,2.70850318065116,-8.01092564380308,-9.51424439115617,-6.38829498145521,31.47536685194,6.5160826524226,32.744645340484,27.6537252424731,36.2039581066489,57.5332793500788,15.0284060938264,0.446771147480704,0.45414963096692,0.998898210587798,0.339948494663622,0.112373446262799,0.254335156028584,0.453216847981852,0.440648921242356,0.44041071743923,0.443852322027879,-0.00344160458864923,0.129383964845369,6976,0.096398861343725,0.0571499786219936,0.0318302780427526
1,"Ulmus carpinifolia",44,"l1nr044.tif",66814,1395.1656556896,29.1329243394466,0.431346007971607,0.431346007971607,0.810914014688913,434.245098478212,237.008190278159,1.8321944822606,1.79137619476372,0.00646571077917801,0.649186071785203,0.94532952262373,291.668008087852,0.0116143323255605,0.50580716616278,0.49419283383722,-0.731896386897121,-2.08366938072408,-4.71550650162579,-5.94644560019014,-11.2785136351231,-7.00790796085886,12.4272364296447,83.8989134013831,20.3901549573951,83,72,94,84.46765647918,21.2640138883891,83,72,95,29.1756069087328,27.6413379459178,25,5,47,0.168087519506296,0.0157690383328728,0.166666666666667,0.161290322580645,0.174603174603175,0.704475891736104,0.229573796212161,0.703703703703704,0.508771929824561,0.936708860759494,0.335730564863416,0.0824134568142262,0.329411764705882,0.290196078431373,0.376470588235294,34.6490448389021,8.75933930623631,34.2159415413211,29.6836446688285,39.32930227247,-8.01964584720418,2.45931379910542,-7.95153322539194,-9.45851952328969,-6.54322627436735,30.4221151159793,6.3797142052619,31.3664222908138,26.2348137239013,35.01809276032,55.8607926482464,14.4312093470453,0.439597830450801,0.484614003053252,0.998772712305804,0.312419552788338,0.0938144502659978,0.245474988558992,0.441077084642396,0.437304675654911,0.436139941775634,0.441337533775633,-0.0051975919999992,0.134911704953899,6565,0.102594155336771,0.0609641533909236,0.0330552525480803
1,"Ulmus carpinifolia",45,"l1nr045.tif",77979,1406.17784899842,25.3572903347545,0.495572296900187,0.495572296900187,0.688809724853434,402.18281403632,280.219957207851,1.4352397239787,1.44315849721166,0.00464227548442531,0.691918735775085,0.967097430300625,315.096725560427,0.00080790982187512,0.500403954910938,0.499596045089062,-0.774058398041021,-2.56256757704246,-6.24670607849151,-8.65282822053663,16.5921241500262,-10.5360664190968,16.1266693764329,81.2369484091849,22.5208510383489,81,69,92,86.1121455776547,22.6652891806925,85,73,97,4.47056258736375,20.2145964762492,0,0,0,0.176684305743826,0.0138312683327319,0.176587301587302,0.170682730923695,0.18213058419244,0.969375072492175,0.122906069912222,1,1,1,0.339084253201402,0.0890177153166671,0.337254901960784,0.286274509803922,0.380392156862745,34.7145057475664,9.27386450912193,34.6184821536952,29.5494323803462,39.1518896511449,-11.8021828061327,3.05333915418771,-11.9757633568933,-13.7458184073376,-10.1133129723992,40.344393618411,7.55189326332473,41.5812436664734,37.3739232767275,44.9533310820335,86.5167801587567,20.0447928704273,0.509297269218187,0.84264994421575,0.999345977763244,0.30913451057336,0.0782823816536565,0.262523883706479,0.513980488853043,0.509166287258022,0.507840498063764,0.500393289952604,0.0074472081111604,0.117934384774073,6760,0.0899713848406202,0.0501528675198589,0.0279476780262358
1,"Ulmus carpinifolia",46,"l1nr046.tif",64764,1333.89357775096,27.4731652888217,0.457405271007204,0.457405271007204,0.804538114531947,425.460403827404,230.488907291789,1.84590403428305,1.83808208070955,0.00629979618306464,0.660426493741007,0.954545454545455,287.158642348142,0.00741152492125255,0.503705762460626,0.496294237539374,-0.73750860521855,-2.11524552612391,-6.0990592060115,-6.86647162236649,-13.9545308064157,-8.03763212218024,-13.3630375158077,84.9832005435133,22.1891305522337,85,73,96,87.9235840899291,22.3933607796598,88,76,98,12.9389166821089,25.2072552159609,1,0,17,0.173356771944827,0.0153431840450702,0.173076923076923,0.166666666666667,0.18,0.889202229349749,0.181130839449447,0.99009900990099,0.827272727272727,1,0.347778419625525,0.0874296378150073,0.345098039215686,0.301960784313725,0.388235294117647,35.6933199194988,9.1948122449328,35.7228531952493,31.0566041801753,40.0424450810497,-10.560397596188,2.94103715483144,-10.7173355672865,-12.5216971414646,-8.89002612059536,38.3229163524504,6.88998637382954,40.0273235810315,36.0630252618828,42.4690853888126,77.9250509542348,17.0601681343269,0.485180682223313,0.697053918843802,0.998857389907974,0.240287814217775,0.0885064009004906,0.251394660018738,0.494619250042285,0.477445530887315,0.476242243959481,0.479741990983023,-0.00349974702354156,0.129743928577184,5985,0.0964498090342127,0.0518796726832434,0.0314089091958633
1,"Ulmus carpinifolia",47,"l1nr047.tif",74533,1433.23167286758,27.5603159420767,0.455958873648974,0.455958873648974,0.813091776316867,443.830410595131,245.660191220578,1.80668429992638,1.78520274566056,0.00568875531643698,0.683591667786616,0.955949594382275,308.055779020206,0.00631934847651376,0.496840325761743,0.503159674238257,-0.733953063419468,-2.08083230474214,-4.65299353938347,-5.76734710328765,-11.3574908366461,-7.34309086261061,-11.0189751873218,88.8833402653851,20.7718580921634,88,78,98,90.2007164611656,21.135097920487,89,79,100,33.0597050970728,27.0871210696491,31,10,50,0.170023743260814,0.015430085750675,0.170289855072464,0.16374269005848,0.177248677248677,0.675732641632102,0.217710364487091,0.654320987654321,0.5,0.875,0.357123190333114,0.0826807114344315,0.352941176470588,0.313725490196078,0.396078431372549,36.9562778720605,8.70017310761484,36.734588550806,32.563777809716,41.1821381420268,-8.66938858957215,2.46745100561184,-8.73715366084157,-10.2661403271827,-7.25201602164099,31.1562044000655,6.63568298885993,31.9470998328047,26.9785587820687,35.9583911531014,58.458387559871,14.917077990005,0.43554610340275,0.593938255537815,0.998376558034696,0.190640387479372,0.0907525346989503,0.231518740426211,0.441755533332025,0.431151502978082,0.42726507847407,0.433190510941791,-0.00592543246772109,0.129121876308809,7176,0.100181488203267,0.06388278724018,0.0335970062419135
1,"Ulmus carpinifolia",48,"l1nr048.tif",70739,1381.75144212723,26.9898789609786,0.46559566393489,0.46559566393489,0.770075355787583,428.314442218395,250.886821810607,1.70720183358904,1.69549391356153,0.0056404529326114,0.658291651923681,0.954095154600937,300.112799052324,0.00320897948797693,0.498395510256012,0.501604489743988,-0.751769721859551,-2.25398482740657,-4.79057243471655,-5.4966928856485,-10.6404632509352,-6.63404156557454,12.2392965334942,85.1593180565187,22.2529654415344,82,72,95,94.4011082995232,21.3771664955676,91,82,104,4.16569360607267,20.3358213957872,0,0,0,0.184192090741366,0.0116517490310429,0.18380062305296,0.179012345679012,0.188988095238095,0.973553105490412,0.119696853875575,1,1,1,0.370579559379981,0.0844746537957212,0.356862745098039,0.32156862745098,0.407843137254902,37.745244290987,8.67405198382186,36.5929783566019,32.6382153658515,41.8051126322655,-14.5809063786972,2.67322462504303,-14.7857987304307,-16.2704171058429,-13.2456376559139,43.0512511528425,6.8791878626153,43.2666420916191,39.9931185834983,47.1766676238428,99.4772049364573,18.932686171941,0.522509569088117,0.969012850054425,0.999561769321025,0.145549131313702,0.0632586823944851,0.2279528145295,0.528500999689547,0.519487158150213,0.513639142044788,0.518580833460209,-0.00494169141542034,0.1276996687523,6573,0.0967684946632315,0.0582023629292465,0.0303401468601564
1,"Ulmus carpinifolia",49,"l1nr049.tif",66950,1375.10678118655,28.2437439830507,0.444925808062145,0.444925808062145,0.801921995206708,431.441147153675,244.199414399909,1.76675750109348,1.70682320994418,0.00713965646004477,0.635454414622435,0.935375931708476,291.964702524156,0.0142494398805078,0.507124719940254,0.492875280059746,-0.733652555493199,-2.11588580914022,-3.95671880904957,-4.98504402272751,-9.45748847616204,-6.06004433545501,10.5280989412205,85.0565496639283,21.6505558088942,84,72,97,82.0562061239735,23.1075620584152,82,69,94,29.6598805078429,29.4743191150724,24,2,50,0.157000716435302,0.0193719042403715,0.157738095238095,0.148148148148148,0.166666666666667,0.70662603236422,0.245847614443252,0.7125,0.483516483516484,0.972972972972973,0.336524476855716,0.0865675807410802,0.333333333333333,0.282352941176471,0.380392156862745,33.9886060707787,9.51092859497648,33.9244195744992,28.5211292395936,39.2392440719814,-5.91455257245818,3.166820574402,-6.0085560857813,-7.9735318617363,-4.01934729145559,29.3957852602558,6.98705085587873,30.3963060632388,24.3606773268397,34.8550337770459,49.3959820761755,16.2699234235722,0.428777692842822,0.218909634055265,0.999193427931292,0.330201643017177,0.123387361260654,0.257240071488042,0.431560336359701,0.421794374975614,0.416529942309108,0.440444185121262,-0.0239142428121541,0.138311465702621,6748,0.105151619035747,0.0688861644436043,0.0371280951016106
1,"Ulmus carpinifolia",50,"l1nr050.tif",67969,1383.44992693706,28.1589209837155,0.446266056203872,0.446266056203872,0.819376618678284,439.707875233506,232.637091869902,1.89010218318669,1.8752978507293,0.0063411261016052,0.664458216546576,0.950655272249185,294.178208941628,0.0177286704232812,0.491135664788359,0.508864335211641,-0.729233339926314,-2.05133526252079,-4.70022091680724,-5.9937886447425,11.6022119607087,7.10832585232691,11.4182533364576,87.6816489870369,20.8297608239101,86,76,97,86.5550324412586,22.2676379289341,85,75,96,17.7130897909314,26.4998895049307,5,0,29,0.163628995671628,0.0163935950513303,0.163398692810457,0.157276995305164,0.169491525423729,0.839223011610797,0.198868726936585,0.938271604938272,0.703296703296703,1,0.348755012016724,0.0846489893480524,0.341176470588235,0.301960784313725,0.384313725490196,35.5616107140724,8.99960650014751,35.0754642640919,30.6904667310135,39.7329477383211,-8.15069038447173,2.89821971669346,-8.09503083160193,-9.76897525221682,-6.54322627436735,36.5208515944578,6.39849228936336,37.9040844647341,33.920955677495,40.1876094766885,67.7153261045488,15.7944273916154,0.460362698989455,0.313819535376422,0.998087363356824,0.242242787152967,0.100187591348673,0.242717627528391,0.468084629898093,0.44877676394529,0.463220294516426,0.457493026245417,0.00572726827100856,0.125631148421553,6329,0.097131631854387,0.0522389946719446,0.0303266988964769
1,"Ulmus carpinifolia",51,"l1nr051.tif",71768,1389.30779131333,26.8946625098083,0.467244034379547,0.467244034379547,0.820375428997293,448.318213664029,244.373131622737,1.83456426116494,1.78290900161019,0.00548991193846837,0.65507497086077,0.948885421900204,302.287703432596,0.00236874372979601,0.501184371864898,0.498815628135102,-0.72782156280013,-2.04532402275565,-5.80354134053764,-6.70868446509929,-13.2358513984596,-8.04068052135107,13.038254624137,84.403968342438,21.053942527791,83,72,95,86.2072372087826,21.7990570968473,85,74,97,13.4739159513987,24.2974284827121,1,0,19,0.170307810779668,0.0145034167854048,0.170940170940171,0.164444444444444,0.176829268292683,0.879705384286303,0.181450678248872,0.987012987012987,0.804123711340206,1,0.341849609088982,0.0848861504083766,0.337254901960784,0.294117647058824,0.380392156862745,35.1073949103702,8.87454781686641,34.5834544163368,30.1492247942373,39.4882262851818,-9.84254480848429,2.97289375923615,-9.9288064907643,-11.6825628960042,-8.18087956732699,37.6761000115271,6.47620718718852,38.8618824567225,35.1198128781804,41.2920585578431,74.5365901237313,17.27293098644,0.478827975756506,0.629180135993758,0.999345112027645,0.296274105450897,0.0851600207521208,0.248314311039528,0.484377032916431,0.477881160429637,0.475868816462502,0.468971564078615,0.0068972523838875,0.124508766078394,6580,0.0954190170971157,0.0584294372299361,0.0311446032356882
1,"Ulmus carpinifolia",52,"l1nr052.tif",82792,1454.60425586961,25.5564975021015,0.491709421970904,0.491709421970904,0.79082558955198,429.026586297038,265.157560102492,1.61800623799376,1.62086881724884,0.00433616774567591,0.727780062699943,0.968729706486319,324.67529685474,0.000410667697362064,0.500205333848681,0.499794666151319,-0.743436461856098,-2.17089951684988,-3.89271582019629,-4.87300170804938,-9.25742460278234,-5.95846241405211,-10.3278827182156,88.2954633297906,20.7716244109544,87,76,100,88.2147429703373,21.3403843060009,88,76,100,21.7780461880365,26.6389502882743,11,0,38,0.166126313792539,0.0172837818762481,0.166666666666667,0.159863945578231,0.173333333333333,0.797745844795956,0.213863226206282,0.875,0.62037037037037,1,0.352873963383789,0.0828418763501231,0.349019607843137,0.301960784313725,0.4,36.1747365105099,8.76179122494435,36.0413904790391,31.1312590585237,41.0779577658061,-8.58131142556791,2.98556644156977,-8.74899220158379,-10.4573256339081,-6.9718798373658,35.3430032096582,6.62981211910255,36.6400586198416,31.6166681135279,39.8195570421193,66.3559764228443,16.9062151064401,0.456423797075836,0.454150159435694,0.998840467678036,0.233911489032757,0.104040000513057,0.234763356641477,0.464607477162049,0.454817627814726,0.454528547505323,0.440798645993701,0.0137299015116214,0.136148999862223,8084,0.101253773218602,0.0646843427708588,0.033258268843387
1,"Ulmus carpinifolia",53,"l1nr053.tif",82662,1519.27330342792,27.9232461168227,0.450032584384536,0.450032584384536,0.749116666312927,446.888433090169,277.819902921508,1.60855442101435,1.58997742985923,0.00602453364302824,0.665799461711404,0.949903184845124,324.420294135398,0.0213157194357746,0.489342140282113,0.510657859717887,-0.758823455959327,-2.33546455424097,-4.61850029817436,-5.98916786518582,-11.6801899430441,7.90648674681636,11.3329720727764,85.0012218431706,19.1361286285049,81,74,92,87.7561636544013,19.4060638411605,84,77,94,21.8234739057851,24.8589264667427,15,3,32,0.173551317016923,0.0122524877566499,0.17351598173516,0.166666666666667,0.179292929292929,0.78541331768513,0.19035782850785,0.82051282051282,0.652173913043478,0.959459459459459,0.345900978281032,0.0764467911988514,0.333333333333333,0.301960784313725,0.372549019607843,35.7526719067306,7.88599684175682,34.3156956684314,31.3679839250723,38.6125991975387,-9.99689938902377,2.2922866292636,-9.95780645751694,-11.3836552450261,-8.66557482656122,35.0456542212966,5.4817474527259,35.9203068804163,32.6200133857698,38.1358326331245,68.6876315598446,13.5023781276311,0.461449983050828,0.745868718395393,0.999201567830442,0.225508698071665,0.0705986442318762,0.221007732784536,0.470544347956244,0.452842745887173,0.458961789436884,0.454520152204974,0.00444163723191032,0.130886565813942,8008,0.100618183645776,0.0625142538618779,0.0319067568799475
1,"Ulmus carpinifolia",54,"l1nr054.tif",57811,1288.7392488184,28.7289417488891,0.437411538656662,0.437411538656662,0.735886858798909,372.219345071099,235.927294277877,1.57768666067393,1.57343491246281,0.00809534517652355,0.658314398640067,0.949659551050915,271.306563357182,0.000674612098043625,0.500337306049022,0.499662693950978,-0.761948998602829,-2.38444912404071,-5.03265578698974,-5.82919553618538,-11.2610113772713,-7.0591956729202,12.4542044993563,76.5310408053861,26.3689282663353,72,61,88,84.4133815363829,25.0476953810767,80,69,95,4.62681842555827,20.7955080861062,0,0,0,0.184294346566305,0.0174689812115895,0.183333333333333,0.177685950413223,0.189189189189189,0.969210628385778,0.126553948679743,1,1,1,0.331845252328327,0.0994957970699817,0.313725490196078,0.270588235294118,0.376470588235294,33.7094839029883,10.3220884427765,32.0569140820656,27.458926184838,38.4781559767002,-13.18528739093,2.87531603832438,-13.3872078537861,-14.9290107404283,-11.8135747503393,39.3221933412789,8.0722495434417,39.4449627158741,35.4257263294006,44.1107513028713,87.6689038418316,20.4503446737325,0.522533815316438,0.948072166196745,0.997733995260418,0.424573178114892,0.0947884807226906,0.299825885927441,0.531076079514394,0.517593091688986,0.506638452354037,0.519087398781708,-0.0124489464276714,0.134013334299587,5616,0.101746503369809,0.063990021290929,0.0327667698082034
1,"Ulmus carpinifolia",55,"l1nr055.tif",76437,1479.87633380825,28.6514902909031,0.43859396096925,0.43859396096925,0.7236924122122,429.975960957933,273.722739605714,1.57084486870655,1.55619387120799,0.00618810262045866,0.649454274723855,0.942840226468158,311.965721003,0.00359773408166202,0.501798867040831,0.498201132959169,-0.763783274602055,-2.4276816450121,-5.02088993440719,-5.67908358206316,-11.0292056271395,-6.89961664157282,12.6318873597462,82.618941088739,26.8188559077016,81,68,93,86.9827308764034,26.5838099871899,85,72,98,9.3724897628101,26.5289677125013,0,0,3,0.176350018258034,0.0192486520233473,0.176136363636364,0.170682730923695,0.181481481481481,0.930672464469083,0.162053348679479,1,0.967741935483871,1,0.342622746862918,0.105164551205132,0.337254901960784,0.282352941176471,0.384313725490196,35.0787760851775,10.8780531585331,34.634468078066,29.066317332835,39.7752607756963,-11.364004778102,2.98767519727408,-11.5919235702052,-13.3084530467521,-9.76897525221682,38.9580890093469,7.98847538456475,40.4736475923545,36.3380757110525,43.7088671871925,81.9740309012624,19.9293848130701,0.499830786391801,0.839671886651752,0.998744063738765,0.322984941847535,0.109150268904609,0.306939781030557,0.504176266836229,0.503763398357849,0.479478111549931,0.494385267519353,-0.0149071559694216,0.129558789495896,7226,0.0983704752440203,0.0526846439196727,0.0334330293012494
1,"Ulmus carpinifolia",56,"l1nr056.tif",99233,1586.00122548928,25.3484212636271,0.495745690970936,0.495745690970936,0.71136274033773,447.922954353268,309.192815749976,1.44868487085248,1.43639884292975,0.00457509094756781,0.716511900261319,0.97249117992944,355.453765970631,0.00529057873892757,0.497354710630536,0.502645289369464,-0.77039217181804,-2.48109960101446,-5.32728309069011,-6.95248172274026,13.5311317781962,8.45165547265227,-13.1232483964286,75.3402799471949,22.4504674351894,73,63,86,80.6805095079209,21.6245396675161,78,68,90,7.03623794503887,21.4044093401529,0,0,1,0.179528121515393,0.0175252344662508,0.178571428571429,0.173076923076923,0.18452380952381,0.942699626045692,0.146379661264092,1,0.986842105263158,1,0.31757007621002,0.0861240851610895,0.309803921568627,0.270588235294118,0.352941176470588,32.4534863283963,8.99768610763374,31.682265138726,27.458926184838,36.5929783566019,-11.5330791053321,2.74280285397286,-11.646320484499,-13.1343913231502,-10.1827919672815,37.4617189856504,6.759080146137,38.5133015757874,35.0135094184914,41.4460169375341,78.984501123617,16.3959634584696,0.507503875855529,0.897866637106608,0.998145778118166,0.450676690213941,0.097618324197359,0.271197103699832,0.514545231730916,0.505874511979194,0.503240718451071,0.497601816671202,0.0056389017798682,0.12458855881005,9443,0.0983604849797925,0.0567833053803061,0.0287631739000152
1,"Ulmus carpinifolia",57,"l1nr057.tif",81852,1494.6875169903,27.2942722651446,0.460403211790581,0.460403211790581,0.779693954465192,465.438026828895,272.459448626452,1.70828367001146,1.60302184554067,0.00696378830083566,0.645454390657489,0.952415305760314,322.826893575586,0.00312759614914724,0.498436201925426,0.501563798074574,-0.747033710428604,-2.21369748019745,-4.13756090347125,-5.13112755990194,-9.79822277800732,-6.29428118070586,-10.192406471219,79.6801666422321,22.0901855900793,77,67,89,78.9860602062263,22.9257800921149,76,66,89,28.3196989688695,28.7341001092489,23,3,45,0.164026618066487,0.0176292392624034,0.163888888888889,0.15625,0.172131147540984,0.702399400158661,0.242268791825366,0.710526315789474,0.5,0.953125,0.317249976763417,0.0885315006243373,0.305882352941176,0.266666666666667,0.356862745098039,32.4826233984386,9.45843950607468,31.3174247817182,27.0187554164694,36.9361265156303,-6.88392605169269,2.63100231519202,-6.87846200252085,-8.42231702124183,-5.33872039359656,28.3954358428771,6.7640863380614,29.5755072818624,24.2369792621351,33.1948932385928,49.972254801347,14.6899714774553,0.435229417065757,0.355996188242193,0.99852172213263,0.473293261007672,0.107477916467067,0.279059123182534,0.441326521572642,0.42853344270973,0.419358726896841,0.44119115073198,-0.0218324238351397,0.133361241136101,7835,0.0993898339485735,0.075121046691745,0.0411139211142916
1,"Ulmus carpinifolia",58,"l1nr058.tif",83495,1578.98903218046,29.8605469039606,0.420835246413133,0.420835246413133,0.74661233654638,460.640099268006,280.848237927859,1.64017443252156,1.641814623839,0.00565303311575538,0.645397122113945,0.944305272027098,326.050817799407,0.00724594287083059,0.503622971435415,0.496377028564585,-0.758004450494395,-2.34190205829026,-4.60644194241604,-5.34500746422388,-10.3242958595016,-6.51598009924861,-11.2149386559766,83.8266123720008,22.7964470746074,82,70,94,91.8108150188632,22.2852136522678,89,79,102,7.60874303850306,23.3101331288374,0,0,1,0.183153463446734,0.0138786118598653,0.182291666666667,0.177655677655678,0.187285223367698,0.944368083657697,0.147546309819497,1,0.989010989010989,1,0.360414067297678,0.0880043016202096,0.349019607843137,0.309803921568627,0.4,36.80223445055,9.07465704708389,35.7228531952493,31.5388197550983,40.8581890324165,-13.6228980595775,2.51188010626317,-13.6741269396108,-15.1390346866987,-12.3173962072934,41.1632420721125,6.68749043910849,41.8648541270896,38.4734728602397,45.0445520262387,92.1862746272228,17.406416247895,0.512855599597604,0.965974010419786,0.998910114378107,0.210791065333253,0.0757758631636563,0.244175545188552,0.520950272587112,0.510073697724721,0.492720295784733,0.509228882715806,-0.0165085869310731,0.126552475864217,7783,0.0969542198691996,0.0462768785955937,0.0281451334518554
1,"Ulmus carpinifolia",59,"l1nr059.tif",88924,1621.69971029912,29.5748048938896,0.424901217757669,0.424901217757669,0.795035350158282,487.558362163722,279.059068762821,1.74715111150217,1.7480154668312,0.00564527011830329,0.653576216463691,0.94305045920207,336.484105532534,0.00305879177724799,0.501529395888624,0.498470604111376,-0.741043260882914,-2.15266139574571,-5.12427408343313,-6.40650952806465,-12.5071667096465,-7.70273914663789,-12.2240616581074,87.1764765417656,20.589612939819,86,75,97,89.3433831136688,21.12311905883,88,78,99,29.1302235616936,26.9923320639743,26,6,46,0.17247979198965,0.0132853126307051,0.172727272727273,0.166666666666667,0.178861788617886,0.715852280820807,0.214304575961699,0.7125,0.538461538461538,0.925,0.352957228953387,0.0827222854987979,0.345098039215686,0.305882352941176,0.392156862745098,36.4892426528977,8.63270571183695,36.0034380870703,31.6872604083049,40.5946846786359,-9.30927501922488,2.47812134979104,-9.38423056068644,-10.84657647924,-7.87033680073276,32.5178378840718,6.09869326629657,33.3218779216247,28.7863151008299,36.7460702955495,62.3800661238823,14.4749412478166,0.445896558428184,0.691388151680086,0.999269038729702,0.219873150105708,0.0770253280133649,0.234369148663487,0.448871956874413,0.441533038916298,0.435142271743079,0.451119282724951,-0.0159770109818713,0.128962578083951,8145,0.0951018740148287,0.0559228030419939,0.0326734513142292
1,"Ulmus carpinifolia",60,"l1nr060.tif",80974,1560.62864248725,30.0783184695285,0.417788335710648,0.417788335710648,0.791689810278405,467.14468159484,265.957902128392,1.75646099573053,1.71552261831464,0.00686640156099494,0.651750369331535,0.942072993380103,321.090795407444,0.0126213352434115,0.506310667621706,0.493689332378294,-0.742128581472582,-2.16552176415067,-4.17852310422474,-5.50493423325998,-10.4984372226211,-6.81766532892633,-10.4959258382683,85.9199125645264,20.3061532999881,85,75,96,84.4824388075167,21.6152156632818,84,73,95,32.9649640625397,27.2857954947364,32,10,49,0.162099348436259,0.0181821818665679,0.16304347826087,0.153846153846154,0.170454545454545,0.664209682876712,0.223098097865281,0.632911392405063,0.487804878048781,0.875,0.341084502069655,0.0817316333923089,0.337254901960784,0.294117647058824,0.380392156862745,34.8807835759205,8.85884783075119,34.675714679269,30.1272917472698,39.2639692104771,-6.74040847995609,2.84062448737372,-6.87707083354283,-8.5077202437756,-5.1257123468603,28.9332966425385,6.25363631265775,29.3405634575383,24.7880530264562,33.5890021979341,50.0800009879699,14.2424000068928,0.425426743298682,0.321609405488181,0.999049077481661,0.271124064514536,0.112166902148596,0.239622828527094,0.431834154450693,0.423968772040546,0.410616004154845,0.421319501851798,-0.0107034976969532,0.142919552340447,8253,0.106042889999615,0.061176301687042,0.0338094757166858
1,"Ulmus carpinifolia",61,"l1nr061.tif",84874,1629.457069612,31.2832002934764,0.401697092895565,0.401697092895565,0.777279776291047,466.195430500974,280.632381626401,1.66123177873895,1.66111268182411,0.00821217333930302,0.648737310512882,0.942499888953049,328.732312253986,0.00761128260715885,0.503805641303579,0.496194358696421,-0.748366740235383,-2.22409289093863,-5.0441636634282,-6.38916485545224,-12.1064752876026,-7.53543130474252,-13.3693549727122,84.6930390932431,21.580701355532,83,73,95,88.3832858119118,21.8253452860633,88,76,99,15.6073355798014,26.036124090809,3,0,24,0.174813474642709,0.0165217182428877,0.175324675324675,0.169082125603865,0.181034482758621,0.861330123087401,0.19259190765976,0.971830985915493,0.752475247524752,1,0.348486129612201,0.086070286394866,0.345098039215686,0.301960784313725,0.388235294117647,35.8373915555465,8.95913536074693,35.560450794104,31.0240272504271,40.2246418204659,-10.8267653140728,2.90113972863895,-11.0346979834754,-12.6812191067947,-9.28132353813749,37.4378174263867,6.71875453016959,38.8036949480412,34.7893520325016,41.4782923460089,76.4661969507707,17.5107224108607,0.480786526695252,0.792940123005867,0.998880693734241,0.245033814831397,0.0945105529316026,0.246983391401152,0.489779965515455,0.477203948326955,0.480181917831018,0.465752617907812,0.0144292999232055,0.124670516262704,7913,0.0970122721198524,0.0587556851505985,0.0306956650332364
1,"Ulmus carpinifolia",62,"l1nr062.tif",74225,1492.82965261403,30.0241208719935,0.418542500142979,0.418542500142979,0.782490181571352,433.928710612024,254.215628714879,1.70693168160289,1.69193442882508,0.00637251599865274,0.672867533524082,0.929439018281993,307.418615584625,0.00157628831256315,0.499211855843718,0.500788144156282,-0.745107850947511,-2.20089699670595,-4.56349576331667,-5.67123165705762,-11.1994328351344,-7.46070541404094,10.8240836025775,84.5847760188606,22.0027987196978,83,72,95,87.646278208151,22.0354830656245,86,75,97,14.9280161670581,25.7512445338432,3,0,21,0.173764054012365,0.0166764239628364,0.174129353233831,0.16869918699187,0.1796875,0.868584444279104,0.186823668747963,0.967391304347826,0.78021978021978,1,0.346183979553424,0.0868465902168386,0.341176470588235,0.298039215686275,0.384313725490196,35.5879958861272,9.02366775070099,35.0813797125976,30.5250525496686,39.7697655976312,-10.5111824083582,2.8624233149838,-10.747383419588,-12.2466750629807,-9.14628247676691,37.5586719696987,6.34214774166648,38.8557273833936,35.1806127145772,41.2107941454515,75.7797642303823,16.0494228219596,0.480805768002859,0.763758841360727,0.998598854833277,0.266365779723813,0.0959716551369019,0.250868310191598,0.489749919939937,0.475363374356711,0.465920872530179,0.476433551707162,-0.0105126791769832,0.129603886712442,7347,0.103163570495809,0.0637355157315465,0.0313784068743371
1,"Ulmus carpinifolia",63,"l1nr063.tif",71296,1489.08953724385,31.1011508349571,0.404048412261157,0.404048412261157,0.773365830248109,461.792765637728,247.576616546677,1.86525194535351,1.72795287331948,0.00932731149012567,0.623603316633544,0.908373944895684,301.292028738628,0.00791068222621185,0.496044658886894,0.503955341113106,-0.748179678623531,-2.23625678929923,-4.44056351010884,-5.69185069074719,-11.1537596726944,-7.30512261194253,-10.7963470859931,88.9646824506281,22.7822339868702,88,76,99,94.1972901705544,21.9857986145053,93,82,105,24.2346274685806,27.7864814201426,16,1,40,0.179390367627439,0.0142807408233905,0.17965367965368,0.174418604651163,0.184931506849315,0.78173044304913,0.209425268907604,0.825581395348837,0.617021276595745,0.988095238095238,0.370571899091774,0.0875765112072367,0.364705882352941,0.325490196078431,0.411764705882353,38.1270636008317,9.05148278787532,37.6425410097478,33.3104875372866,42.5221410952444,-11.5637594056813,2.66315214363759,-11.7460092825871,-13.1351654074724,-10.3405110381924,36.2421405211657,6.74806466863605,37.4080763182325,32.9946362130641,40.4357892368932,75.1952704219032,16.5642178906968,0.468225046050741,0.911748204667864,0.998793761220826,0.162140933572711,0.0796070654888332,0.236327987053384,0.475970416382431,0.467500233956853,0.451744564558265,0.458956187340404,-0.0072116227821391,0.134734221701567,6704,0.0981695709474301,0.0640820710960928,0.0361250362175467
1,"Ulmus carpinifolia",64,"l1nr064.tif",85589,1565.65807973877,28.6401900086612,0.438767012738355,0.438767012738355,0.746153003445729,456.718665249899,280.352665709447,1.62908622286201,1.59267239718986,0.00526936872728967,0.668443187553398,0.939949701835114,330.114070276227,0.0039607893537721,0.498019605323114,0.501980394676886,-0.759334555048875,-2.34604410425253,-4.84157510854449,-6.12845718610498,-12.2782752036889,-8.03567333892923,11.6238850095734,87.967332250638,19.6871025089777,87,77,97,90.288623538071,20.0360284255542,89,79,99,22.9897650398979,26.2027108577553,16,1,37,0.172338534297833,0.0148841055829207,0.172413793103448,0.166666666666667,0.178362573099415,0.782311890508703,0.203610633847138,0.820754716981132,0.623655913978495,0.985507246376812,0.35653152239877,0.0786506136071749,0.349019607843137,0.313725490196078,0.392156862745098,36.8264768019255,8.16987134950632,36.3146853907821,32.3997944133447,40.5710654018175,-9.90083170568021,2.47074675275887,-9.99504383373018,-11.4806126983308,-8.48479800556587,35.5815669308319,6.01394416763557,36.7128227868886,32.7205270663575,39.3680647315754,69.6201497856031,14.5908179075506,0.459736265444468,0.691537463926439,0.99821238710582,0.188388694808912,0.0863655105179938,0.220599325572697,0.469316832263005,0.45818986666895,0.448371410586471,0.447327013526473,0.00104439705999809,0.126000970638195,8090,0.0981557874302354,0.0596051964694389,0.0286902793988788
1,"Ulmus carpinifolia",65,"l1nr065.tif",69426,1406.07734393503,28.4771338853943,0.441279331864375,0.441279331864375,0.824620710627076,447.556842884755,235.147024810617,1.90330642390738,1.86935004730592,0.0061792412064644,0.659681726560976,0.938037075068908,297.314528122632,0.0127617895312995,0.50638089476565,0.49361910523435,-0.72485785092755,-2.0258470618753,-4.15624563861183,-5.285073317084,-10.0618849954909,-6.43966386768369,-10.3268979819309,82.7094028173879,21.5854571009003,81,70,94,83.5934808285071,22.0908321667187,82,71,95,20.743899979836,27.855969012083,7,0,37,0.16869934704553,0.0156038332203886,0.168949771689498,0.162162162162162,0.175213675213675,0.803042678860055,0.227311966289213,0.917647058823529,0.614678899082569,1,0.332377653622449,0.0862423371959957,0.329411764705882,0.282352941176471,0.376470588235294,34.1712556591122,9.14084862190734,33.7669003444032,28.9014759070065,39.0321170803222,-8.67792460259822,2.71117160597052,-8.69890240395183,-10.2934376870243,-7.15837904444926,33.6295043610227,6.77195213579891,35.25915933958,29.8973623483874,38.1537303046032,63.7336588597931,16.1014429492603,0.460851176175487,0.527525710828796,0.998559617434391,0.361406389537061,0.0924949230756801,0.259470924102763,0.469236061677941,0.452248551477301,0.449286746470092,0.46093766149277,-0.0116509150226775,0.139185555705767,6919,0.103931023087438,0.0654880157929476,0.0344029583711528
1,"Ulmus carpinifolia",66,"l1nr066.tif",68970,1422.76363543604,29.3498095160097,0.428158506701874,0.428158506701874,0.811857827396176,440.07490744669,237.938436164855,1.84953265449633,1.84466633429781,0.00710453820501666,0.658671718998173,0.950386176201073,296.336517156398,0.00577062490938089,0.50288531245469,0.49711468754531,-0.734139382024358,-2.08514311029438,-5.42701778437364,-5.8115395056848,-11.4389167315367,-6.87578940477252,12.1490275537426,89.4207336523141,21.9582265545321,89,78,100,98.065854719444,21.0066920332064,97,87,109,7.3463969841947,21.5829313063055,0,0,2,0.183089425766785,0.0117674911454993,0.182389937106918,0.178333333333333,0.187037037037037,0.945349047357628,0.139313710669491,1,0.980769230769231,1,0.384857582296368,0.0829723091241555,0.380392156862745,0.341176470588235,0.427450980392157,39.2907637826381,8.57801138701872,39.0884071188395,34.7017804536084,43.7744816581235,-14.4304990512908,2.35636838504961,-14.5972687078432,-15.864161809231,-13.2721491896456,43.4405939913049,6.78107934001606,44.5207475285519,40.9955030746289,47.440580392269,99.364578802382,17.8204418846921,0.513140830350228,0.977091489053212,0.999275047121937,0.116122952008119,0.0642718225366909,0.215592241715713,0.521083758670678,0.509092359392153,0.500854409507095,0.508450021588369,-0.00759561208127357,0.125597651758155,6194,0.0937178478484537,0.0495679071921175,0.0264630946746259
1,"Ulmus carpinifolia",67,"l1nr067.tif",78541,1578.82965261403,31.7376029331602,0.39594580097382,0.39594580097382,0.785131580725338,460.844083589153,263.062606285794,1.75184185276598,1.74877132246094,0.00612418991354835,0.647863169916132,0.919377022890487,316.230148915382,0.00477457633592646,0.502387288167963,0.497612711832037,-0.742144934086331,-2.18652135136061,-5.14138825873438,-6.32856536291264,12.3104629922556,7.49889857176289,12.1475253900465,87.5303090105803,23.8384654643266,83,75,96,91.2850995021756,23.5282264293214,88,78,99,23.9134210157747,28.871673094832,15,2,37,0.175708762990767,0.0164578113595026,0.176706827309237,0.170068027210884,0.182432432432432,0.781582481295502,0.206134477875773,0.827586206896552,0.627906976744186,0.975,0.35997923901866,0.0938074124700378,0.345098039215686,0.309803921568627,0.392156862745098,37.0567318653564,9.57763990703233,35.6581635135999,31.8750706013493,40.5384516558203,-10.6159960757299,2.81974225395094,-10.8697719024285,-12.3440565267568,-9.21833880533754,35.3856740635434,6.42956816619346,36.5948519939372,32.5015148997213,39.1693323152504,71.1264689779853,16.2085933187487,0.463634591495261,0.811818031346685,0.998879566086503,0.193644083981615,0.0936652844497122,0.260591173160916,0.468319584442231,0.456773319547617,0.466971945509291,0.459953382533014,0.00701856297627734,0.130437091015278,7508,0.0996562205497817,0.0591291517411388,0.0348300779435971
1,"Ulmus carpinifolia",68,"l1nr068.tif",89479,1596.58701192691,28.4881378497043,0.441108881200166,0.441108881200166,0.771803537749322,486.550824609351,289.007360423491,1.68352399017241,1.67791355344311,0.00545379362755505,0.636332354225336,0.941047173829594,337.532518764278,0.00378859844209256,0.501894299221046,0.498105700778954,-0.750058039643286,-2.24502074806973,-5.01700434533351,-6.28064524676785,-12.0830722875086,-7.54153391355477,12.0769410715249,78.297119994637,21.8261534342312,75,65,89,81.0027716000432,22.401465304451,78,68,91,10.0714134042608,23.3002475595671,0,0,8,0.172793259073033,0.0146960138553058,0.172995780590717,0.166666666666667,0.179487179487179,0.913256938691119,0.166692469426212,1,0.910112359550562,1,0.320445612279714,0.0878204017050488,0.305882352941176,0.266666666666667,0.36078431372549,32.8379910045578,9.17936316447781,31.6469479817197,27.4272035414378,37.1511264514146,-10.0594893797205,2.8961849416202,-10.1133129723992,-11.8846991621455,-8.38415953928021,36.820263919319,6.29227650231195,37.7866169438538,34.455959040619,40.302880279498,73.6370098011818,16.1215224321712,0.489601002581613,0.694196403625432,0.999105935470893,0.452709574313526,0.0850496937733242,0.274057119416364,0.498394063237014,0.4834402316748,0.485162709083707,0.481192632524491,0.003970076559216,0.130743811235434,8714,0.101037741318337,0.056382460692342,0.0312565117168994
1,"Ulmus carpinifolia",69,"l1nr069.tif",73663,1435.24891681028,27.964370894548,0.449370760448937,0.449370760448937,0.787338593551335,448.919778806589,252.045592744461,1.78110544968636,1.6633222671794,0.00909547534040156,0.651030827826234,0.935456629267704,306.252582983109,0.00215847847630425,0.501079239238152,0.498920760761848,-0.744077964755666,-2.18332958382744,-4.32788557423755,-5.42936528403031,-10.3433157313688,-6.55257187930401,-10.719749794308,87.883754395016,21.0231398454419,88,75,99,87.5521903805155,22.1951205390819,88,74,99,23.9757137233059,27.7261486104658,15,0,42,0.165332013771203,0.0135170360696319,0.166666666666667,0.159090909090909,0.171717171717172,0.775771420009539,0.223749180481865,0.83695652173913,0.581632653061224,1,0.350125917899027,0.084972533869086,0.349019607843137,0.298039215686275,0.396078431372549,35.933755261419,9.07024438312509,36.0995500140386,30.4055509259194,40.9257583923367,-8.23383306851498,2.72554040180967,-8.2062342053513,-9.8683032023846,-6.65948148975465,34.1622165999603,6.5245075182871,35.3581236068091,30.3282898291741,38.6973908040461,63.2449126427119,15.9625728606519,0.450942338965996,0.38729077012883,0.999443411210513,0.260049142717511,0.0817569185758587,0.242691355545121,0.454332558379728,0.452524639151786,0.434591714339292,0.450326593805898,-0.0157348794666061,0.130860672537351,6817,0.0963574427184192,0.0587935513451073,0.0322339792489639
1,"Ulmus carpinifolia",70,"l1nr070.tif",78151,1519.71695424182,29.552272152756,0.425225192479396,0.425225192479396,0.783264459366204,448.099830419133,262.21058194805,1.70893114644745,1.68376228924178,0.00650023672121913,0.665134608178371,0.94721596005139,315.444042043272,0.00730636844058297,0.503653184220291,0.496346815779709,-0.746763505019326,-2.20173106136084,-4.5664565037708,-5.90341048455633,-11.1972006860074,-7.11702834696192,11.4505872145783,93.4460339598981,19.802623680909,93,83,103,96.7359982597788,19.8022776422834,96,86,106,43.9112871236462,24.9338128211375,44,29,57,0.176796229504728,0.0139720417368897,0.177304964539007,0.17037037037037,0.18361581920904,0.575947163565854,0.181385945471425,0.542553191489362,0.45,0.671052631578947,0.380571096527311,0.0781666342083718,0.376470588235294,0.337254901960784,0.415686274509804,39.5339526723088,8.08974798684854,39.2898628130592,35.2163875857403,43.5503361121031,-9.40709038315159,2.24610125953714,-9.49028203310764,-10.9134907492967,-8.00910098668867,28.9370219864381,5.67527221394158,29.0599340691066,25.2246414998492,32.8848198629444,56.1146754360162,12.6835051287549,0.420954080518516,0.809164310117593,0.999193868280636,0.117055443948254,0.0790290703427417,0.205392986267861,0.425783105769116,0.421724890546958,0.417696740689638,0.411061329720838,0.00663541096880021,0.129433072753666,7143,0.0951271158225572,0.0518818993966737,0.0300192957343501
1,"Ulmus carpinifolia",71,"l1nr071.tif",87609,1525.19004230724,26.5521198182054,0.473271840455581,0.473271840455581,0.748923209220554,465.78392868303,285.226799959418,1.63303002645369,1.6060167940173,0.00473695624878723,0.659437885166418,0.95691067566682,333.986890872535,0.0266296841648689,0.513314842082434,0.486685157917566,-0.757048712870094,-2.33253867954212,-3.95876823795461,-5.6051307061878,10.4719279328206,6.84775395771756,10.6321814035897,86.4802817062169,19.5784284155079,85,75,95,89.0173041582491,19.9402637730101,88,78,98,31.8687691903789,25.9954193683518,31,10,47,0.17383010616241,0.0150523632435278,0.174242424242424,0.166666666666667,0.180952380952381,0.680294375574858,0.211019586147068,0.654761904761905,0.515789473684211,0.875,0.351296211621197,0.078246439143636,0.345098039215686,0.305882352941176,0.388235294117647,36.3684500445162,8.16845496250518,35.9332264582033,31.725559354847,40.2804265093726,-9.26067903023935,2.49209667087031,-9.31908397534975,-10.879033967204,-7.77477815905436,31.1054168326548,6.09938023032214,31.7220821843103,27.2282897705236,35.482107772815,59.6855574198997,14.2632251451741,0.439695043074361,0.719069958565901,0.998721592530448,0.217203711947403,0.0865923831564135,0.222736358470249,0.447079479918281,0.435947835849368,0.434957572789746,0.431019569223831,0.00393800356591462,0.126084127078033,7978,0.0943974442406673,0.0551465162408146,0.0288741153049228
1,"Ulmus carpinifolia",72,"l1nr072.tif",96594,1611.95959492894,26.9003637460243,0.467145007145727,0.467145007145727,0.71033930543597,468.049466459328,303.871113700866,1.54028943639599,1.53508389518889,0.00503136840797569,0.679155119365188,0.953558048737148,350.695452756588,0.0077230469801437,0.503861523490072,0.496138476509928,-0.768654632502916,-2.48097112884271,-4.93740157129817,-6.60192291193333,-12.5774722689038,8.85027572151314,-12.478017577019,74.2617243307044,22.5459669839661,70,62,83,80.6126467482485,21.863178149707,77,67,90,6.1845559765597,21.258701408654,0,0,0,0.181551509961657,0.0156167064883234,0.18075117370892,0.175438596491228,0.18640350877193,0.952541494413961,0.141384504613793,1,1,1,0.316889288377837,0.0868543730679404,0.301960784313725,0.266666666666667,0.352941176470588,32.3300860205663,9.02869389342979,30.8238506435806,27.0310625012644,36.1518291635336,-12.0782898025489,2.59691328097354,-12.18361793295,-13.6496730364554,-10.7087998367173,37.6913889399019,6.43877886438033,38.1750682285128,34.9413552658974,41.4515071527026,80.7790131892248,15.8778905251902,0.512824414076772,0.934933846822784,0.998416050686378,0.491717912085637,0.0860180474709551,0.27408428110166,0.519272720439193,0.5086537307913,0.500858359707422,0.511219058867152,-0.0103606991597298,0.126516223050877,9126,0.0977883502635978,0.0519985318944616,0.0299209204996191
1,"Ulmus carpinifolia",73,"l1nr073.tif",88278,1618.93015767742,29.6895586152544,0.423258923354375,0.423258923354375,0.758244626635039,471.828941134263,287.867057521115,1.63905153023512,1.62238868521276,0.00565259747615487,0.64994400246676,0.94003769606747,335.259661352407,0.00799746256145359,0.503998731280727,0.496001268719273,-0.752388341771304,-2.29320871838696,-4.32993792612332,-5.33383524602646,-10.1930182087162,-6.48045616470147,10.6295517264052,83.4692222297738,19.9701936659518,81,73,91,87.7498810575705,19.9665407029808,85,76,96,17.9723147330016,25.5098687775161,7,0,28,0.176887636677453,0.0129125714400964,0.177083333333333,0.171428571428571,0.182352941176471,0.831832570372125,0.193560024048617,0.9125,0.702405548996458,1,0.345147304260293,0.0789795138723036,0.333333333333333,0.301960784313725,0.376470588235294,35.5716637326136,8.17606455515459,34.4709610857724,31.0086122986048,38.9708000403599,-10.9618238870329,2.38314838253312,-11.0620067721327,-12.4739789808234,-9.61440748164824,36.3458238493338,5.66182101804835,37.4653792255333,34.1617634194384,39.5805155954934,74.0582251523592,14.2366396038292,0.47622724436379,0.86035025714221,0.999161739051632,0.24629012891094,0.072998721728886,0.22882842388916,0.487464231489425,0.470242684258278,0.466757650541208,0.463143071114367,0.00361457942684107,0.133203929180636,8593,0.101088171284042,0.0537145122413778,0.0297869007048029
1,"Ulmus carpinifolia",74,"l1nr074.tif",81284,1564.00122548928,30.0932512343386,0.417581022286487,0.417581022286487,0.795005199653853,465.421993746492,265.386286317647,1.75375299230578,1.72895706319097,0.00680330692387188,0.658081508588987,0.953947986104591,321.704838562078,0.00462575660646622,0.502312878303233,0.497687121696767,-0.7419919887228,-2.15465517281754,-4.78035217535468,-5.92714762645397,-11.2863284860786,-7.0045680019359,12.0845462540355,88.0280128930668,21.0472595370785,87,76,98,93.3302494955925,20.9069200190483,93,82,103,19.1851409871535,25.297727872954,9,0,32,0.178591745562981,0.0132523133082309,0.178861788617886,0.173245614035088,0.18407960199005,0.828046238973974,0.192713289666844,0.90566037735849,0.687985815602837,1,0.366816805950764,0.0823149018478751,0.364705882352941,0.32156862745098,0.407843137254902,37.7416746495451,8.56303472888046,37.5882575723157,33.0721352645698,42.0288885836234,-11.8587517360221,2.53320199380464,-11.9895798073803,-13.4988738564091,-10.4329331240952,37.9608943884855,6.1788521780274,39.0540334631653,35.0195104515437,41.7481057253708,79.44734511097,16.0664157532604,0.477628453029331,0.897421386742778,0.999101914275872,0.164189754441218,0.0742045114809234,0.224403299652853,0.48061999432173,0.471346347276048,0.478103293887354,0.479110072556151,-0.00100677866879656,0.133294938247904,7806,0.0999040122864273,0.056406920214139,0.030295503885893
1,"Ulmus carpinifolia",75,"l1nr075.tif",86894,1590.77077811098,29.1222831092115,0.431503621032528,0.431503621032528,0.74922845652682,460.905043135995,283.814028709485,1.62396850230325,1.6281406671689,0.00629502612378297,0.664269742836676,0.946583512622893,332.621221512124,0.0100352153198149,0.505017607659907,0.494982392340093,-0.758084902696755,-2.33362710664684,-5.34911187910298,-5.92170638682293,-11.5635473833582,-7.21860756326086,12.3245322595427,90.1755702349972,20.6102399427992,90,78,101,94.194973185722,21.175934542497,93,81,106,10.1352337330518,22.9177873349914,0,0,9,0.174553583563614,0.0124458551081657,0.174603174603175,0.16969696969697,0.179611650485437,0.918939093317078,0.15679252318958,1,0.910891089108911,1,0.370851842474739,0.0829089627610039,0.364705882352941,0.32156862745098,0.415686274509804,38.1507116322947,8.53782113421929,37.8428388838832,32.9837533787631,42.7621523815368,-11.7511324273683,2.71221704911972,-11.8891302399441,-13.5056581315129,-10.2453168921003,41.7035489551596,6.26569507184646,42.6382658166624,39.0997899657589,45.4074746568155,88.0791424033911,17.1558465978199,0.493183466737197,0.820735608902801,0.999044813220706,0.172865790503372,0.0713010571468953,0.223563571867889,0.499777019005642,0.49200533610596,0.475863716898179,0.48929700732328,-0.0134332904251014,0.126205586031336,7980,0.0953712667168621,0.0513090004377408,0.0287734138101691
2,"Acer platanoides",1,"l2nr001.tif",38480,1892.38600180013,93.064573279862,0.135028509469117,0.135028509469117,0.220589316050035,285.817656231441,456.655833911691,0.62589292637114,1.12812636312477,0.0409563409563409,0.294820039142391,0.48053148180524,221.346465256189,0.0306652806652807,0.51533264033264,0.48466735966736,-0.711922006469337,-4.63017216805841,-3.09900961250663,-3.14217754785453,-6.28028494385846,5.45741935549551,-6.8181559510824,71.9597972972968,23.9129640616723,68,60,76,62.9678794178798,26.0628865122946,58,50,69,5.15667879417911,24.0795633111357,0,0,0,0.142135466974101,0.0238911090693126,0.143835616438356,0.134199134199134,0.152777777777778,0.965931747665203,0.144363220480293,1,1,1,0.282929354694061,0.0951041112626668,0.266666666666667,0.235294117647059,0.298039215686275,26.3501573509175,10.5383017196421,24.4310680154445,20.9259008857768,28.9095110769114,-2.56294020076683,4.08104965186847,-2.50633314803039,-4.88961405153601,-0.143981115443531,32.4317130984825,7.89782425775088,32.9619771939802,28.981195670478,36.8708509837987,48.819282744282,20.3656454054002,0.452010748862799,0.0446205821205821,0.996673596673597,0.752546777546778,0.168086892102581,0.336140839925798,0.454190942396244,0.453250522704028,0.449900104930899,0.404621522631403,0.0452785822994955,0.105130770330141,2879,0.0822924110333,0.0525546902379425,0.0291552673820965
2,"Acer platanoides",2,"l2nr002.tif",52658,2192.66731445475,91.3021753936386,0.137634952948062,0.137634952948062,0.569091977336428,489.023750581356,296.669844177397,1.64837700959232,1.16490242288676,0.0420259029966956,0.362961870614256,0.541726677914489,258.932902402658,0.0224847126742375,0.488757643662881,0.511242356337119,-0.692979708165394,-2.81384720123966,-2.82768148948023,-3.08683218589776,-6.0639375691494,-4.82579755140171,-6.57345052038333,80.978730677199,23.6888199582955,77,68,87,76.9175054122786,24.007638495021,74,64,85,23.3589578031832,27.3137942379222,17,4,34,0.157780331979722,0.0524065757403228,0.158045977011494,0.147435897435897,0.166666666666667,0.755884575443694,0.205465321939312,0.779411764705882,0.610709877954016,0.942857142857143,0.320517896094591,0.0944645347968708,0.305882352941176,0.270588235294118,0.345098039215686,31.927149341874,9.74900024070709,30.7641927305091,26.6144662226774,35.3458444694281,-5.4429162431286,5.12036149429268,-6.020812787898,-8.17678000359263,-3.71646633077441,30.396266818527,6.93499202868558,31.2413884824048,27.2194229320382,34.5845575338545,49.497322344186,19.552345338194,0.433181834298369,0.227429830225227,0.982262904022181,0.469083520072923,0.332148974150398,0.294724680441144,0.437649202333539,0.431271025094418,0.433543090230961,0.357026721165984,0.0765163690649768,0.106871969163178,4159,0.0861897459277987,0.0615403982280985,0.029359626856547
2,"Acer platanoides",3,"l2nr003.tif",61839,2457.7038943812,97.6779772062373,0.128651011965845,0.128651011965845,0.515946109028964,415.670544152634,403.464385889223,1.03025337226856,1.16526358113678,0.0394573004091269,0.368729600404916,0.55882485834862,280.599109419253,0.00134219505490063,0.50067109752745,0.49932890247255,-0.735933864469259,-3.09944816567759,-3.33897493002751,-3.83130053807015,-7.50504792107081,6.0051147927174,7.65387523665729,74.6324487782794,21.2553145721125,71,66,77,74.0898462135549,21.7641049441383,71,64,78,23.2162066010163,25.3757369694589,18,7,32,0.166098938092627,0.0269018362247895,0.166666666666667,0.158469945355191,0.172131147540984,0.731930847608007,0.20080677177138,0.75,0.586666666666667,0.904109589041096,0.297592451492474,0.0865884376016766,0.282352941176471,0.258823529411765,0.309803921568627,30.3953385354638,8.8962580315455,29.0334099653237,26.4030332695151,32.1151718461841,-6.9634179243652,2.87327283121814,-7.00744315787086,-8.38979414380506,-5.67688568066413,28.756576681191,6.20494307533073,29.762245048342,25.3291941483748,32.8398397118676,50.3310370478198,14.0113005201226,0.440026533896363,0.374375394168728,0.992868578081793,0.692879897799124,0.161962721566737,0.290963150699752,0.452042860666155,0.43479334103256,0.431977196478555,0.369482408575189,0.062494787903366,0.103030728462875,4372,0.07672463717249,0.0477322030131686,0.0287375787626625
2,"Acer platanoides",4,"l2nr004.tif",43244,2023.17994103947,94.6549133712072,0.132759834294896,0.132759834294896,0.425397038940684,466.174485069476,285.952185677952,1.63025326756725,1.10993709518646,0.0454860789936176,0.324402310297862,0.505804399061939,234.648611486468,0.0140597539543058,0.492970123022847,0.507029876977153,-0.713953911473194,-3.4324132099331,-2.80920518426497,-3.01681763460547,-5.93948175185828,-4.90689221060595,6.61069009723122,72.7344140227526,24.917158838717,67,60,77,72.7702108963094,25.0686708439818,67,60,77,8.9418185181762,26.3823350466057,0,0,2,0.16652897778114,0.0229973807904042,0.166666666666667,0.161016949152542,0.173423423423423,0.92772566198461,0.173287213788713,1,0.969230769230769,1,0.291653199990569,0.099303935464474,0.270588235294118,0.243137254901961,0.309803921568627,29.6035163804639,10.2465236490453,27.5126903513075,24.5060212070279,31.5945391991745,-8.04485609880779,2.90390126449597,-8.22331115796429,-9.71764481715908,-6.62824328691208,34.1662722512529,6.57421175079486,34.9643264422681,32.0721722782546,37.4119651346203,63.8641892516876,15.4904311747949,0.483950815138838,0.480575339931551,0.99722504856165,0.710780686337989,0.138098371579089,0.340486355463265,0.496997973542441,0.476113518625084,0.47982406858747,0.398901980106416,0.0809220884810536,0.107509921644449,3403,0.0865727078457312,0.0501609245082704,0.0284790423464563
2,"Acer platanoides",5,"l2nr005.tif",36333,1935.88347648319,103.147134410058,0.121829565951895,0.121829565951895,0.48709187405416,502.345234694407,267.154100652138,1.88035756691795,1.15185701540497,0.0518812099193571,0.270730463802742,0.452679973088136,215.08280354055,0.0108716593730218,0.505435829686511,0.494564170313489,-0.658458968527443,-3.0588516605365,-2.09460282207954,-2.19196210913809,-4.33529047216264,-3.736852487783,6.17275056428737,81.2123413976266,24.3730755618781,76,70,84,73.2657914292788,23.3953924213913,69,62,78,11.7338782924601,27.710179798037,2,0,10,0.149965061759175,0.0488430476349436,0.15,0.143939393939394,0.155701754385965,0.89706689059843,0.175075856073787,0.974025974025974,0.873417721518987,1,0.31894841992614,0.0961586169854379,0.298039215686275,0.274509803921569,0.329411764705882,30.7130139915835,9.58720874580335,28.9828376218797,26.1587752619,32.7800803733782,-3.8464504679027,4.52139083858991,-4.32366506385565,-5.90746316540322,-2.75898087880672,34.3692036059802,6.51550160499808,35.2445565674685,32.7393401051496,37.5140614286664,53.5853631684708,17.7696046338166,0.450480421603205,0.0348443563702419,0.978008972559381,0.50650923402967,0.325696177071451,0.301486418105533,0.461871491102649,0.441695595387161,0.45081314388482,0.370304931790333,0.0805082120944862,0.097720267342143,2631,0.0802941984313486,0.0570307342904205,0.0299853466819252
2,"Acer platanoides",6,"l2nr006.tif",40096,2013.07943597608,101.069653221014,0.12433376601065,0.12433376601065,0.363050411762232,487.235225810607,279.307930043023,1.74443749497394,1.11118957446368,0.0470620510774142,0.294631450578881,0.485411975496961,225.946482127297,0.0208998403830806,0.48955007980846,0.51044992019154,-0.682993023950486,-3.66896244443209,-2.53308423987667,-2.60805143931012,-5.17880942563035,-4.4588531842012,-6.70754707619926,77.7926476456515,23.2192551348388,73,66,82,75.749376496409,22.3794563596016,73,64,82,7.58404828411777,24.4823493263963,0,0,2,0.161487978211111,0.0226425900162181,0.16421568627451,0.157142857142857,0.169398907103825,0.940758554992415,0.155829585108863,1,0.975,1,0.309263453984945,0.0925569913803362,0.290196078431373,0.262745098039216,0.329411764705882,31.1203474859027,9.20428045584041,29.8491543906697,26.3397669641558,33.7129217242725,-7.33166875041183,4.39601739477883,-7.90253511632064,-9.61485582420786,-5.98967728538163,36.2396569112576,6.49263178787486,37.2945418080372,34.2719978589867,39.452670340313,66.1220570630498,18.4616153713132,0.479787916739209,0.330681364724661,0.987579808459697,0.585893854748603,0.140212232061049,0.299282019548161,0.486221775291105,0.472178398047726,0.483696645918378,0.379002548602388,0.10469409731599,0.111663353214049,3193,0.0881654517340402,0.0509364013932855,0.0275941995373339
2,"Acer platanoides",7,"l2nr007.tif",39395,1843.54033073268,86.2708706952144,0.145661803492801,0.145661803492801,0.43752601466489,392.352527415581,300.627294000261,1.30511279330226,1.07607192950407,0.0416804162964843,0.333992136995855,0.510833906041313,223.962657299921,0.00241147353725092,0.501205736768625,0.498794263231375,-0.725144585644831,-3.40094476771471,-3.29458785831555,-3.43339159121239,-6.81201879304133,-5.48646517780852,-7.39030298824643,78.677370224648,23.8507215127027,74,67,83,80.59291788298,24.2729266126343,75,68,86,8.74400304607244,27.5577611443103,0,0,1,0.170723224823535,0.0130287139604849,0.170995670995671,0.166666666666667,0.175824175824176,0.936381207615321,0.170703124970041,1,0.988505747126437,1,0.318660922929904,0.0957814702688676,0.298039215686275,0.266666666666667,0.337254901960784,32.7213229445274,9.81945749346684,30.7119635594463,27.5546099953473,35.0268933066684,-9.6388385456531,2.66235000398828,-9.66877803637795,-11.2282554127792,-8.22331115796429,37.2192913075178,6.31687368417278,38.1537303046032,35.3024477944146,40.6050070279251,73.7644624952402,15.6386973348301,0.492512473641127,0.655692346744511,0.999187714176926,0.520725980454372,0.07631483002759,0.300574884073131,0.504514169499488,0.489032949015697,0.481713515580878,0.38636231089043,0.0953512046904477,0.108583535446461,3037,0.0846644922081905,0.0491021170716348,0.0268474863011673
2,"Acer platanoides",8,"l2nr008.tif",53281,2189.02056147303,89.9347050271522,0.139727712572863,0.139727712572863,0.450098869166033,354.028465973044,435.200553455563,0.813483492063603,1.09101498634652,0.0355661492839849,0.34581573080598,0.524884247857354,260.460123978766,0.00628741953041422,0.503143709765207,0.496856290234793,-0.740442216231968,-3.37694753948086,-5.30279808618111,-4.55803256356231,-9.61747856950915,6.27020445735147,9.66280861043808,77.0112235130718,21.7006841793113,73,67,81,77.3504438730501,22.5229598036844,73,66,82,6.54024886920296,24.6071277182053,0,0,0,0.166899062155675,0.0142504258613466,0.166666666666667,0.161691542288557,0.172916666666667,0.953003134138674,0.154553512026588,1,1,1,0.308836943309445,0.0878476973018548,0.290196078431373,0.266666666666667,0.325490196078431,31.532796774116,9.11624311763647,29.9687583767934,27.0953982733405,33.6669192120247,-8.69452267270685,2.87089920210942,-8.75753258024378,-10.4163258243669,-7.13294979100679,36.968778805784,6.3218209644778,37.812088087369,35.0958158887883,40.1495409982204,71.1494153638264,16.1328972468985,0.490389835152456,0.471049717535332,0.999174189673617,0.587188678891162,0.0853834982168509,0.284446854304561,0.498016397616234,0.486379038325135,0.48308236144667,0.407879943488052,0.0752024179586184,0.111290322580645,4290,0.0875867701102491,0.0473517159591902,0.0256122458145698
2,"Acer platanoides",9,"l2nr009.tif",37755,1902.36161518249,95.8543163798103,0.13109864103111,0.13109864103111,0.347441899450277,383.473030575211,371.158367430485,1.0331789991156,1.16704119397106,0.0424314660309892,0.265265269800088,0.478577766510331,219.251360341221,0.00474109389484836,0.497629453052576,0.502370546947424,-0.706328178787385,-3.79711248601061,-2.77628532665235,-2.90346587617231,-5.74945244375603,6.13308943462914,-6.5217120131122,79.6861342868489,21.4304503508012,76,70,84,80.0744272281824,20.6423306068012,77,70,85,16.6358892861869,24.8443283638686,8,1,23,0.167526492055175,0.0167156143413551,0.169154228855721,0.161904761904762,0.175,0.833468937947733,0.181129638212315,0.893939393939394,0.728395061728395,0.984848484848485,0.320226745710864,0.08575130937894,0.305882352941176,0.27843137254902,0.337254901960784,32.7596006913622,8.49884385643381,31.4584382312841,28.6296090563972,34.9896378199874,-8.48224376316888,3.10546690072176,-8.81754124266754,-10.2674659541161,-7.20808609496112,34.272186358566,5.41925203696869,35.2023749687505,32.5348503879502,37.0601836892161,63.8268308833252,14.0327187696124,0.464481174491539,0.545066878559131,0.994702688385644,0.459329890080784,0.0997789307023209,0.267783095134041,0.479644699765375,0.447484420474936,0.465047267111999,0.379132542206058,0.0859147249059402,0.105083658835189,2846,0.0829592491109427,0.0494080814448764,0.0262787863166609
2,"Acer platanoides",10,"l2nr010.tif",44511,2104.25100885133,99.4781583934726,0.126322911655185,0.126322911655185,0.279154111874383,366.373002511871,352.959168385015,1.03800392602983,1.00930008955706,0.0407539709285345,0.344206779737541,0.520134149761615,238.061263912689,0.022938150120195,0.488530924939903,0.511469075060098,-0.72574098165337,-4.23564559408653,-3.66844564767013,-3.663103782246,-7.36784035859964,-8.35057339298257,-7.72112553317938,83.6432791894141,24.6219385085596,79,72,89,84.3052279211874,24.3705946936356,80,72,90,10.4277818966095,29.3889952936467,0,0,4,0.167831492063599,0.023440714310248,0.16875,0.1640625,0.173333333333333,0.921745328764968,0.178253341557625,1,0.953488372093023,1,0.335599087425403,0.0981676042846457,0.317647058823529,0.286274509803922,0.356862745098039,34.3947930734448,9.87393296006061,32.717993549062,29.351076375563,36.8735203766101,-9.21673989972652,3.14396231992476,-9.43675507092626,-10.9585370183003,-7.95544410466201,38.1285647782727,6.79597280880679,39.2583708686045,36.5202954753515,41.4710104707583,74.5393947563533,17.3685949250904,0.485195004266047,0.539552020848779,0.997056907281346,0.364965963469704,0.139668150967144,0.292514514104428,0.496269896596834,0.478907538759029,0.47828047395236,0.393016158463813,0.0852643154885475,0.104657778217528,3313,0.0819501818091869,0.0498046639174825,0.0285238768252283
2,"Acer platanoides",11,"l2nr011.tif",48340,2161.76572747709,96.6742048095685,0.129986800916674,0.129986800916674,0.528694915635651,340.459491844174,419.461087458182,0.811659298141965,1.20953827458547,0.0384360777823749,0.338492866793782,0.52853417595574,248.089499158061,0.00848158874637981,0.50424079437319,0.49575920562681,-0.728283642770311,-3.03504685816027,-3.95796950216882,-3.79917465929761,-7.7258850170553,5.50023962783005,8.02850330022634,78.1938767066617,20.743063035415,74,68,82,77.4393462970629,21.7597474341474,74,67,82,7.08169218039001,23.5671567503515,0,0,1,0.164473074167968,0.0160681434342378,0.166666666666667,0.157276995305164,0.172764227642276,0.944488877961147,0.154657827196768,1,0.987951807228916,1,0.313093041933364,0.0834355224156071,0.298039215686275,0.270588235294118,0.329411764705882,31.6992939658436,8.76129468402081,30.2702873640595,27.458926184838,33.715566711548,-8.12286271447875,3.32933607005267,-8.42231702124183,-10.3571327185135,-6.16838322728602,36.99691083395,5.96694825260638,37.89465132275,35.3513450808339,39.9101192026588,69.6031237070756,15.971385260986,0.484197619699392,0.42265204799338,0.998489863467108,0.521328092676872,0.097694673841468,0.266487947588682,0.492290550855083,0.471196975965181,0.490953113336678,0.408188147248376,0.0827649660883016,0.106219316305061,3639,0.0823284541073731,0.0456895101919461,0.0246496306859153
2,"Acer platanoides",12,"l2nr012.tif",43846,2139.57186002525,104.405595589379,0.120361083555157,0.120361083555157,0.582478404947054,470.513645773431,279.992817138297,1.68044898645035,1.12631514318602,0.0464124435524336,0.332821111016235,0.526830557758393,236.276238920586,0.0206632303972996,0.48966838480135,0.51033161519865,-0.712505734335986,-2.8044844140876,-2.84930434275242,-3.10745967147449,-6.0904137289061,-4.57873192814682,6.92644534983476,83.3413766364084,25.0821509291653,78,70,89,84.8787346622271,21.9180999890936,82,73,91,5.17306025635176,24.6683532102033,0,0,0,0.170862018602814,0.0332172661449652,0.172690763052209,0.166666666666667,0.178571428571429,0.96853477599742,0.139671270025663,1,1,1,0.340050962683117,0.0950330363083142,0.325490196078431,0.290196078431373,0.364705882352941,34.5762002585277,9.08325118263646,33.3104875372866,29.6775486946697,37.2632875557325,-10.0354503814773,4.83724739152443,-10.7087998367173,-12.2153202057493,-9.02344413954742,40.103319172243,7.13988199100596,40.6495571024973,37.6356040206731,43.7140666717807,81.243032431693,20.8646574846422,0.500676842019364,0.695593668749715,0.986406969849017,0.323518679012909,0.194409888295726,0.279467040113648,0.515799787286309,0.491480259847955,0.496987774881393,0.371109937718769,0.125877837162624,0.0976591995972817,3050,0.0767681852504405,0.0567275100367521,0.0270090145761684
2,"Acer platanoides",13,"l2nr013.tif",38410,1895.17279836454,93.508980360866,0.134386778316516,0.134386778316516,0.401515672691354,439.921631137914,284.963192183968,1.54378405072718,1.07590370630723,0.0447019005467326,0.306393976468333,0.482364982386959,221.145044966596,0.00770632647747982,0.49614683676126,0.50385316323874,-0.705934460215284,-3.52612089431679,-2.8361013698451,-2.91714686279803,-5.79793494940883,-4.8613195808499,6.65447298408108,82.2745378807607,21.3340004830524,78,72,86,77.1846394168191,21.4926714271707,73,66,82,13.2564957042444,25.774994873039,3,0,15,0.154122622679429,0.0159753136050673,0.154915769124551,0.147540983606557,0.162037037037037,0.875333459384964,0.182313234749274,0.96,0.822784810126582,1,0.32410023941886,0.0851921092063321,0.305882352941176,0.282352941176471,0.337254901960784,32.0748170154858,8.73112600103796,30.5528761783409,27.6182468646666,33.9880413011806,-5.58075180817479,3.20067761009658,-5.64890090934658,-7.50382035424615,-3.78403474121719,35.0421328731398,6.02479841440125,35.9167112088268,33.1289104571774,38.2905093580941,58.8382452486333,15.2394361071844,0.455923559139137,0.106690965894298,0.996875813590211,0.412262431658422,0.103653267921882,0.262857284820991,0.474729326008617,0.455774771409209,0.440893737505257,0.389673064091409,0.0512206734138486,0.108667603291568,3077,0.0882243312211486,0.0498839500718031,0.0251385637153162
2,"Acer platanoides",14,"l2nr014.tif",47581,2239.24595821744,105.382872604467,0.119244904829312,0.119244904829312,0.496620892308652,386.826211965267,355.076139222808,1.08941764662631,1.2179409918706,0.0460057586011223,0.34641459501264,0.503326880560228,246.134131680358,0.00195456169479414,0.500977280847397,0.499022719152603,-0.725436093229558,-3.15451824125028,-4.01757395331543,-3.67169326921942,-7.52811306516538,-5.86501675376336,-8.15488385526,85.6866186082672,25.0080450149574,80,73,90,87.3910384397123,22.4077419829228,84,76,92,11.4121603160937,29.2207179908339,0,0,8,0.171963832495903,0.0394295813081409,0.173245614035088,0.168604651162791,0.177777777777778,0.911094021846395,0.177751800541185,1,0.912087912087912,1,0.348984662274568,0.0961698498063057,0.329411764705882,0.298039215686275,0.364705882352941,35.6346254653302,9.17596997436825,33.9889966582633,30.9395037145767,37.7211328685535,-9.99555068455396,5.01433660683396,-10.7400941341342,-12.0482085490958,-9.33392940440153,38.8885104301262,6.71572815879256,39.7512120572949,37.5306344617443,42.0041347280301,77.6832979550657,20.9031457198524,0.487584152983077,0.762005842668292,0.983207582858704,0.257161472016141,0.229289964677836,0.275570418779815,0.504675755726087,0.479291113754044,0.471913322821788,0.342940384149423,0.128972938672365,0.101947706060817,3596,0.0832812246693995,0.054188987416817,0.0277164633473936
2,"Acer platanoides",15,"l2nr015.tif",38011,2128.895669792,119.233821074403,0.10539266880089,0.10539266880089,0.44028464627754,426.296206029301,324.668633237904,1.31301937541015,1.19712201800094,0.0432243297992686,0.274636018906323,0.479624991325085,219.993427935764,0.00634026992186472,0.503170134960932,0.496829865039068,-0.672608608330086,-3.28379040999768,-2.54224242661943,-2.62931086471263,-5.25152155688343,-4.78578296617976,5.62067333509894,80.7635947488883,21.6651538514709,76,71,85,67.2999394911996,24.5206737454935,63,55,72,9.06853279313867,25.2648587553207,0,0,4,0.134867403937274,0.0247259588100926,0.135265700483092,0.126666666666667,0.144444444444444,0.924666731150588,0.167335022119309,1,0.95,1,0.317205803686343,0.0859265633801737,0.298039215686275,0.27843137254902,0.333333333333333,28.7919094613832,9.6845598088452,27.0031493192486,24.0556053120146,30.8095707468128,-0.439170538870131,4.48572181743026,-0.39957278193814,-2.98143771098992,2.01114645393508,33.7200295406659,6.15792519222453,34.6280667970919,31.736309971957,36.8654292690175,44.7677514403724,17.1096850816008,0.432195934812551,0.026544947515193,0.992502170424351,0.526031938123175,0.18333531976531,0.27088584795962,0.429350640909571,0.421085048818612,0.440820739583055,0.367922169431774,0.0728985701512804,0.106759893063839,2872,0.0843738065160551,0.0519003040797093,0.029491779146057
2,"Acer platanoides",16,"l2nr016.tif",31784,1887.75858480216,112.120327035435,0.112079325369678,0.112079325369678,0.31471852681984,422.082729006143,279.997507304646,1.50745173794316,1.19507234277354,0.050088094638812,0.26894086983757,0.448385071700136,201.168202482058,0.040271834885477,0.520135917442738,0.479864082557262,-0.670556304512335,-3.90736578575342,-2.42451104777421,-2.53362222672884,-5.01436655684175,-4.67357396646105,-6.06954809984601,89.9521771960739,20.1412150384621,88,80,94,80.1423357664232,22.8420361481118,77,69,86,10.9968852252702,24.9320472776863,1,0,10,0.145375450347346,0.0175431868972091,0.145833333333333,0.13855421686747,0.153333333333333,0.907430903588288,0.165864734016226,0.988636363636364,0.89010989010989,1,0.353351050966573,0.079944746181958,0.345098039215686,0.313725490196078,0.368627450980392,33.7774688901632,8.95618559425873,32.7373890111221,29.444012360778,36.1997638413497,-3.52068246754305,3.80057356089247,-3.48376843342135,-5.84891636238704,-1.34867966983576,37.7534469322383,6.1504023839433,38.8152879545066,36.2170857575828,40.6971867947564,59.335609111503,16.671974269299,0.447186045505182,0.0388560281902844,0.997860558771709,0.148879939592248,0.120675029618949,0.226247369965438,0.449741839901766,0.436673525542008,0.452790215944519,0.409950726878931,0.0428394890655883,0.110645343102719,2412,0.0849654783711427,0.0573570855994607,0.0288541739403754
2,"Acer platanoides",17,"l2nr017.tif",49652,2288.17489040557,105.448810301349,0.119170340361805,0.119170340361805,0.486051327509913,362.940892897559,380.151199700236,0.954727732501573,1.10674267283087,0.0417304438894707,0.3598690339095,0.504803830864486,251.433668937138,0.0155884959316845,0.492205752034158,0.507794247965842,-0.723935291896682,-3.19401812541573,-3.72300702264833,-4.01588711756429,-8.07522492665919,7.66911956869126,8.0025294080275,85.4022798678807,22.4419435484854,81,74,90,85.4012124385726,20.3343547005616,83,75,91,5.85899863046775,23.2083167470786,0,0,0,0.166351121750298,0.0215162437410047,0.16875,0.1640625,0.173160173160173,0.960206781690114,0.139619112646274,1,1,1,0.342254878266459,0.0875912860002055,0.329411764705882,0.298039215686275,0.36078431372549,34.9528165439705,8.36945303462526,33.8518759102396,30.8097331813764,37.4099102777276,-9.28541907404627,4.40930167656066,-9.95384339226907,-11.2838322453541,-8.38415953928021,40.3191296093499,6.25667418556934,41.0678430319748,38.5133015757874,43.583070099399,79.5411463787963,19.646719163891,0.492321023236023,0.563723515669057,0.988963183758962,0.258277612180778,0.129342341580115,0.255924141061002,0.503588842810424,0.482808075792449,0.490980536799005,0.367047983622141,0.123932553176864,0.0985180269851803,3542,0.078345498783455,0.050450322874565,0.0254575346915289
2,"Acer platanoides",18,"l2nr018.tif",29678,1809.08953724385,110.277139758918,0.113952634624285,0.113952634624285,0.477707142870339,463.822388528738,245.925094501958,1.8860311489076,1.11135674293641,0.0527326639261406,0.260183694088356,0.443137108514689,194.389308370214,0.0220365253723297,0.511018262686165,0.488981737313835,-0.663609273234266,-3.1073989838731,-2.2059400930442,-2.2863689220488,-4.53298354256332,-3.84804366766024,-5.86969836638859,79.7358986454612,22.8325248179069,75,69,83,74.358514724712,23.4313748897132,70,63,79,6.9030932003501,24.1992961417209,0,0,0,0.153511003501053,0.0170045524306569,0.154320987654321,0.147186147186147,0.161764705882353,0.94896386349073,0.151945545679991,1,1,1,0.314190481098431,0.0906770978118785,0.294117647058824,0.270588235294118,0.325490196078431,30.8449872904365,9.47502829871478,29.1239199304426,26.2367020613393,32.6690675225551,-5.49692492937501,3.36650210897344,-5.48336328826698,-7.54694362871022,-3.54392140491233,36.3808716566653,6.37975700541119,37.1317655224603,34.4838024614249,39.4492968026187,62.0780376036118,16.5440932386983,0.469346396528198,0.111463036592762,0.998820675247658,0.543635015836647,0.110770901968401,0.288605489275996,0.474050982500816,0.457804509285891,0.474582013555801,0.408054435065058,0.066527578490743,0.102665910380034,2196,0.0830402722631877,0.0517468203823983,0.0281197990250373
2,"Acer platanoides",19,"l2nr019.tif",36324,2132.23376490863,125.163000446438,0.100400042900352,0.100400042900352,0.556606275261445,518.950844845087,269.937804878356,1.9224830144816,1.10242415912851,0.0641724479682855,0.259300725441271,0.431829664810115,215.056162950426,0.0158572844400396,0.50792864222002,0.49207135777998,-0.627655251643631,-2.72898888532104,-1.86108549065111,-1.99630265387611,-3.92499961231838,-3.36158155295984,-6.36321372132465,75.4667162206808,26.828337207828,70,63,78,73.2618379033141,24.9733490407911,69,62,78,16.307675366149,30.0952362472714,6,0,20,0.16295591050929,0.0432403859209892,0.164141414141414,0.157738095238095,0.170454545454545,0.839591468563045,0.203579553981291,0.919354838709677,0.746987951807229,1,0.299986396937368,0.106038476559252,0.274509803921569,0.250980392156863,0.309803921568627,30.1438832828544,10.3444789885264,28.3040612704126,25.3287600645278,32.0235522641782,-6.52317044428876,5.4796068192702,-7.32045296293621,-8.79091535534742,-5.65968309734596,31.5901366681075,7.1650855612864,32.6634981396119,29.2732784176318,35.314200242259,54.7492842197994,20.7133630447197,0.458862387247526,0.34786917740337,0.977452923686819,0.700748816209669,0.265350213566963,0.353477615279712,0.475196948876026,0.44606996832248,0.459314342316948,0.367284262078036,0.0920300802389121,0.11196118678858,2842,0.0883871369036512,0.0570278729270797,0.0320941620316913
2,"Acer platanoides",20,"l2nr020.tif",43357,2008.83679528897,93.0743656181664,0.135014303142416,0.135014303142416,0.392536698317389,449.460600838199,307.139213074466,1.46337745786054,1.04722370471608,0.0412159512881426,0.314074248433645,0.529612596270712,234.954989181082,0.0303295892243467,0.515164794612173,0.484835205387827,-0.722521476329462,-3.60194526153791,-3.05135508570234,-3.3404536755314,-6.61942985679336,-5.17363763908519,6.78522174964131,73.0760200198355,22.6404950436786,69,63,76,69.8173535991881,22.1331940318233,65,59,74,10.2792628641288,25.2311605995563,1,0,8,0.158277444009267,0.030939542154402,0.158974358974359,0.152582159624413,0.166666666666667,0.90359260524905,0.173691659077919,0.985074626865672,0.893333333333333,1,0.288889280831691,0.0906709739090764,0.270588235294118,0.247058823529412,0.301960784313725,28.7545873012673,9.14326454222638,26.9941907706185,24.3886171728735,30.5528761783409,-6.0352081902841,3.65837904598711,-6.22639678790385,-7.82099982654688,-4.67338516483534,32.8636820419219,6.08708390437367,33.648422760894,31.031184129334,35.9806937781618,56.2794243144105,16.0796879730668,0.466718215956877,0.174458564937611,0.989805567728394,0.747653204788154,0.195476633784369,0.313860636622379,0.479411546385094,0.462825718429628,0.456985636643347,0.368825904785363,0.0881597318579838,0.103583540011135,3104,0.0785544364022878,0.0492590146852955,0.0275897221879348
2,"Acer platanoides",21,"l2nr021.tif",55724,2179.3220766632,85.2315826902517,0.147437959236634,0.147437959236634,0.413412475959073,348.007724744572,420.255356820558,0.828086350587949,1.06531772828261,0.0325891895772019,0.381013305002537,0.55644984122546,266.364412770967,0.0109109180963319,0.494544540951834,0.505455459048166,-0.74765715962047,-3.55425021471437,-6.37079604667555,-4.68245762217078,-10.218509454222,6.70539987833855,10.8950164437055,79.9922833967412,21.9170168683938,76,70,84,76.5642631541163,21.6275120022979,73,66,82,15.6430263441253,24.9308326883628,7,1,21,0.157456967909856,0.0189733017800067,0.158974358974359,0.153333333333333,0.164179104477612,0.842952756850023,0.183092281203873,0.91025641025641,0.746835443037975,0.986111111111111,0.315127920380699,0.0869991926852264,0.298039215686275,0.274509803921569,0.333333333333333,31.6530398925496,8.87846900749966,30.2108298566453,27.3015732593788,34.079780421471,-6.27974609292787,3.25487492229304,-6.53244533813474,-7.90256234145447,-5.14233945593631,33.6127830382252,5.89009306953288,34.4591699910082,31.6751478102499,36.5877875772568,57.4932165673682,15.0273171782957,0.45384461766105,0.132689684875458,0.992444907041849,0.51433852559041,0.120498329869851,0.276075799009015,0.469390785835512,0.445970393097502,0.430621105469814,0.367792984273426,0.0628281211963883,0.108395076133248,4354,0.0846702837251813,0.0512662172699982,0.0281978114707058
2,"Acer platanoides",22,"l2nr022.tif",47799,2388.1820330805,119.320768700778,0.105315870415418,0.105315870415418,0.514662279180314,402.216600937434,376.95039734386,1.06702792667579,1.20033340476848,0.0473022448168372,0.315264168700102,0.4810857870396,246.697338856332,0.0117366472101927,0.505868323605096,0.494131676394904,-0.699086423089837,-3.03074389271687,-3.07957288136663,-3.29955062845135,-6.48913995309088,-6.41225818733889,-8.43728706520733,82.5435469361282,24.8417406406791,78,69,89,84.6570221134338,22.0899621050579,82,73,91,7.27444088788459,26.1073680560776,0,0,0,0.172986833539474,0.0388330661758878,0.174418604651163,0.168604651162791,0.17962962962963,0.948640982038423,0.158782612648497,1,1,1,0.33857398772392,0.0936832951982312,0.32156862745098,0.290196078431373,0.36078431372549,34.4562680618724,9.09730148818645,33.2140198614267,29.6380947020488,37.1957532312798,-10.2058017938586,5.20208867668782,-11.0362440146446,-12.3894382901733,-9.45922861963991,39.2620104428077,6.96857409028399,40.1683781631383,37.1783832471531,42.8793179292424,79.4960564028537,21.2433507029987,0.497845191907409,0.767965857026298,0.984644030209837,0.328437833427478,0.224485674180173,0.276699623474685,0.514628332042788,0.48574730565795,0.492414620285998,0.367057675849473,0.125356944436525,0.106062362350759,3684,0.085406282601136,0.0573296987890406,0.0271671316252616
2,"Acer platanoides",23,"l2nr023.tif",42136,1924.59415460185,87.9073158327225,0.14295022542005,0.14295022542005,0.573818427955728,428.360389113249,281.479796878366,1.52181575325761,1.12263051360285,0.0391589139927853,0.349459436267378,0.560118042724022,231.623015818724,0.0177995063603569,0.508899753180178,0.491100246819822,-0.730521557328341,-2.8717589450908,-3.03525581398444,-3.51095713814945,-6.82723852591293,-4.9523835496447,-7.15605493441789,73.9830074045954,22.3034850459573,70,64,77,68.5726694513012,23.2084764788832,65,58,73,8.97531801784695,24.975389491184,0,0,5,0.15232709015057,0.0250459877671239,0.153645833333333,0.146766169154229,0.16,0.921029857036298,0.165724849142047,1,0.930555555555556,1,0.291500072594066,0.089406457191968,0.274509803921569,0.250980392156863,0.301960784313725,28.4239422752178,9.46853012340637,26.8926496339719,23.9628337161899,30.476923383857,-4.83874890115172,3.73941348667759,-5.03052672502935,-6.81042190595342,-3.2586177861591,33.104577548579,6.30987438153302,34.0589406721164,31.4350628700124,36.21257755343,54.1870134801589,16.428529406756,0.46059375254236,0.0904452249857604,0.991598632997912,0.731963166888172,0.164422412178585,0.306711611045673,0.467697808611739,0.456255608197138,0.458924714162326,0.378551991156625,0.0803727230057005,0.109848386341768,3315,0.0862091384287312,0.0503708002413574,0.0271585103889712
2,"Acer platanoides",24,"l2nr024.tif",40073,1876.91291373471,87.9096170924097,0.142946483331278,0.142946483331278,0.358599239887167,286.513353776468,440.812736033091,0.649966142890573,1.0997895689574,0.0398273151498515,0.31728742078709,0.497696138703628,225.881668747537,0.0319666608439598,0.51598333042198,0.48401666957802,-0.713635511613186,-3.75316987126508,-3.32442335904575,-3.34817582866338,-6.70628182085209,5.2248224787511,-7.19437257308176,77.4671724103504,22.7901277918339,73,67,82,77.4638035585047,22.9157142535199,73,66,82,10.4398472787165,26.0576721369722,0,0,7,0.166409310160582,0.0156024905291019,0.166666666666667,0.161616161616162,0.17156862745098,0.911086365464861,0.173943787729818,1,0.910958904109589,1,0.309322838760438,0.0916013060054816,0.290196078431373,0.262745098039216,0.329411764705882,31.6271649217467,9.35840326267972,29.870530530332,26.9941907706185,33.82145122417,-8.35681950365471,2.57582397179658,-8.40327813969094,-9.77109624611167,-7.04945197880849,35.6220881378814,5.97426423837179,36.6272255026581,34.1964084620929,38.4839211621769,67.0205874279439,14.1793125769556,0.480464676761448,0.428867317146208,0.998852094926759,0.583110822748484,0.0937597206567711,0.296134957497559,0.494793550462122,0.472611135346204,0.472095359923804,0.399392547663016,0.0727028122607883,0.106598011558161,3067,0.08400208156446,0.0448424279134383,0.0267569641064188
2,"Acer platanoides",25,"l2nr025.tif",60462,2106.09877195984,73.3626416137532,0.171291141348479,0.171291141348479,0.420590302377164,358.157756342894,436.917077414536,0.819738515286008,1.07332883899939,0.0271410141907313,0.386375097997956,0.554847412831913,277.457400971352,0.00168701002282425,0.500843505011412,0.499156494988588,-0.728654997197758,-3.48349576635907,-3.48010479579581,-5.04138518786838,-9.3029471029813,7.77597918686542,10.5148250346855,73.5124541034054,22.4732086154589,70,62,78,72.2394231087285,23.1141709751971,69,60,78,6.37059640766174,24.204056986923,0,0,0,0.162593948255246,0.0153068096277131,0.163934426229508,0.157004830917874,0.169398907103825,0.95329844385819,0.150554857090683,1,1,1,0.292710119011713,0.0907795755344821,0.27843137254902,0.247058823529412,0.309803921568627,29.5260670834836,9.42524729718098,28.1548193839661,24.61035251038,31.944939071955,-7.46202848553814,3.12868458282812,-7.5280417693448,-9.33392940440153,-5.73071778168147,35.1481840817576,6.41205946896678,36.0630252618828,32.7335572958622,38.7445688129665,64.5957957063936,16.5408460290965,0.484330940286602,0.318795276371936,0.999404584697827,0.69241837848566,0.0941413238181691,0.310134735112163,0.490236139502583,0.483240401169702,0.47798907070427,0.375884840420861,0.10210423028341,0.101712700304124,4564,0.0811709676845644,0.0482031828652256,0.0276074047541604
2,"Acer platanoides",26,"l2nr026.tif",49762,2060.08448660997,85.2849180493358,0.147345754698266,0.147345754698266,0.350344929010176,351.25240163472,406.561038997435,0.863959818926318,1.04156168659483,0.0321329528555926,0.348459867358496,0.545818502898447,251.712030354354,0.0397893975322535,0.480105301233873,0.519894698766127,-0.730491143879668,-3.83004707147304,-3.91071573820899,-4.14976755634757,-8.3503723944102,6.26017523069042,8.31233925177193,78.4232546923357,19.8724694513441,75,69,84,76.0249989952168,21.3261120843842,73,65,82,6.25181865680689,21.5034212970228,0,0,1,0.160817502545935,0.0168073684211646,0.161458333333333,0.154320987654321,0.168604651162791,0.950711266157484,0.142235035397898,1,0.98936170212766,1,0.311354202868398,0.0811640513527971,0.294117647058824,0.270588235294118,0.333333333333333,31.2677903361493,8.57576188997681,29.9687583767934,26.894250510727,33.8564459014155,-7.22099738206055,3.39299082769042,-7.32063429633467,-9.25572840279965,-5.38140891572228,36.9699813405247,5.91738325844356,37.7866169438538,35.0730767747528,40.0274775670915,67.374924641293,16.2272043355213,0.479407949793231,0.258992805755396,0.998151199710623,0.542180780515253,0.104512059014546,0.26068076275952,0.48518685675215,0.473918055395848,0.481060294990311,0.379883209401656,0.101177085588655,0.108514773645476,3850,0.0840776571815422,0.051008569703391,0.0267961724040942
2,"Acer platanoides",27,"l2nr027.tif",67415,2498.09877195981,92.5683820287342,0.135752298343709,0.135752298343709,0.517074428667125,404.28886417143,439.677731973514,0.919511803239978,1.13035145629523,0.0312393384261663,0.379254103814341,0.571577550648393,292.976865824456,0.00933026774456723,0.495334866127716,0.504665133872284,-0.750968537336694,-3.12513851416875,-4.54427375249421,-5.2587817703848,10.1776684246582,6.86630117325002,10.717547308073,78.0985982348134,20.5872089992379,75,69,81,75.2051917229097,20.4539707150602,72,65,80,19.1157902543959,24.8702176570148,13,4,25,0.158690463696047,0.0203737352406223,0.159313725490196,0.153225806451613,0.166666666666667,0.792961834825045,0.189145302982414,0.833333333333333,0.685714285714286,0.948051948051948,0.308612762912776,0.082563113948511,0.294117647058824,0.270588235294118,0.32156862745098,31.0862817001059,8.39001428394745,29.8396950079233,27.046349747401,32.9594573646784,-6.20259402607654,3.45063355281392,-6.41966754844447,-7.83422400825093,-5.02884186167954,31.513308119564,5.80124760923116,32.5393454602531,29.4421435702727,34.7188657618547,53.1959949566121,14.5047500097715,0.444971359294058,0.19136690647482,0.990714232737521,0.563924942520211,0.12838663797252,0.267529809531293,0.459315911374816,0.438096825474006,0.420440327846266,0.33667483783944,0.0837654900068261,0.104072325786063,5010,0.080166413313065,0.0458251227609297,0.0271783086035837
2,"Acer platanoides",28,"l2nr028.tif",39385,1868.28549673674,88.6248748842671,0.141792816416037,0.141792816416037,0.388597224991433,389.077150895208,335.939686530938,1.15817560858317,1.13748505311063,0.0450933096356481,0.301324059826325,0.514318920824791,223.934230231545,0.00733781896661165,0.496331090516694,0.503668909483306,-0.713898072550225,-3.60366752198316,-2.92726825661247,-3.17489258010028,-6.22616812622071,-5.74837119639245,-7.74928817882362,77.2857686936651,22.8597077164558,73,67,81,74.5219245905791,23.9405734949187,70,63,79,6.04194490288144,25.0543035590346,0,0,0,0.159285010204317,0.0164554362254768,0.15990990990991,0.154040404040404,0.166666666666667,0.959026172714296,0.151722087983033,1,1,1,0.305663597418146,0.0919389147677101,0.286274509803922,0.262745098039216,0.32156862745098,30.6311704121861,9.67804947511801,29.066317332835,26.0344684067624,32.5784505813351,-6.8720224940204,3.11960052255952,-6.88172543603563,-8.62732334862962,-5.20492763919414,36.3512682492198,6.8662027014679,37.2581826923625,34.2719978589867,39.7150219083889,65.7161355846142,17.4988511243521,0.48016800291498,0.186466929033896,0.998044940967373,0.621023232194998,0.103308127369054,0.300784637894428,0.484948826178741,0.478174511988515,0.478887685987697,0.419668508173064,0.0592191778146328,0.102360443002573,2853,0.0797908043405303,0.0464501554776275,0.0276400457611094
2,"Acer platanoides",29,"l2nr029.tif",59400,2447.32921933811,100.831991714244,0.124626821316513,0.124626821316513,0.50604990483855,393.143624496165,440.6609576825,0.892168043576551,1.1267624479865,0.0365319865319865,0.342870905037732,0.534480276418082,275.009870654252,0.00875420875420875,0.495622895622896,0.504377104377104,-0.73014858982029,-3.12657366576178,-3.79400842750668,-5.06377865725547,9.49616425091248,6.64896739383839,-10.3912527371602,83.9457239057245,24.2406199087612,80,72,90,84.7503703703709,22.3973664178576,82,74,91,8.13159932659958,25.4908487149051,0,0,1,0.168519769568723,0.0271108399096936,0.170411985018727,0.164576740506329,0.175,0.940008565873217,0.159699290868722,1,0.988095238095238,1,0.338319535221495,0.0942230893322835,0.32156862745098,0.290196078431373,0.36078431372549,34.5776237983464,9.24709638227072,33.3453146769274,29.9687583767934,37.3326978842326,-9.51004212335909,3.74192181347914,-10.0525871509194,-11.4494861014882,-8.43895948679194,39.1213892551841,6.71662781828065,40.1683781631383,37.3290612821922,42.6759884873913,77.423417508418,18.5690677393651,0.490541770810905,0.622138047138047,0.991717171717172,0.308063973063973,0.160876316281464,0.278503246914468,0.504917641339871,0.481432278322508,0.475725935599403,0.373438305703342,0.102287629896061,0.106593587887009,4612,0.0845416384066871,0.0543420249290274,0.0280024379993883
2,"Acer platanoides",30,"l2nr030.tif",41449,2211.99112422151,118.046387937821,0.106452817692129,0.106452817692129,0.237483545632437,423.948804907878,303.96049472714,1.39474968708828,1.10416490938331,0.0528601413785617,0.321649958101471,0.471019392376006,229.727024726582,0.0375159834977925,0.518757991748896,0.481242008251104,-0.709775607137456,-4.49423159739901,-3.10398909445702,-3.14013909452403,-6.2662202930124,-5.66906540517197,-7.13062926480318,83.3358343988996,25.5994646404092,78,69,90,82.1284952592336,22.8449989893347,79,70,89,5.31571328620719,23.8192678749407,0,0,0,0.165680915322501,0.0351057742488218,0.166666666666667,0.160642570281124,0.17351598173516,0.966313556302155,0.137121226813107,1,1,1,0.333987480007323,0.0985274480416656,0.317647058823529,0.282352941176471,0.356862745098039,33.7097154865743,9.38929651338158,32.4805014305991,28.7362849994875,36.7223142941974,-8.46144887143813,5.54399966208712,-9.33392940440153,-10.9418181479625,-7.41439337479027,39.3801594339865,7.25669934486351,40.0392381274981,36.793891041388,43.2451580501205,75.6054428333621,22.2822937129001,0.491016979282075,0.495621124755724,0.984969480566479,0.373953533257738,0.211887856658685,0.295003416728381,0.503597617353878,0.479477797225332,0.490292303032553,0.366454239880515,0.123838063152038,0.110075478793414,3151,0.0846383195895673,0.0624868221459,0.029557299906583
2,"Acer platanoides",31,"l2nr031.tif",32945,1839.69971029912,102.731674732878,0.122322259877824,0.122322259877824,0.464351048889325,450.010883094653,253.672306551543,1.77398506448009,1.12434500595499,0.0494460464410381,0.288598079797122,0.484852498583486,204.809366976464,0.00591895583548338,0.502959477917742,0.497040522082258,-0.680409741805538,-3.19640753058919,-2.37627089738636,-2.51536263765971,-4.9633397085373,-4.2041414456784,-5.9633784491722,80.2083775990288,21.9690348495932,77,69,86,79.3818181818189,22.8302819428084,76,68,85,6.50034906662541,24.518385627738,0,0,0,0.164664120620086,0.0161837975045276,0.164583333333333,0.158602150537634,0.170995670995671,0.953286109781275,0.151999970338408,1,1,1,0.319728007761003,0.0881754941015238,0.305882352941176,0.274509803921569,0.341176470588235,32.4951452602087,9.18868744616337,31.1312590585237,27.8333327539914,34.8714509893266,-8.271309613044,2.95431913270491,-8.35885586611781,-10.0796711618883,-6.52316304376777,37.9208989625334,6.43558586891631,38.7527110650084,35.7997044287878,41.1892296974191,72.0549096979817,16.3404148357533,0.486401280356681,0.369524965852178,0.99820913643952,0.45363484595538,0.0982836901281201,0.275782826919724,0.497691347267795,0.48119820986955,0.483431664574512,0.425084085877788,0.0583475786967239,0.111979166666667,2544,0.086038961038961,0.0503313367068035,0.0267184469828087
2,"Acer platanoides",32,"l2nr032.tif",42220,2236.62568389441,118.486367831741,0.106057522433334,0.106057522433334,0.464032140096369,519.55719900659,300.793302681402,1.72728978462962,1.13633728096862,0.0559924206537186,0.270157295459117,0.455366628377905,231.85377628738,0.0199431549028896,0.509971577451445,0.490028422548555,-0.670175763386641,-3.1772771563691,-2.30597199370591,-2.41017760806062,-4.76953465266914,-3.99882636181765,5.88328508189622,81.6392704879208,23.9599303155198,76,70,85,76.9627901468509,23.0131170487056,72,66,82,20.7823069635242,27.7763218856112,14,3,27,0.154748925307919,0.036942990509828,0.156028368794326,0.15,0.161616161616162,0.787259750928852,0.192309363373558,0.817073170731707,0.671232876712329,0.954545454545454,0.32111256629606,0.0947463787976068,0.298039215686275,0.274509803921569,0.333333333333333,31.9807888949655,9.4418531659666,30.1570881800934,27.34418926617,34.0117833362643,-5.36249006334592,4.03941922144787,-5.75321133904139,-7.13844438776495,-4.37484487404095,31.7705167634916,6.2093377350285,32.6197744668628,29.4149417108912,35.1174306917647,51.5040028422545,16.5263476555751,0.439175846818991,0.0892704879204169,0.985575556608243,0.500189483657035,0.238728574027835,0.295056589019303,0.453342030174614,0.432244168926554,0.435498515990214,0.361811018995657,0.0736874969945561,0.104768442731161,3158,0.0833817394518667,0.0540569192691766,0.0292212921012433
2,"Acer platanoides",33,"l2nr033.tif",41359,2354.79220613577,134.071092968345,0.093729157688945,0.093729157688945,0.404827450500623,416.21572288732,355.201904053904,1.17177221782054,1.17276028895795,0.0542082738944365,0.279753972654052,0.463146696528555,229.477481097169,0.0242027128315482,0.512101356415774,0.487898643584226,-0.688146639533557,-3.47501309725366,-2.67023722803141,-2.85267019223713,-5.61466601037498,-5.2208489435118,-6.91572914821716,83.3320679900403,25.0117731252663,78,70,88,83.8910031673883,22.4498509652743,80,72,90,7.33912812205274,27.1692941522368,0,0,0,0.168440347428686,0.0334674849540763,0.170634920634921,0.164634146341463,0.175627240143369,0.95148781253637,0.159742864256911,1,1,1,0.336612890761856,0.0970020348337455,0.317647058823529,0.286274509803922,0.356862745098039,34.269261992198,9.26837593005642,32.7474095413314,29.4483669318485,36.8567991079471,-9.3374740278757,5.01742602895631,-10.0763321835144,-11.5919235702052,-8.41570886072887,39.0804248866325,6.97396914337228,39.9289680105758,37.1079227126754,42.7701216119013,77.1108102226848,21.7984944300417,0.493272640067103,0.634348025822675,0.984283952706787,0.356439952610073,0.198690428191828,0.28817088473953,0.5062211452952,0.480780458059118,0.495204307615872,0.359880702629282,0.13532360498659,0.103112946161786,3042,0.0826316075406096,0.0552886236940555,0.0255161980486986
2,"Acer platanoides",34,"l2nr034.tif",53242,2162.75353416827,87.853627766751,0.143037583464653,0.143037583464653,0.461749167804822,371.247744501312,473.209001295081,0.78453229648058,1.09321230766661,0.03608053792119,0.303066225532845,0.495382711569506,260.364782259025,0.00450771946959168,0.502253859734796,0.497746140265204,-0.7146677599508,-3.27585694561334,-4.94382496500601,-4.24794446048402,-8.88447914932969,5.91815261397754,-9.2276841944313,85.1350625446082,24.3122355750352,82,73,92,79.8690883137367,25.4072176673278,76,67,87,11.7187934337547,27.4498916061131,0,0,10,0.155352391245108,0.0413594455710619,0.154589371980676,0.149350649350649,0.160087719298246,0.901680442773156,0.187250968030533,1,0.888888888888889,1,0.334666056798738,0.0960533044654413,0.32156862745098,0.286274509803922,0.36078431372549,33.1340725041703,10.2750301582025,31.6514318451289,28.0461791955249,36.2805848134309,-5.761738910499,2.99893642053311,-5.80414370885751,-7.44833296266634,-4.21920264002801,36.5928679470329,7.64827605938995,38.0255407409724,34.8002994490851,40.1493376759844,62.8843206491119,17.9359642485387,0.459687688839819,0.0645730814019008,0.991735847639082,0.339975958829495,0.266229859568605,0.287012388101831,0.4659129928586,0.457414686579742,0.448381506951856,0.41612845094027,0.032253056011586,0.102897572746048,3929,0.0803427192605771,0.060304924400867,0.0440613158812249
2,"Acer platanoides",35,"l2nr035.tif",51624,2355.02770414795,107.433664328691,0.116968649378956,0.116968649378956,0.386769545997915,346.09749727815,420.626806508575,0.822813695948058,1.10989014631269,0.0444560669456067,0.354614301428084,0.504212022210176,256.378076787794,0.0109251510925151,0.505462575546258,0.494537424453742,-0.72646548666752,-3.63765750422963,-3.73364135531351,-3.67021796332719,-7.39252754210487,6.00025530166749,-7.89603381786369,103.122210599721,23.1069738172045,100,92,111,97.1823764140702,23.4234729413442,94,86,105,34.2622617387274,32.3178701165095,31,7,52,0.152894032710258,0.0409980100085537,0.152083333333333,0.146929824561404,0.157142857142857,0.705481417927454,0.22063002722302,0.693069306930693,0.536363636363636,0.924731182795699,0.404877424392971,0.090936911898185,0.392156862745098,0.36078431372549,0.435294117647059,40.457360652438,9.38359093222608,39.4564349790437,35.8897647252912,43.8139796014296,-5.70045297403096,2.48714270364705,-5.69860933241742,-7.02365023448615,-4.44851474837085,34.5411904770093,7.51261488480836,35.6830410645167,30.3732736351145,39.8433164967198,56.980280489695,16.7121307038266,0.423600396137129,0.0371145203781187,0.994711761971176,0.0646792189679219,0.268146565393434,0.224603561954392,0.430131055732788,0.423237654037629,0.411504772398277,0.395013705853099,0.0164910665451781,0.104562656801463,3732,0.0793468554662585,0.0666293935624408,0.043307027264609
2,"Acer platanoides",36,"l2nr036.tif",67766,2535.7556262093,94.8861758972362,0.132436263718424,0.132436263718424,0.569042098857704,411.422489252663,452.204347864803,0.909815421269828,1.21147999723834,0.0356520969217602,0.36424121859067,0.540461217604907,293.738575928534,0.0131039164182628,0.493448041790869,0.506551958209131,-0.738166725843742,-2.90440291691937,-4.19355756329045,-4.47578996890228,-9.15485147293428,6.06145815505669,8.86021197511205,95.9834872945131,22.3539025767638,94,84,104,94.3874214207724,22.9122066114523,92,83,103,34.6298291178456,30.8705136266909,33,8,52,0.162402288898389,0.0191951112027845,0.162280701754386,0.156716417910448,0.166666666666667,0.680961851870213,0.228502943204032,0.652173913043478,0.5,0.909090909090909,0.37920375363202,0.0888932030034516,0.368627450980392,0.333333333333333,0.411764705882353,38.930105898232,9.2395747775491,38.0457585440054,34.138068679791,42.5098694919275,-7.48312346231078,2.63613190568437,-7.47053434666745,-8.77802412414613,-6.24619763846876,32.5886902455162,7.54292558822644,33.4838517531,28.0308134636124,37.971180323963,58.1615264291824,16.5357260451464,0.429651444331868,0.238689018091668,0.996325591004338,0.118525514269693,0.11819483096448,0.23442068259507,0.438380340900782,0.428925919586257,0.41369832192278,0.395167631966818,0.0185306899559619,0.102052533371609,4730,0.0754349871616988,0.0542897737094452,0.0393672938754091
2,"Acer platanoides",37,"l2nr037.tif",64873,2257.16983977169,78.5352255264125,0.160009352874818,0.160009352874818,0.37216551073388,390.48589020172,433.816434601639,0.900117789590641,1.06464709782535,0.0307986373375673,0.382959313167259,0.548676159021614,287.400189606069,0.0123780309219552,0.493810984539022,0.506189015460978,-0.72772037557488,-3.71221899275548,-3.73507895508243,-5.59068715495375,-10.2810732453332,7.46533250790997,-10.7158634483967,92.3305535430759,21.9788277229687,89,81,99,84.2752917238292,23.561665747887,81,71,92,16.6448291276796,28.0717120681093,2,0,26,0.147988183519476,0.0217682061645419,0.148373983739837,0.143137254901961,0.154008438818565,0.85664568614586,0.200034837246616,0.975903614457831,0.739130434782609,1,0.36253802678718,0.086703224690797,0.349019607843137,0.317647058823529,0.388235294117647,35.2997700627933,9.43714096752528,34.1233119637617,30.2063070005101,38.6483825203228,-4.49462892327324,2.96905258154235,-4.41109024203026,-6.08590040450191,-2.86993638460242,36.8240604188068,7.1093331056436,38.3628478773045,34.4665739197253,40.4738316450806,59.5752007769014,17.2067216318249,0.444353230739248,0.0289642840627071,0.998735991861021,0.161006890385831,0.14709421725271,0.239156220990131,0.453339125924513,0.438149218920766,0.427363203494815,0.436681559017188,-0.00931835552237287,0.103414553290237,4872,0.0807558428642466,0.0568084866710974,0.0369772799447055
2,"Acer platanoides",38,"l2nr038.tif",67372,2232.78506346084,73.9970483229506,0.16982259291634,0.16982259291634,0.49398918236568,405.845241580124,426.077330400761,0.952515453470366,1.07338896005883,0.0233331354271804,0.389610411191441,0.555299586649138,292.883414702672,0.0164163153832453,0.491791842308377,0.508208157691623,-0.726529704072376,-3.1672261562279,-3.66903486202335,-5.13197284959757,-10.773114532241,6.93528630826184,9.53319482468233,104.829112984623,19.4995085808899,103,95,113,97.9122187258799,21.070529403798,95,86,106,42.8401561479543,29.1326818228504,44,22,60,0.147268744111915,0.0164333698645758,0.146766169154229,0.140522875816993,0.153333333333333,0.62069965873364,0.212580236057093,0.575471698113208,0.464912280701754,0.770833333333333,0.411649512859825,0.0772840442928642,0.403921568627451,0.372549019607843,0.443137254901961,40.962206239369,8.34513288714408,40.0704039204383,36.3276900480227,44.4049722833977,-4.6503413442964,2.54388610135287,-4.34104735497046,-5.83413733537188,-3.10579384140727,31.0276324027598,7.59596840163163,30.7352552607113,25.8022692293521,36.8627405327233,48.155168319181,16.9604391795534,0.40559159928322,0.0390369886599774,0.99936175265689,0.0354153060618655,0.111587627449989,0.187742343160354,0.407718082944876,0.405396946397707,0.384796270843578,0.40836528488242,-0.0235690140388423,0.109064885496183,5136,0.0816793893129771,0.0586580997336161,0.0362458033898314
2,"Acer platanoides",39,"l2nr039.tif",67555,2773.76276888423,113.88882981346,0.11033892116498,0.11033892116498,0.539197324150674,403.949372120474,453.29509761407,0.891139953303424,1.13286786081532,0.0359558877951299,0.368934729029271,0.547323135755258,293.280918991645,0.0152320331581674,0.507616016579084,0.492383983420916,-0.730804877354111,-3.00023827422968,-4.8751280981265,-5.13686708115279,-10.2753961399715,7.17813723641874,-10.3129881274053,96.3362149359786,22.7295885816068,94,84,106,90.5693879061502,23.8187978665694,88,77,100,35.1789948930495,31.0601986240303,33,7,54,0.150115817171386,0.0226124754123048,0.150326797385621,0.144144144144144,0.156746031746032,0.676115663183044,0.234289492892596,0.652173913043478,0.489795918367347,0.911392405063291,0.378460600730559,0.0897132706445385,0.368627450980392,0.329411764705882,0.415686274509804,37.7892255366447,9.61153097396963,36.9381565531486,32.4736161844007,41.8144218972965,-5.00621396019281,2.63284511026479,-4.87388849855805,-6.39384523329317,-3.52005038946582,31.1224224944787,7.71731227312172,32.0606478813169,26.2975520739643,36.6657466282715,49.6235659832726,16.5184811565666,0.416797370624241,0.0515727925394123,0.996536155724965,0.130249426393309,0.150633528749704,0.237047846550772,0.421320680619236,0.417423571725698,0.402697825974409,0.396946376459649,0.00575144951476014,0.103296667901374,4973,0.0800895431046978,0.0625976342926905,0.0404628724782614
2,"Acer platanoides",40,"l2nr040.tif",40840,2399.81450071236,141.01639661678,0.0891128330878357,0.0891128330878357,0.429722608428208,444.295892446238,293.747324106451,1.51251043323625,1.10296292977169,0.0557296767874633,0.312924463382927,0.463056924027597,228.033118224051,0.0190989226248776,0.509549461312439,0.490450538687561,-0.699084395114151,-3.38333120425566,-3.10976021158763,-3.17097819190697,-6.33566490044568,-5.03299296198299,-6.79881032603145,84.3020078354555,25.5957164327852,80,71,91,83.7977962781586,23.9560332733896,80,71,91,12.2271057786495,27.7630237764465,0,0,10,0.165507581538074,0.0221693563373448,0.166666666666667,0.160337552742616,0.172727272727273,0.900739866408348,0.18343976247471,1,0.888888888888889,1,0.337391926408175,0.099732937257975,0.317647058823529,0.286274509803922,0.364705882352941,34.3108137364407,9.87345566834166,32.7490998801659,28.9071089422507,37.4951809965152,-8.55145952179488,3.87100893459669,-8.95934320654349,-10.6181756649566,-7.13294979100679,37.4014873949584,6.81856166869855,38.5060016849248,35.1318080363811,41.0661402501126,71.066478942212,18.6696191274248,0.477975107309396,0.439324191968658,0.990891283055828,0.354138099902057,0.133947677788387,0.29559965475202,0.495096719957683,0.464061862864096,0.473955495926372,0.373689503705673,0.100265992220699,0.11008871012177,3074,0.0846878615901703,0.0579809705333251,0.0317193997559912
2,"Acer platanoides",41,"l2nr041.tif",44709,2124.59415460184,100.961782231056,0.124466608420208,0.124466608420208,0.437273578660316,320.00184976601,459.120121218462,0.696989382466522,1.24128426382104,0.0430338410610839,0.304309941818895,0.49263401465484,238.590164938885,0.0299492272249435,0.514974613612472,0.485025386387528,-0.712792649198127,-3.37734952055121,-3.14785405762554,-3.24438853576858,-6.44131484465769,4.95664457818038,-7.65638814309098,80.4216377015809,21.5594595449064,77,70,85,78.129817262744,22.4278731905925,74,68,83,21.6506743608679,26.4506391585228,16,5,29,0.160017662463575,0.0167055398188982,0.159722222222222,0.153846153846154,0.166666666666667,0.772412404148063,0.192431350464099,0.8,0.657894736842105,0.933333333333333,0.317863447242057,0.0866380664006494,0.301960784313725,0.274509803921569,0.333333333333333,32.2282765148028,9.08368224066702,30.6309940673116,27.8805750721419,34.3192404490119,-6.59365016364766,2.53332742054542,-6.55414844537533,-7.94862307317348,-5.20765587201763,31.6130379196333,5.94316936884556,32.5090878956607,29.4255163036592,34.8553012838007,54.1873224630379,13.2471230967427,0.442711294345904,0.1917063678454,0.997986982486748,0.481849292088841,0.104398098668032,0.272563790771795,0.453820128302382,0.444787488905027,0.430532380617102,0.388924942908964,0.0416074377081373,0.102931068342498,3146,0.0772289866457188,0.0490980839894884,0.0316312954919782
2,"Acer platanoides",42,"l2nr042.tif",42989,2160.60129727677,108.590522361397,0.115722535826262,0.115722535826262,0.47975069172016,386.179105121244,367.265759274066,1.05149771077097,1.1652060575737,0.0458256763358068,0.30310153140383,0.495707573005852,233.955753912187,0.0213310381725558,0.510665519086278,0.489334480913722,-0.711138130784634,-3.19408147947382,-2.99800739636597,-3.1233160858434,-6.20221795245782,-6.18153840813877,6.73089730050009,71.2587871315918,23.1856054285243,68,61,75,68.7629393565789,24.1473867190289,65,58,74,12.1214264114081,25.6984729852619,3,0,12,0.159264583022938,0.0201170413905845,0.15962441314554,0.151785714285714,0.166666666666667,0.879841791383444,0.18053460467889,0.957746478873239,0.839080459770115,1,0.282960757403056,0.093535001073975,0.266666666666667,0.23921568627451,0.298039215686275,28.1967795525144,9.8974079487031,26.8617301291272,23.6907386314747,30.4115770351243,-6.19047897423795,3.29787992062975,-6.2671072308722,-8.11333039689055,-4.40196037949558,31.4352145865776,6.39988650899492,32.5491862688534,29.3094845883362,34.8728334325283,54.1456651701603,15.3664232029542,0.462254559059766,0.23668845518621,0.998697341180302,0.761124938937868,0.126312083216738,0.330558207441406,0.471159087861084,0.45371115058511,0.46064873285821,0.402018730189117,0.0586300026690929,0.122408129747485,3588,0.0920755491685486,0.0541861127341689,0.0313382038467634
2,"Acer platanoides",43,"l2nr043.tif",39286,2146.25100885133,117.252797255902,0.107173311924775,0.107173311924775,0.452691980604456,442.691123413498,300.363160404897,1.47385292795807,1.08892015518996,0.049432367764598,0.29545431234127,0.47201446585086,223.652607305315,0.047090566614061,0.523545283307031,0.47645471669297,-0.694813274256577,-3.27457810774104,-2.75358352128733,-2.77221607203619,-5.53512520854331,-4.62021231765677,7.71832785355041,77.3062159547937,23.8535668015336,74,65,82,72.5566359517376,24.8269528231628,68,60,79,11.3421575115831,25.4243710585839,1,0,10,0.153858181983039,0.0214102820319487,0.155405405405405,0.144444444444444,0.166666666666667,0.898348369181944,0.174363276384597,0.985507246376812,0.879120879120879,1,0.306168939092208,0.0944943783460389,0.290196078431373,0.258823529411765,0.325490196078431,30.0346916604321,10.0668493997893,28.3645996312585,24.8230991897222,32.717993549062,-5.41513445033454,4.10177830060524,-5.65636448442049,-8.27856297784496,-2.9205308697686,33.75400637659,6.41958376476209,34.6892180694326,31.6098569913028,37.1903158274398,56.4648984371028,17.2810347791423,0.458619842403755,0.200783994298223,0.99788728809245,0.585373924553276,0.139155952688645,0.308634763270174,0.461978957128426,0.443130048501271,0.471087641866946,0.387216001056539,0.0838716408104068,0.111073388785152,3010,0.0851581508515815,0.0547380602748768,0.030921305247189
2,"Acer platanoides",44,"l2nr044.tif",48281,2188.57691065913,99.208154219471,0.126666711151177,0.126666711151177,0.331337805290942,336.095476131851,424.715347300794,0.791342903589069,1.10191703887685,0.0420248130734657,0.33823273318915,0.506852550744569,247.938053673409,0.00880263457674862,0.504401317288374,0.495598682711626,-0.727120882826173,-3.92618033004586,-3.21667917085582,-3.32347168662253,-6.60079569635689,5.63396676799742,7.33541198389153,76.389780659058,21.4881635005198,73,67,80,71.1335515005893,22.6081470072259,68,61,76,16.5596611503484,25.345302317106,9,1,23,0.1517988967118,0.0223895426385682,0.152777777777778,0.145454545454545,0.160130718954248,0.825819184814177,0.188518384248796,0.884057971014493,0.719512195121951,0.984615384615385,0.301138961415017,0.086179770273826,0.286274509803922,0.262745098039216,0.317647058823529,29.5642600418446,9.21640786642952,28.3755062530811,25.3736222655216,31.817338625016,-4.72761403653144,3.73340750879612,-4.9377841740737,-6.65627789958537,-3.1887016944816,31.0592747511143,6.06563905731868,32.0747191616328,29.178073856777,34.2719978589867,49.317661191773,15.5220671886,0.440990426588043,0.104678859178559,0.991901576189391,0.6373107433566,0.147494764297144,0.286179408943625,0.453460356431567,0.427931567966379,0.43898370143881,0.368422998935489,0.070560702503321,0.10876509367708,3611,0.0818060306744297,0.0536609342408108,0.0343471147369386
2,"Acer platanoides",45,"l2nr045.tif",49514,2308.07438534218,107.589921401476,0.116798771210802,0.116798771210802,0.343140835464981,352.309331444382,418.574845716685,0.841687777107479,1.13975357922155,0.0439471664579715,0.335761379254562,0.490983821947217,251.084015457012,0.00100981540574383,0.499495092297128,0.500504907702872,-0.72223104447501,-3.85192909846463,-3.37148435398435,-3.45433856100266,-6.93277038627494,5.81623174511637,7.15937608679222,78.7904229106909,24.575431948247,75,66,85,80.2518075695756,22.527030403647,77,68,87,6.35511168558379,24.3382197397779,0,0,0,0.170075529701224,0.0207675842347103,0.170682730923695,0.164728682170543,0.176029962546816,0.95571619383445,0.149499338212631,1,1,1,0.319969317451907,0.0947555132197895,0.301960784313725,0.270588235294118,0.341176470588235,32.6354298316348,9.36281954658257,31.3582673652863,27.6253151519067,35.4970324911601,-9.56705374779976,3.67221416672861,-9.92294573303351,-11.5230186679791,-8.22662065256915,37.9549988179946,6.88711583051086,38.7527110650084,35.4257263294006,41.8713933830221,75.358080542877,18.4044405200479,0.497124591413908,0.638667851516743,0.99180029890536,0.473563032677627,0.122108007830905,0.296139372606851,0.510775710790607,0.485981997309218,0.493676724160176,0.387100972394963,0.106575751765213,0.108833577354807,3817,0.0846754514397267,0.0566760079470547,0.0301090573217727
2,"Acer platanoides",46,"l2nr046.tif",94197,2981.55165748965,94.3729660846872,0.133156465624727,0.133156465624727,0.46732529217049,460.614476657034,510.816851447119,0.901721380867011,1.10486384985859,0.0285465566843954,0.400344874183052,0.603179278659132,346.316828056937,0.00814250984638577,0.504071254923193,0.495928745076807,-0.755545172728824,-3.33423705632941,-4.80038139316883,-5.19622378045795,10.7650045917461,6.88505643904531,-10.2108188973977,83.7745257279987,25.477119431078,79,70,91,83.6439164729239,23.5462335885825,80,71,92,14.9906791086726,28.2336310669838,2,0,19,0.167074280632846,0.0319105713063745,0.168949771689498,0.163366336633663,0.174074074074074,0.865529037580288,0.201260082203421,0.974025974025974,0.783783783783784,1,0.335812326565499,0.0996020038611041,0.317647058823529,0.282352941176471,0.364705882352941,34.2526826409354,9.73812401113803,32.8183285564162,28.9277092759444,37.8371514229139,-8.56898726323385,4.43309034864318,-9.15226408356476,-10.6087652267441,-7.62498806994244,36.2074471392197,7.35623981300569,37.2941489668478,33.7338328456178,40.0274775670915,68.5226281091762,19.9103406182148,0.471309569186628,0.546673460938246,0.98565771733707,0.388589870165717,0.190996310111328,0.296600201020545,0.485471962763556,0.463870358056334,0.449850152026578,0.457629395534404,-0.00777924350782633,0.117175814712414,7807,0.0884625844173503,0.0649738519819601,0.0350002012225406
2,"Acer platanoides",47,"l2nr047.tif",66616,2507.71399564896,94.401187161848,0.133116658721828,0.133116658721828,0.492657217542861,402.554701651055,461.377660927347,0.872505835765734,1.13152130271828,0.0331151675273208,0.35867167863003,0.549652836509305,291.235515540391,0.0203854929746607,0.48980725351267,0.51019274648733,-0.733970395894286,-3.1874477078325,-3.95267187100228,-4.82501341817988,9.28063145524262,6.44976340676548,9.502457772184,84.9634171970708,23.4643775732959,81,73,91,78.6838146991712,24.0789106509658,74,66,85,8.35114687162121,26.3492908929563,0,0,1,0.152113908202055,0.016030651190274,0.153256704980843,0.147887323943662,0.15843621399177,0.939170401779483,0.164092440048381,1,0.989690721649485,1,0.333848666162755,0.0927822457480118,0.317647058823529,0.286274509803922,0.356862745098039,32.7428949087871,9.73752322614835,31.0086122986048,27.7287150466757,35.4529987962368,-5.33032642563011,3.09179117639959,-5.3879558083037,-7.08974202816816,-3.78521970827859,37.590450206872,6.74157864238043,38.6257020354862,35.7739120418026,41.0678430319748,64.0530653296499,16.8406688557703,0.465567460101536,0.0522096793563108,0.997237900804611,0.371622433049117,0.105385834039544,0.277917077029334,0.475439222607162,0.459110807432579,0.456144134176099,0.385736854166076,0.0704072800100228,0.103078396053422,5011,0.0813170407153173,0.04673095466374,0.0279429846949071
2,"Acer platanoides",48,"l2nr048.tif",47329,2615.95663633608,144.588500141367,0.0869112730408903,0.0869112730408903,0.341551245886321,329.053120574945,452.78339365494,0.726734074584263,1.08818364330321,0.0472860191425976,0.317666065817395,0.502220406517437,245.481474683469,0.016586025481206,0.508293012740603,0.491706987259397,-0.702532391430337,-3.8211000149005,-3.67924479625458,-3.42878869442512,-7.03418135799544,5.44628377026102,-7.3209845243471,90.2038919055965,25.0884820439428,87,77,96,93.6724629719631,21.5482414547234,91,83,101,4.86699486572715,24.0818264930054,0,0,0,0.174201055490485,0.0252522359196968,0.176029962546816,0.171212121212121,0.18075117370892,0.970528867731832,0.13753291646304,1,1,1,0.373890236015808,0.0934408537911388,0.36078431372549,0.325490196078431,0.4,38.0188953473768,8.8324308704942,37.0866770820425,33.6279104882221,40.9401493974886,-11.6762777146753,5.66186448814274,-12.6036015614687,-13.8752120381044,-11.1542985234747,43.1033765999534,7.69438861844498,43.8421527706162,40.6863835536777,46.8431417305808,92.2740391726009,23.5513756382571,0.506420489292993,0.859536436434321,0.983054786705825,0.133913668152718,0.144960291449646,0.24991520114816,0.518160811111554,0.500757533163176,0.500337386265081,0.372921851574524,0.127415534690557,0.0993120730006383,3424,0.0809437129145883,0.057980396900504,0.0284356103053034
2,"Acer platanoides",49,"l2nr049.tif",51394,2195.56471735031,93.7950816841177,0.133976860926249,0.133976860926249,0.364220063999409,367.435612607538,448.286211566157,0.819645135467907,1.09836949986862,0.031910339728373,0.312015229478645,0.527107136263872,255.80631962897,0.0253336965404522,0.487333151729774,0.512666848270226,-0.716827450439939,-3.73064797798571,-4.8578612079942,-4.58871577871405,-9.51620328059068,6.506852062877,-9.41951131306262,94.5165583531154,23.7714654120628,91,82,101,97.2122815892918,20.344163879286,95,87,104,4.24428921664012,22.7691104903424,0,0,0,0.172038092052658,0.0198794184750401,0.174157303370787,0.169753086419753,0.17843137254902,0.975439101658224,0.126406212636142,1,1,1,0.387442266473466,0.0886045844481444,0.376470588235294,0.341176470588235,0.411764705882353,39.5140079739133,8.3401516696481,38.7933001876852,35.222945868001,42.4803881370975,-11.5946714252182,5.16025618332088,-12.4613903531858,-13.6127829955615,-11.0912804698302,44.6230208827492,7.39625905967103,45.2851240490393,42.2402130091508,48.190392428669,95.6637156088264,22.6469542487211,0.504625648345582,0.824434758921275,0.985834922364478,0.0822469548974588,0.115552422851812,0.22869106415761,0.513304068986103,0.500842282395197,0.499790784398264,0.350594148969564,0.1491966354287,0.106194313904778,4023,0.0855466008888511,0.0531770252262432,0.0257785905735906
2,"Acer platanoides",50,"l2nr050.tif",40090,2237.86623254047,124.92006172973,0.100595296226695,0.100595296226695,0.28936535780596,290.180848163287,466.564334951427,0.621952486345742,1.17732538398294,0.0491643801446745,0.29611184006131,0.48232342980203,225.929576081647,0.0342229982539287,0.517111499126964,0.482888500873036,-0.680309260637223,-4.07974472686854,-2.75440188643623,-2.82796323931498,-5.64855580855773,4.90277481821717,6.06781446116829,89.6179346470436,25.2178420391229,86,77,97,94.6985033674238,20.7914978549589,93,84,102,4.4412571713645,23.1794701961755,0,0,0,0.17734542223178,0.0249067434379954,0.17962962962963,0.174382716049383,0.184615384615385,0.973441297069981,0.131090189924482,1,1,1,0.378793890217599,0.0911144871273701,0.364705882352941,0.329411764705882,0.403921568627451,38.316221159725,8.54587809879926,37.4926193781946,33.8105324974405,41.5256452259791,-12.5710209269102,6.58664039431989,-13.735795952652,-14.9136856183983,-12.3874964831464,43.4593355865567,7.5727863102803,44.0775605494399,40.8912634911016,47.3140712289659,95.3378149164395,24.9460281848188,0.512544937197482,0.90613619356448,0.979246694936393,0.11012721376902,0.14044198595102,0.240538427994419,0.52583906544271,0.504470592992977,0.511298944288646,0.360847968337538,0.150450975951109,0.100603621730382,2826,0.0789738430583501,0.0606365805901616,0.0296146453990093
2,"Acer platanoides",51,"l2nr051.tif",76215,2344.7606768432,72.1367530232916,0.174202054953898,0.174202054953898,0.430136100130794,453.827784615681,394.013631201975,1.15180732004433,1.18894423802222,0.0236042773732205,0.426224221343236,0.621144081955322,311.512362358206,0.0554615233221807,0.47226923833891,0.52773076166109,-0.741670009789945,-3.46666153894572,-3.47935196998277,-5.70670314762637,-10.3164161237612,7.61795459749831,-10.8652286181844,93.7194253099787,23.2171687518966,91,81,101,93.474972118351,21.0698435072608,91,83,101,4.27376500688839,22.3226708996134,0,0,0,0.166992522112178,0.0267162194779019,0.168582375478927,0.161847361575622,0.174698795180723,0.974402783289677,0.126561084879852,1,1,1,0.376855875985506,0.087465640587764,0.364705882352941,0.329411764705882,0.403921568627451,38.2742126963771,8.49186349228965,37.4099102777276,33.9458977325536,41.3168381511586,-9.86392278238305,4.95820980821227,-10.6768804559426,-12.2153202057493,-8.75098517252101,43.6908153092434,7.2573945140088,44.2701345680084,41.3006687499475,47.338596850721,88.9567539198317,21.9259488042615,0.495556128818358,0.549143869317064,0.991038509479761,0.114072033064357,0.159984524935617,0.232093078360372,0.507393152341322,0.488888286061057,0.495766276185479,0.466801004037529,0.0289652721479505,0.105507473329512,5996,0.0838355168412075,0.0573684176896755,0.0245552490071732
2,"Acer platanoides",52,"l2nr052.tif",41060,2251.28044610285,123.435549123357,0.101805117760693,0.101805117760693,0.185800705263617,304.01793210804,420.357887988527,0.723235939648496,1.18417130229407,0.0515343399902581,0.321292466848876,0.49135109584697,228.646486320752,0.0472479298587433,0.523623964929372,0.476376035070628,-0.701141463124544,-4.91302991096005,-3.0950880861568,-2.94230442059075,-5.96977605196504,5.71818344104459,6.66211782825525,87.1207014125658,24.4030509782214,84,75,94,94.1481246955683,20.3880180618185,93,84,102,5.01517291768107,23.0626391531868,0,0,0,0.180583736120196,0.0224496036008872,0.182748538011696,0.178333333333333,0.187037037037037,0.968729229437693,0.133821290519808,1,1,1,0.374839975931922,0.09038128456627,0.364705882352941,0.329411764705882,0.4,37.89833124971,8.47519533180743,37.3199811029449,33.6362446801239,41.0905918787643,-13.4490202981158,5.70292731275141,-14.5027129917704,-15.6762947559361,-13.0441407904121,42.86238203987,7.31156383020841,43.7713276821684,40.6863835536777,46.606238144341,96.1603750608857,23.6586367438968,0.516672732061909,0.942450073063809,0.981368728689722,0.120725767169995,0.124316862409071,0.24111965139376,0.528144741856671,0.506422016615872,0.518853553819677,0.371705563797229,0.147147990022448,0.0996113391134183,2923,0.079444459543935,0.051312656217549,0.0266986444740936
2,"Acer platanoides",53,"l2nr053.tif",55905,2522.82669402117,113.847679600497,0.110378803138157,0.110378803138157,0.487445476622901,382.409637546076,444.248714637265,0.860800774310214,1.12664905256186,0.0428763080225383,0.329075570585621,0.504425736946106,266.796658053318,0.0077095071997138,0.496145246400143,0.503854753599857,-0.72367439511254,-3.18785205591334,-5.55972160018162,-4.50081744147198,9.97550275893324,6.14865458807909,9.56112077169252,76.1261067883009,22.8319111658671,72,65,80,74.968231821841,24.2485296808008,70,63,79,15.3621679635087,27.9949859132762,3,0,19,0.163680832713625,0.0172790733653098,0.163461538461538,0.156462585034014,0.169444444444444,0.850977862769438,0.202397272644684,0.953125,0.756756756756757,1,0.303014743147952,0.0932948280349704,0.282352941176471,0.258823529411765,0.317647058823529,30.7174954716689,9.80840661994292,28.8171251166416,25.7362891372848,32.7514699720579,-7.20478465151748,2.81094379516041,-7.13790730694744,-8.74660990494605,-5.6462774371962,32.6593736821168,6.17589672015526,33.7514545865551,30.6589861560342,35.8104752006288,58.4481888918704,14.07773299112,0.46229999493653,0.302727841874609,0.998068151328146,0.659189696807083,0.105565648544662,0.3078887408509,0.479496991405444,0.453125962212592,0.435007409754369,0.387611432687026,0.0473959770673432,0.11199654549737,4298,0.0843605244563084,0.0496285504828765,0.0305084516556184
2,"Acer platanoides",54,"l2nr054.tif",47554,2153.29769004555,97.5036998350406,0.12888096180575,0.12888096180575,0.393924567925407,425.721633560182,371.668452263841,1.14543386980278,1.13629601283595,0.0423939100811709,0.300542319861924,0.507296778323021,246.064286946188,0.00437397484964461,0.502186987424822,0.497813012575178,-0.715779794981344,-3.58181693428457,-3.00794239776343,-3.07441939906809,-6.12103628621398,-5.60767919094015,6.91905050574427,74.2354376077729,23.1129332822652,70,63,77,69.9552088152419,23.6263642769821,66,59,75,12.0147411363929,26.3202258385666,2,0,12,0.155410078647727,0.0291135661735385,0.156862745098039,0.148648648648649,0.164179104477612,0.883280050450298,0.181025154053986,0.967213114754098,0.845238095238095,1,0.293397227671822,0.0925510991869797,0.274509803921569,0.250980392156863,0.305882352941176,28.9195482361226,9.62744320723764,27.1929372259223,24.3260170873179,31.0399566609566,-5.37686230764858,4.15316400995633,-5.8225404383299,-7.62906942766764,-3.75550118539342,32.319976622979,6.33780899809894,33.1737266032569,30.5034499255192,35.4067108844667,53.6602388863193,16.7994885075884,0.45691758093132,0.164591832443117,0.989338436303991,0.722420826849476,0.187333834713496,0.315446398747352,0.463213447289416,0.446212441253055,0.460807617515919,0.381749339737509,0.0790582777784097,0.102682168757914,3474,0.0799815816737654,0.0518145734402837,0.0308916506642895
2,"Acer platanoides",55,"l2nr055.tif",40471,2198.895669792,119.471774026587,0.105182757322769,0.105182757322769,0.337674088306378,297.346499514594,464.386157092413,0.640300092871677,1.21893174912046,0.0464035976378148,0.293090566276243,0.481918098572262,227.000611485909,0.0197919497912085,0.509895974895604,0.490104025104396,-0.689188743921847,-3.81545896433165,-2.78453377740659,-2.82205810651971,-5.62681525853539,4.7778253398638,-6.71210507597249,97.844703614934,24.6574951539109,95,86,105,103.530305650961,20.6855704253726,103,93,112,4.82807442366111,24.2458496275654,0,0,0,0.177504648713928,0.0281508432468282,0.179941002949852,0.17578125,0.183673469387755,0.971472968228489,0.134249229279437,1,1,1,0.413811390484884,0.0898060745809417,0.403921568627451,0.368627450980392,0.43921568627451,41.8225447794378,8.33421706479789,41.5113425554094,37.7253404993651,44.9841805657735,-13.4659359386856,6.82886527075365,-14.7769390477014,-15.8664328709034,-13.5053010671807,46.3011360080534,7.69417627717382,47.3717988910447,44.1107513028713,50.216230902255,104.387833263326,26.5299987640978,0.511432772579645,0.925082157594327,0.975290949074646,0.0526796965728546,0.158592145570254,0.217021755391241,0.521373215383533,0.502502936326628,0.514046120771402,0.354204202806475,0.159841917964927,0.0876143754823062,2451,0.0675504354536435,0.0547873843759108,0.0316288552445341
2,"Acer platanoides",56,"l2nr056.tif",47676,2443.83174465505,125.268764078021,0.100315275774034,0.100315275774034,0.441352532864923,314.47859780221,425.111183274679,0.739756115987695,1.22918714534371,0.0421595771457337,0.356620403245098,0.508419267806298,246.379724276966,0.0294068294319993,0.514703414716,0.485296585284,-0.70384535480697,-3.34160268738087,-3.53967528710036,-3.34900045245762,-6.79389613662421,5.2643989647035,8.08874947167006,85.2662345834375,24.3302344421748,82,73,92,94.4276155717776,20.4783237882744,93,84,101,4.91710713986047,24.5836650962277,0,0,0,0.185411950437971,0.0305776296624748,0.186046511627907,0.181159420289855,0.190938511326861,0.969878875198784,0.141588356041181,1,1,1,0.374769234818685,0.0872416801735833,0.364705882352941,0.333333333333333,0.4,37.8312368249343,8.4769974019061,37.1511264514146,33.713153583846,40.6272984594143,-14.4709015380928,5.32631882862974,-15.3959954443094,-16.5314189258392,-14.0838168277722,42.7299262489739,7.52357386371273,43.6714105269189,40.6863835536777,46.3357441845994,98.6718894202538,22.3015780885026,0.523849737176709,0.952512794697542,0.983262018625724,0.108838828760802,0.164917252773236,0.232787731316855,0.535751066779366,0.517434995585988,0.521828172777448,0.362508178931894,0.159319993845554,0.0986036769839423,3448,0.0802420293227833,0.0514191741849024,0.0271849298719025
2,"Acer platanoides",57,"l2nr057.tif",61252,2527.85613127269,104.324048527606,0.120455166298822,0.120455166298822,0.28035651240924,361.399820231334,452.160037162359,0.799274129795696,1.02226506863071,0.0338437928557435,0.374835025622047,0.570707141293157,279.264155584132,0.0251420361784105,0.487428981910795,0.512571018089205,-0.73196784836411,-4.24032877644121,-3.97169105897348,-4.41169247600959,8.6037130409797,6.66025287116705,10.0134615400882,82.716286815126,23.7218799904337,80,71,89,90.2541141513758,20.2178910263381,89,81,97,4.07165480310836,22.329319211899,0,0,0,0.182213474491127,0.0214985763974513,0.183150183150183,0.178571428571429,0.187943262411348,0.975518726607223,0.127255152082949,1,1,1,0.357913050938392,0.0866270614248696,0.349019607843137,0.317647058823529,0.380392156862745,36.2601879449314,8.39614218089333,35.6326126057675,32.3076101865128,39.0224204202747,-13.4609504974466,5.02389518409765,-14.1914578983932,-15.3408693017735,-12.9289255065666,41.747328730237,7.17830122153693,42.5499506713484,39.6453810228611,45.264107953497,93.7202866845157,21.4517872306543,0.521048076824119,0.948393521844185,0.988098347809051,0.170002612159603,0.117985655778231,0.242033815072441,0.530157563426604,0.517380122055277,0.514064017435469,0.363423838806917,0.150640178628552,0.100282561177161,4549,0.0808409304970589,0.0491503907138154,0.0267194799668825
2,"Acer platanoides",58,"l2nr058.tif",43362,2433.85613127269,136.609373823478,0.0919876159493784,0.0919876159493784,0.450485288069107,319.836235362716,436.916277687126,0.73203094436264,1.19088533206373,0.0522346755223467,0.310301171456614,0.478469321887086,234.968536486922,0.0457543471242101,0.522877173562105,0.477122826437895,-0.672934800088355,-3.24027375825836,-2.56531162374845,-2.79978028126748,-5.48828460988835,4.67342773840716,-6.2661118105051,103.83776117338,23.7444807383209,100,92,111,105.589502329231,20.2545134691131,105,95,114,7.09356118260201,25.8837307029044,0,0,0,0.170780045825042,0.0398762407078167,0.173728813559322,0.169724770642202,0.177536231884058,0.954627705443,0.150809382726166,1,1,1,0.424286105752665,0.0890138044323512,0.415686274509804,0.376470588235294,0.450980392156863,43.0315899722636,8.02754594306094,42.6176655468562,38.8816081864694,46.2436293222842,-11.6453601223826,7.42001007635791,-13.1155320833998,-14.3158771712493,-11.6860313396994,46.7212636215103,7.7793874389335,47.9801304989699,44.9640632790057,50.725417477438,100.247682302478,30.0411393133795,0.496385005865761,0.829597343295973,0.972164568054979,0.0322863336561967,0.233494728741166,0.209796651400234,0.511713097053598,0.477284812283674,0.502138775692897,0.342278186765341,0.159860588927556,0.0966537933179544,3067,0.0794950882558772,0.0498850321453771,0.0272259607666863
2,"Acer platanoides",59,"l2nr059.tif",56490,2405.53022946489,102.435398917851,0.122676054831757,0.122676054831757,0.350228302678539,323.121179620795,453.407039914584,0.712651439381417,1.08270354062975,0.0368737829704372,0.385583010723848,0.57524872455474,268.188929454758,0.0187643830766507,0.509382191538325,0.490617808461675,-0.736680654093386,-3.84304228078374,-4.22116610761134,-3.93238533258617,-8.70347788243641,5.86197284306735,8.01822149916249,97.151194901753,24.4785681400697,94,85,104,103.268844043193,21.0689079956267,101,93,111,5.99318463444896,28.0074790845333,0,0,0,0.178468644307852,0.0380605807575864,0.179611650485437,0.175531914893617,0.183333333333333,0.965149097739461,0.152071824275616,1,1,1,0.41005890336308,0.0901991762211402,0.4,0.364705882352941,0.435294117647059,41.653281164649,8.56390894367575,40.8221145376918,37.4926193781946,44.6764814300735,-13.5545096490342,5.47438031535392,-14.5309449930363,-15.6657791050872,-13.2259371226987,45.6684017380729,8.03534705436167,46.7728338473109,43.8421527706162,49.7596759943017,103.393308550185,25.0702655633309,0.510959957957619,0.92572136661356,0.983590015932023,0.047087980173482,0.213262002924566,0.219966388393007,0.520735369470569,0.507127661040856,0.5062875527067,0.356503434996093,0.149784117710607,0.0958330115084576,3904,0.0753842589016761,0.0467544998461367,0.0280681931184987
2,"Acer platanoides",60,"l2nr060.tif",46621,2494.01551083913,133.418703337684,0.0941874737198847,0.0941874737198847,0.451125999328513,329.372273008576,471.40025853159,0.698710420810056,1.21929556277897,0.0422985349949594,0.300265013324885,0.494670889635159,243.638463332656,0.0179961819780785,0.508998090989039,0.491001909010961,-0.694379928964352,-3.28041578106063,-3.42514649800303,-3.24865927062966,-6.58850786588809,4.8955811291184,7.5208154392498,92.8585830419774,25.6722881732696,89,79,101,98.6248042727523,21.6704249172645,97,87,107,5.36151090710185,25.3006414980633,0,0,0,0.178163614916535,0.0303937193062774,0.18013468013468,0.17536231884058,0.184640522875817,0.968030120851171,0.141452861034542,1,1,1,0.393403124317872,0.0931449080155364,0.380392156862745,0.345098039215686,0.423529411764706,39.8262468692939,8.8583910332517,39.0609076505984,35.1335660568411,43.3245161943152,-13.1239660296833,6.19823307381662,-14.2938747178699,-15.4080510990982,-12.9172819137052,44.3895314116398,7.95205672390477,45.2806511067809,41.9640076118883,48.6676090996498,99.029514596427,25.6741424653743,0.512422070767004,0.918577465090839,0.980116256622552,0.0803715064026941,0.170594423277287,0.236767076876359,0.524555937140329,0.502458088036561,0.513011033503452,0.351714893169992,0.16129614033346,0.0908025636120145,3035,0.0725798737325426,0.0550798807952414,0.0313399132416497
2,"Acer platanoides",61,"l2nr061.tif",55306,2284.13325984523,94.3345161235886,0.133210739088287,0.133210739088287,0.203268574366128,355.366078894874,417.778413102352,0.850609001685812,1.03370465716731,0.0324919538567244,0.372520590809352,0.553613613613614,265.363498358615,0.00784724984630962,0.496076375076845,0.503923624923155,-0.725199135616506,-4.802045120524,-4.12652300364033,-5.20326522792177,9.86872658072105,7.60905813837443,11.1599377755812,97.4229739992038,21.153583308215,94,88,102,102.948233464724,19.1715624659208,101,94,109,7.97712725563262,26.3899105086774,0,0,0,0.176109527148845,0.0206913357286955,0.177777777777778,0.173835125448029,0.181159420289855,0.947177423810788,0.157051559492611,1,1,1,0.406521435464578,0.0806927972187783,0.396078431372549,0.368627450980392,0.427450980392157,41.5755091179008,7.78510396537114,40.6272984594143,37.849096508063,43.8805469382581,-13.1896329894199,3.68253877561154,-13.8176533626298,-14.980692905483,-12.4667943684501,45.1328265624158,6.7985540178001,46.3357441845994,43.9121579315065,48.4378520386029,100.49636567461,20.1714654104954,0.503860011665587,0.91460239395364,0.994268252992442,0.0369399341843561,0.117491290483769,0.198495798697714,0.515313506378513,0.498964538721392,0.491573513150826,0.353939951247154,0.137633561903672,0.0915645561640597,3563,0.0701902998305819,0.0417350094348769,0.0285197784943359
2,"Acer platanoides",62,"l2nr062.tif",58105,2432.3729419395,101.823218805256,0.123413606069488,0.123413606069488,0.400046265424752,386.594886271272,406.508750100663,0.951012459573232,1.01282964194743,0.0370880302899923,0.369732393509688,0.520997251774242,271.99555832189,0.0193615007314345,0.490319249634283,0.509680750365717,-0.724982788182949,-3.57114286730311,-3.80488538697408,-4.3946275744922,-8.60298560013284,-7.00975520245077,-8.69688556833937,81.8808019963851,24.6450237008632,76,69,88,85.2991308837435,22.2397116506288,81,73,92,8.39996557955698,26.2822943758397,0,0,1,0.174196123092707,0.0245541512549461,0.175824175824176,0.170940170940171,0.180555555555556,0.937898579664152,0.165303017984888,1,0.987341772151899,1,0.338275771886931,0.094054718159879,0.32156862745098,0.286274509803922,0.36078431372549,34.5709381781902,9.2033999584608,32.8953308166098,29.3968834673152,37.3834998619055,-10.8439993473073,3.86790585472228,-11.3349563677911,-12.6103468859337,-9.96691182180842,38.9540622172861,6.6906243516643,39.4718818670528,36.911185187533,42.4558844113484,80.3174941915501,18.7483152977387,0.498869947551478,0.847861629808106,0.991188365889338,0.364409259099905,0.140956932209803,0.278041543907186,0.514434631681665,0.490106915128817,0.48161525991364,0.382382945701337,0.0992323142123037,0.0996056338028169,4303,0.0808075117370892,0.0503811634260601,0.027944438404435
2,"Acer platanoides",63,"l2nr063.tif",70050,2155.06219203337,66.2996866742568,0.189538914054001,0.189538914054001,0.395732019511976,399.193316309127,450.748032815817,0.885624089838777,1.13635068686809,0.0189436117059243,0.389305947272172,0.621832029897649,298.647668848592,0.0254960742326909,0.487251962883655,0.512748037116345,-0.754615917838421,-3.65086443125431,-4.22891658814064,-5.47383762615142,10.3286230533855,7.43896600249743,-11.2290236350245,84.2528336902224,22.8980489969802,83,72,93,94.6725624553892,20.6473440827396,93,83,104,3.68028551034965,19.1502680953524,0,0,0,0.186328682892482,0.0158566354309289,0.185823754789272,0.181229773462783,0.191358024691358,0.975825293112278,0.11507279986119,1,1,1,0.372094666274789,0.0829913766090371,0.364705882352941,0.325490196078431,0.407843137254902,37.7658127528931,8.49419381023429,37.391682565588,33.0526260500625,41.5656979053768,-15.2171346071756,2.75703799709496,-15.5937914144704,-16.7691392551422,-14.2243230357776,43.1971157165982,6.82142697759637,43.9121579315065,40.239418412905,47.1455318925918,101.412005710204,18.2627510161839,0.527353653493693,0.969907209136331,0.997972876516774,0.144168451106353,0.0851003457958127,0.223038339186271,0.536869607981765,0.52477408454047,0.511325011475646,0.405519669737058,0.105805341738588,0.0999893612170768,5087,0.0773135553292703,0.0539450383736153,0.0255414818386131
2,"Acer platanoides",64,"l2nr064.tif",83824,2379.02770414795,67.5197177073807,0.186114086981521,0.186114086981521,0.426630700058606,422.812270474474,453.665212632304,0.931991827235745,1.15469864921399,0.0150076350448559,0.437003907285859,0.67098385457107,326.692564344339,0.0499379652605459,0.475031017369727,0.524968982630273,-0.74972624484192,-3.4984252609394,-3.24446746508142,-5.47274935536161,10.0574558447354,7.86799570178173,9.92591357397354,87.7564897881303,18.0411288852739,85,79,93,82.5563800343596,19.2742749342643,80,73,88,25.0096273143739,23.9605873446829,22,9,35,0.152746988277804,0.0219003960611589,0.152582159624413,0.145502645502645,0.15962441314554,0.743189997533123,0.177885515053124,0.742574257425742,0.619565217391304,0.891566265060241,0.345230061866321,0.0724725713805828,0.333333333333333,0.309803921568627,0.364705882352941,34.4252896481022,7.70603521542162,33.3619374565134,30.6321294641249,36.718109435916,-5.38667981811881,2.82686104528177,-5.32844942822891,-7.06061036215011,-3.70252598225532,32.5306490937398,5.52309263575973,33.2935315263373,29.7225976454976,36.1906542803462,52.3466429662118,13.9053214183992,0.428787939467084,0.082160240503913,0.997327734300439,0.183324584844436,0.143376940944664,0.209925435748177,0.437788578969681,0.429214169971443,0.407769304790166,0.378803774165867,0.0289655306242991,0.0931451816665824,5938,0.0750164232654505,0.0413920498683194,0.0254607128320392
2,"Acer platanoides",65,"l2nr065.tif",65869,2057.52308678998,64.2700094532142,0.195524642384049,0.195524642384049,0.548482787919606,357.140913506622,442.908107871002,0.806354426933724,1.08517885475657,0.0196905980051314,0.416416408836933,0.612344691986966,289.598024116465,0.0117050509344305,0.505852525467215,0.494147474532785,-0.741289857365796,-2.9863996424744,-4.12677904226843,-5.60917078364209,10.4834579363923,7.11020964318312,-11.2485795845083,81.2738921192059,21.7110509904697,79,70,89,84.0349936996124,21.5611712736348,82,72,93,4.23071551109015,20.574174003938,0,0,0,0.171928498498955,0.0122952471687751,0.172995780590717,0.168539325842697,0.177304964539007,0.972532671525471,0.11852600008553,1,1,1,0.332114276732873,0.0867958688394729,0.32156862745098,0.282352941176471,0.364705882352941,34.0719890202164,8.78023735101055,33.3453146769274,29.2549656821132,37.6277195035427,-10.6229858198706,2.96527489131753,-10.9100641491601,-12.4696960864829,-9.14697951483556,40.0209242079333,6.58972848577349,40.7217931679083,37.3931563208219,44.0540396213652,82.5653797689387,18.3751218696088,0.502848751134609,0.76755378098954,0.998800649774553,0.346657760099592,0.0715137234641536,0.261343382861982,0.506934356758275,0.502367668583772,0.496495102350575,0.38487698539422,0.111618116956355,0.0984616877759985,4800,0.0776435191925074,0.0486370636713253,0.0243384512103155
2,"Acer platanoides",66,"l2nr066.tif",38029,2020.18499167336,107.316716205587,0.117096115672098,0.117096115672098,0.448531744214347,456.82347092858,280.461988942852,1.62882489941147,1.00537444693922,0.041231691603776,0.296819539293215,0.510730593607306,220.045510398948,0.0124904678008888,0.506245233900444,0.493754766099556,-0.699800703163711,-3.30240373090171,-2.8567649503469,-3.01772946990568,-5.95508174776324,-4.70705290472491,-7.61267169226856,69.9307633648005,24.8553270029458,65,58,73,69.60261905388,23.7917099152333,65,57,75,6.6219464093192,24.7903695094451,0,0,0,0.165647570626652,0.0198519645607693,0.166666666666667,0.160919540229885,0.173423423423423,0.952103338223598,0.153739530936553,1,1,1,0.280930291073015,0.100058945121109,0.258823529411765,0.231372549019608,0.294117647058824,28.3112411611989,9.87646182605871,26.366000368138,23.0781054401889,30.4307002621406,-7.74920060370912,4.13566363291985,-8.06167759457829,-9.76897525221682,-6.31346912036157,33.7865544185917,6.6800399908856,34.4529116649286,31.1026890028562,37.4815535016374,62.6525283336393,18.2735059299047,0.48845121937384,0.473585947566331,0.988429882458124,0.76941281653475,0.119844585500553,0.356170010655537,0.499668126303805,0.479517903436403,0.488228567392316,0.37856428610515,0.109664281287166,0.103803602183495,2926,0.0854132002218525,0.049854346404649,0.0260794659050719
2,"Acer platanoides",67,"l2nr067.tif",43188,1836.9961748554,78.1364023903253,0.160826071202827,0.160826071202827,0.451872361295802,468.978414580906,279.58843491343,1.67738846110039,1.0643520819878,0.0293831619894415,0.329375305653733,0.531296132270446,234.496629950245,0.0262109845327406,0.48689450773363,0.51310549226637,-0.703952119959713,-3.29636255898118,-2.77109960387974,-3.18536517044995,-6.18888083298061,-4.96573056958865,-6.64307704014843,84.1336713902013,24.6316035616953,79,72,91,85.4747846624053,23.8727366285605,82,72,95,4.78456978790321,23.3936611296329,0,0,0,0.168650824506735,0.022553438652557,0.170886075949367,0.164609053497942,0.175675675675676,0.971897547194558,0.130452445793467,1,1,1,0.340933392899626,0.0985931304485737,0.325490196078431,0.286274509803922,0.372549019607843,34.7790940365274,9.72551074173172,33.3972951632161,29.5468287909056,38.4563787516024,-9.95945687801821,3.94031403989366,-10.2811992511844,-12.3609112442826,-8.30631545829127,40.3829588962357,7.52785279707082,40.7217623293321,37.555339885927,44.5007159526118,82.0313281467057,22.4287236433183,0.498105289388502,0.644183569510049,0.99381772714643,0.351648606094285,0.133728599221451,0.289185900274704,0.500269467051539,0.490983615664431,0.505273974968949,0.384392731891865,0.120881243077084,0.0913381454747363,2941,0.0742264398566453,0.0454482554543761,0.0268703216052074
2,"Acer platanoides",68,"l2nr068.tif",38265,1961.0306627408,100.50022893531,0.125038228743219,0.125038228743219,0.572820727179406,470.462818030552,252.083399726274,1.86629829073,1.16873097973265,0.038782176924082,0.322650367947147,0.494469283849792,220.727232527595,0.010375016333464,0.494812491833268,0.505187508166732,-0.702954632458087,-2.82024271010767,-2.83355058804891,-2.94212411597508,-5.83448956069173,-4.47592319659775,6.67264108305438,76.7743891284457,24.7232641330654,72,64,81,78.8264210113678,23.2739017040987,74,67,85,7.11561479158493,25.3525840020405,0,0,0,0.171020290662103,0.0216281977942061,0.173160173160173,0.166666666666667,0.177966101694915,0.950130423866654,0.153858029787214,1,1,1,0.313681319385196,0.0980135375386288,0.294117647058824,0.262745098039216,0.333333333333333,31.9788263069066,9.60323678412275,30.240133612256,26.9941907706185,34.4605484740609,-9.70676940291866,3.63580264453122,-10.1133129723992,-11.6688600417477,-8.46429626249651,37.1123255125253,6.51697797436922,37.9247578520105,34.9413552658974,40.5154995794155,73.7628381027059,18.0613781192851,0.4967116816226,0.732915196654907,0.993231412517967,0.555024173526722,0.126465681843991,0.312462142846981,0.508194411744074,0.487335787156949,0.496922870746857,0.37038171702206,0.126541153724797,0.100326334940942,2825,0.0815837352355099,0.0531535541884393,0.0271064506995769
2,"Acer platanoides",69,"l2nr069.tif",45442,1972.93730035235,85.6582366779991,0.146703587438974,0.146703587438974,0.216947814892993,332.807714756059,431.132148558619,0.771938988703851,1.11829424470012,0.0337573170194974,0.316704069500256,0.520252787763607,240.538045622424,0.0244267417807315,0.487786629109634,0.512213370890366,-0.725355800636527,-4.68666545547446,-3.98133428882158,-3.69923057863911,-7.55539841373082,6.23873137018864,-8.11528535624992,66.5073060164606,24.7943741282453,62,55,71,68.7784208441535,24.424562900733,65,56,75,5.53793847101821,23.5620911076797,0,0,0,0.171853038852345,0.0200355779450508,0.174603174603175,0.166666666666667,0.181481481481481,0.96166857370237,0.142047530896018,1,1,1,0.275112856638628,0.0996178348369866,0.254901960784314,0.223529411764706,0.294117647058824,27.6794053547874,10.1105972002694,26.0771744079126,22.594613236318,30.2917250071597,-9.06653296486597,4.05564521228167,-9.5377874330346,-11.5238120733715,-7.27959573017312,33.4343896600089,7.25715299816295,34.2719978589867,30.6066590049609,37.555339885927,65.511597200827,19.4407417396816,0.499941439745766,0.698120681308041,0.99291404427622,0.771885040271115,0.116585531232181,0.362098070195755,0.507305807016004,0.491523626874455,0.504328274700425,0.369012877116504,0.13531539758392,0.108101618402728,3640,0.0874033520626231,0.0545885581083773,0.0277888742905607
2,"Acer platanoides",70,"l2nr070.tif",37921,2142.51089348115,121.050418730661,0.103811046224627,0.103811046224627,0.421145018606362,450.049451651522,282.698536496956,1.591976588306,1.11132384505995,0.0404525197120329,0.298054706708778,0.479536157109707,219.732830446208,0.0253948999235252,0.512697449961763,0.487302550038237,-0.699036087913669,-3.42174580756397,-2.79486963731544,-3.04092584476,-5.96016158438446,-4.87363856815072,7.06464157203942,79.2340919279552,21.960797065498,75,68,83,75.3536299148228,21.1936394698482,72,64,81,8.89586245088445,24.4178192874734,0,0,5,0.157220688705638,0.0196618641440651,0.15990990990991,0.152173913043478,0.166666666666667,0.924830709105276,0.162601062065508,1,0.944444444444444,1,0.313358576731503,0.087929329973521,0.294117647058824,0.270588235294118,0.329411764705882,31.1755298731755,8.69367465433415,29.6682482373334,26.5625589658349,33.34997896417,-6.28997629600586,4.68451125039897,-6.88172543603563,-8.75296140249479,-4.76316663866982,35.8697329014094,6.00308213341128,36.6001341626518,34.0945749364547,38.9213083053145,62.5773054508063,18.7312913900227,0.470049608107445,0.213707444423934,0.985179715724796,0.548113182669233,0.125059012149595,0.280602913793099,0.482741242418729,0.452108873070588,0.474131040709023,0.356189215242839,0.117941825466183,0.104870234841137,2847,0.0836786879463892,0.0526522630367557,0.0259959214368128
2,"Acer platanoides",71,"l2nr071.tif",51152,2313.5302294649,104.637592325772,0.120094225555533,0.120094225555533,0.548486873090295,403.984527258086,378.475407035009,1.06739967709637,1.22099385590464,0.0337034720050047,0.334549374637379,0.504052462764149,255.203348709011,0.0274085079762277,0.513704253988114,0.486295746011886,-0.70859993292565,-2.92100456413474,-3.48865434953631,-3.53282534007022,-7.05126489670926,6.02180119944544,7.77254358695883,77.0682671254296,24.0765689343911,72,65,82,78.0871520175167,23.5265129777723,74,65,85,11.5254144510476,27.3300167377491,0,0,9,0.168798756581536,0.0219974277987634,0.169871794871795,0.162962962962963,0.177083333333333,0.899979003938627,0.185636135058169,1,0.887640449438202,1,0.312293081136114,0.0961837223058789,0.290196078431373,0.262745098039216,0.337254901960784,31.8008675133661,9.64891978698121,30.0046026788867,26.6566193491123,34.5743616657533,-8.84508556394245,3.67363193160981,-9.05398012657671,-10.9976030362896,-7.19794650853158,35.2379009122618,6.63014790078491,36.2021584877999,33.3365181277032,38.6257020354862,67.5806224585556,17.7134692834702,0.48176928346307,0.588207694713794,0.993059899906162,0.558746481076009,0.13031747457109,0.307991844225217,0.497450405278361,0.46898264093352,0.477743294394258,0.372511269450272,0.105232024943986,0.096737570421781,3436,0.0736028104449157,0.0521512106237203,0.0331624555811362
2,"Acer platanoides",72,"l2nr072.tif",79994,2144.21652096593,57.475116743546,0.218640192945241,0.218640192945241,0.45947056496978,416.232996413176,417.220857624902,0.997632282294444,1.05694813239469,0.0177888341625622,0.460632839763937,0.6543342671929,319.141855828321,0.0191014326074456,0.490449283696277,0.509550716303723,-0.757033148742427,-3.37020123863387,-3.76409505941532,-5.19077908867379,10.3750728996381,6.96529889449283,-9.67675806790056,70.414093557016,20.4917768694415,68,61,75,75.0873440508067,20.3246864604581,72,65,81,5.74264319824055,20.1223747248083,0,0,2,0.177780024188025,0.0147358033249064,0.178217821782178,0.17283950617284,0.183333333333333,0.951699045275973,0.133742410016664,1,0.980246554067171,1,0.295622612872436,0.0811313669532984,0.286274509803922,0.254901960784314,0.317647058823529,30.1903527051661,8.37413449942188,29.215736781881,26.0771744079126,32.5792168976287,-10.8429497439792,2.73078362549868,-11.0047339309079,-12.4178842124007,-9.51424439115617,35.9399613737961,5.96363637013051,36.7861504548639,34.0168527523558,38.9182826131632,74.0179513463503,15.1357721404671,0.50642615241382,0.888616646248469,0.998349876240718,0.640010500787559,0.0828878458607563,0.274442357066457,0.515456744455788,0.50164719648882,0.484646828390497,0.499583977768433,-0.0149371493779364,0.105819616953314,6438,0.084977759005293,0.0529577037526049,0.0263615086858057
2,"Acer platanoides",73,"l2nr073.tif",48888,2056.00122548928,86.4658206351953,0.145333387482407,0.145333387482407,0.499430371666825,433.427278124622,333.035759097565,1.30144366268383,1.12267670946558,0.0307641957126493,0.338684376089989,0.534865020103389,249.491753096195,0.0206185567010309,0.510309278350515,0.489690721649485,-0.727386137208777,-3.14723109454511,-3.35698294994083,-3.36537388876597,-6.75833980533831,-5.49266360224294,7.15950119526935,78.8622974963186,21.1823024657188,74,69,83,75.83274014073,20.427349400178,72,66,81,5.67300769104959,22.1091238948848,0,0,0,0.159439144245496,0.0191155853499454,0.160714285714286,0.154929577464789,0.166666666666667,0.957586685042307,0.141372727234241,1,1,1,0.311788529844928,0.0845074125987524,0.294117647058824,0.274509803921569,0.329411764705882,31.2616925444017,8.40971833813879,29.7734578542796,27.0851826670591,33.5759969394125,-6.94245940925557,3.65649399587035,-7.19475343228637,-8.86220990832837,-5.48336328826698,37.1600383004144,6.19381244850958,37.7716348057319,35.25915933958,40.1460109783725,67.1301750940939,17.1659339886549,0.480565312322122,0.20350597283587,0.991204385534282,0.561548846342661,0.119892673286176,0.271040799255003,0.488029387629266,0.476973116629481,0.479873878896784,0.368424153586168,0.111449725310615,0.107754593584553,3901,0.0867775948747609,0.0473990025286811,0.0251986375940949
2,"Acer platanoides",74,"l2nr074.tif",38820,2115.82460198014,115.319777082546,0.108969778924947,0.108969778924947,0.451357526271029,402.45271804308,329.724216221397,1.22057373478704,1.1941152420152,0.0403400309119011,0.292543074712972,0.474519918346392,222.322196657507,0.0393611540443071,0.519680577022154,0.480319422977846,-0.702993177664146,-3.29664992100939,-3.28478856753142,-3.08963525914259,-6.30687711560943,-5.03146591127411,6.72128903577504,74.2165121071612,22.3699513891664,71,63,78,72.6401854714068,22.5295362210495,69,61,79,6.78825347758883,23.4768559815527,0,0,1,0.162422309139957,0.0226850369054345,0.1640625,0.156410256410256,0.170731707317073,0.947095262971504,0.150159820391031,1,0.98936170212766,1,0.295981452859351,0.0905468695656562,0.27843137254902,0.250980392156863,0.313725490196078,29.7460618825175,9.2243745285676,28.3812735870386,24.9403958087551,32.1979272702124,-7.33197756152405,3.8825813085538,-7.54694362871022,-9.53689532169638,-5.56128669799702,35.218967434087,6.37917961566877,36.0863782450027,33.0115853239431,38.6283691715767,64.2756053580627,17.6076466395356,0.481770394514977,0.338614116434827,0.991808346213292,0.681942297784647,0.139667000708752,0.305920754104693,0.487084955539409,0.471667854915569,0.488374763538078,0.370603536367089,0.117771227170988,0.108901542247275,3016,0.0862971758848608,0.054837905425201,0.0280622562193234
2,"Acer platanoides",75,"l2nr075.tif",40773,2010.19213434829,99.106575846657,0.126796537031029,0.126796537031029,0.430998105893567,447.123644696224,286.591560652447,1.56014239804659,1.0178626755852,0.0358080102028303,0.318186414661836,0.52475916523485,227.845991752075,0.0239619355946337,0.488019032202683,0.511980967797317,-0.714740719061873,-3.40896977065791,-3.03061522250476,-3.30139603410618,-6.47112905830958,-5.17305064435506,7.35193709081177,74.715277266818,23.097461584001,70,64,77,73.8817845142617,22.5414647856917,70,62,79,11.0296274495363,26.0051039683619,1,0,9,0.164235623537026,0.0217518370921949,0.166666666666667,0.15819209039548,0.173423423423423,0.89942292428455,0.179811368287855,0.987179487179487,0.88,1,0.299524916286873,0.0930214366032853,0.27843137254902,0.254901960784314,0.313725490196078,30.2323874968618,9.27156861929357,28.5213128246321,25.500141510722,32.2077042194859,-7.58668780005808,3.94256115287869,-8.06167759457829,-9.76897525221682,-6.0085560857813,33.9864943048007,6.05937520196541,34.7815724394098,32.2642177600251,37.0981633714644,62.0186643121662,16.8372082713163,0.474347334313749,0.44470605547789,0.991612096240159,0.680769136438329,0.132442867700065,0.310563266141204,0.490157787660944,0.460693299483332,0.470536850052106,0.36943484873335,0.101102001318756,0.106543420092435,3114,0.0841644368766723,0.047456389392382,0.0246346108261255
4,"Quercus robur",1,"l4nr001.tif",50476,1338.3961030679,35.4882345809362,0.35409962661568,0.35409962661568,0.826345910032222,414.264291174204,227.226888220559,1.82313059171103,1.65883298147611,0.00683493145257152,0.536225806556392,0.846415695480842,253.51141840172,0.00931135589190903,0.504655677945955,0.495344322054045,-0.699958271275233,-1.9705410943778,-3.19524609032932,-3.76821428694742,-7.25263535941619,-4.75669495648307,-8.20471821142667,62.5797210555511,27.7440777906068,58,46,73,53.4054798319993,31.3410490887713,49,34,68,7.09679847848356,24.0777653120111,0,0,0,0.13141889397639,0.0389533669297191,0.139455782312925,0.119047619047619,0.155038759689922,0.940052472459157,0.169571810406541,1,1,1,0.246867624139757,0.110335026231777,0.227450980392157,0.180392156862745,0.290196078431373,22.1891718713706,12.8145032293515,20.5155130713544,13.9895650395209,28.381431600135,-1.41356767643093,5.51544455383707,-1.56319506457669,-5.42040644397593,2.27675224358445,26.2751999354866,10.9360169036252,27.3707749955687,19.5794726657791,33.7514545865551,37.1344401299636,27.250144499084,0.419448171628955,0.0884975037641652,0.988172596877724,0.781460496077344,0.296406136550738,0.446940039907275,0.400370690747102,0.438586836505961,0.418308994563532,0.452465191005499,-0.0341561964419671,0.135084742211887,4581,0.0959713405819873,0.0785672284980999,0.0378146185329376
4,"Quercus robur",2,"l4nr002.tif",57166,1477.4915574974,38.1867071769251,0.329077093663435,0.329077093663435,0.848912944097889,444.363662096104,247.167012010935,1.79782754373567,1.72200619084457,0.00433824301158026,0.520485649954973,0.821138211382114,269.788828186658,0.0488752055417556,0.524437602770878,0.475562397229122,-0.676291141301968,-1.85110624325675,-3.03961377448549,-3.68775830045938,-7.06161726428984,-4.67560236950469,7.7211651513936,74.1876290102537,24.2855723187717,73,60,86,77.8968267851559,23.257282875672,77,64,90,4.8384704194794,21.0230273783659,0,0,0,0.175601393944403,0.0184830329765444,0.175438596491228,0.169444444444444,0.181434599156118,0.963097027095754,0.135222455992222,1,1,1,0.307612710969704,0.0930757585700687,0.301960784313725,0.254901960784314,0.352941176470588,31.3952887092017,9.7586426432291,31.2178161354711,25.8003785320932,36.4773851300273,-10.5803261754765,2.82360199087006,-10.8671100068407,-12.3894382901733,-9.15178570455849,37.0820254187226,8.40534403446022,38.4212137379031,33.6173113354885,42.3721567799322,76.7675541405762,19.77380851486,0.506815072223719,0.806318441031382,0.998390651786027,0.484151418675436,0.105255615893008,0.302574487166302,0.51497726956838,0.50307267879876,0.501352614739564,0.496861588725655,0.0044910260139091,0.116703917838077,4791,0.088497700278922,0.0540476754962399,0.0265043231563485
4,"Quercus robur",3,"l4nr003.tif",50730,1437.00627612316,40.7054413092325,0.308714761716856,0.308714761716856,0.848226267429279,428.282440535273,215.454515543006,1.98780907170073,1.89426127912947,0.00270057165385373,0.549767411889588,0.836969881953095,254.148464690257,0.0325645574610684,0.483717721269466,0.516282278730534,-0.684176364919311,-1.8690733010515,-3.10510452559351,-3.64009929944106,-7.01283959901714,-4.58407682077843,8.61059982004555,84.3380642617754,22.9553158036105,82,70,95,89.7926079243059,21.5023299835249,88,76,101,9.48630001971339,24.315427614539,0,0,5,0.178251231262967,0.0146449426263945,0.178403755868545,0.173076923076923,0.183908045977011,0.922415452267532,0.168313847929618,1,0.947826086956522,1,0.353370515957221,0.0861409158342172,0.345098039215686,0.298039215686275,0.396078431372549,36.2255937717179,8.87625947916352,35.603273232573,30.4799221629878,40.7133281437378,-12.1408449836032,2.62574045788805,-12.4235495374065,-13.7825244734443,-10.8671100068407,39.9710879149509,7.19204442007696,40.6236139930471,36.8376797388049,44.3797398342354,85.7608515671223,18.3493409047988,0.501111513720522,0.890183323477232,0.999172087522176,0.261482357579342,0.0821589979517751,0.243769391334494,0.514119088262911,0.494913405823977,0.49264106604703,0.485694673424766,0.00694639262226432,0.114176357399816,4292,0.0897682590144734,0.0524570492650232,0.0240193731164784
4,"Quercus robur",4,"l4nr004.tif",54615,1579.39819510895,45.6742407527862,0.27513036685985,0.27513036685985,0.891172116151698,444.954333731232,229.771241784848,1.93651011447236,1.88263796243726,0.00404650736977019,0.534196238426964,0.80594702279938,263.700545573404,0.0363819463517349,0.518190973175867,0.481809026824133,-0.620397840255284,-1.6035087128074,-2.67856561807676,-3.2374902344313,-6.21716013875313,-4.12407835898214,6.7069779658681,80.2933809393039,22.8684807213546,77,66,90,78.4854527144573,23.6574751509816,76,64,89,30.5219262107495,28.9900960522867,27,5,47,0.160204507837716,0.0220697107548049,0.161458333333333,0.150793650793651,0.170454545454545,0.676559123545028,0.242369017491068,0.666666666666667,0.477272727272727,0.921052631578947,0.318940964649157,0.0911701051808623,0.309803921568627,0.262745098039216,0.36078431372549,32.3920887950271,9.7705757841696,31.5307074956932,26.4166063848223,37.1387586986393,-6.08819610443873,3.14493096478009,-6.27565193821314,-8.15570897182619,-4.1978733917111,27.2184494977565,7.05322307653738,28.0133445673712,22.7150999686725,32.08953516704,46.1555982788621,15.9616624491475,0.426990785547454,0.304495102078184,0.998498580975922,0.458555341939028,0.137759610605973,0.285852602832938,0.437669349983719,0.423830839377598,0.423228327456509,0.410367103825914,0.0128612236305942,0.12075141132957,4746,0.0923885536305236,0.061370968580258,0.0291481582613493
4,"Quercus robur",5,"l4nr005.tif",57543,1490.94740162012,38.6306614948436,0.325295248077399,0.325295248077399,0.83669024400555,441.063473829445,251.465859292491,1.75396960474235,1.74960447254704,0.000521349251863867,0.518814822985985,0.839027164166047,270.676971910607,0.0275793754235963,0.486210312288202,0.513789687711798,-0.680222544434314,-1.89803918826707,-2.80522057297591,-3.37555011488629,-6.46832622038085,-4.33374169214329,7.44623876816097,73.3965729975836,26.1524096041763,71,58,86,80.2284726204737,23.8152082853688,77,65,92,4.99676763463896,22.1936950994002,0,0,0,0.183545008059391,0.020398397035498,0.181818181818182,0.175724637681159,0.189189189189189,0.965314891127332,0.137007569707303,1,1,1,0.315986714794359,0.0956103685358673,0.305882352941176,0.254901960784314,0.36078431372549,32.0817466775407,10.0253536030135,31.1312590585237,25.8003785320932,37.0866770820425,-12.3335762312086,2.85329245084754,-12.696213227262,-14.0143509007299,-11.2256548908452,37.6257311644107,8.26089515199973,38.4530960416365,33.6459054167691,42.8426384401353,82.0636046087288,19.218439774334,0.521201646677535,0.924161062162209,0.998349060702431,0.476495837895139,0.111135667158879,0.302577177320611,0.534754208103354,0.516538176934333,0.511666334034994,0.50435849762419,0.00730783641080446,0.111574040085163,4558,0.0836575875486381,0.0555346242191205,0.0276224090986956
4,"Quercus robur",6,"l4nr006.tif",59909,1574.2611101191,41.3677084049714,0.303772461634568,0.303772461634568,0.871354714366098,467.36670292413,232.253733066095,2.01231083244258,1.86025032772885,0.0063429534794438,0.551914239252038,0.85715920878492,276.18564025948,0.00976480996177536,0.504882404980888,0.495117595019112,-0.6565747058337,-1.73973171118582,-3.00955323002223,-3.44126797355422,-6.67457320098959,-4.31516027300916,-7.39032531646573,69.271962476423,26.0860730308788,63,54,76,64.2210686207424,27.6287145276168,59,47,74,17.5603832479272,29.9149996591514,4,0,25,0.149465870668596,0.0339860714304596,0.15,0.138418079096045,0.161458333333333,0.815536626272657,0.236735254425587,0.93939393939394,0.677966101694915,1,0.273819606795797,0.104026287754625,0.250980392156863,0.211764705882353,0.301960784313725,26.5107173222136,11.3708036181088,24.2986244240057,19.5450427757175,30.7561016922138,-3.92664486307047,3.91693270991205,-3.84905519716022,-6.37220560102664,-1.56319506457669,26.8276883787589,7.59022688023529,27.3814953236599,22.9883084595889,31.0452778759265,41.6097915171326,18.4721273315621,0.436960690529921,0.142365921647833,0.995860388255521,0.742075481146405,0.227383489294569,0.379908102973412,0.442462809031433,0.435983034835055,0.421808830007858,0.454304263892596,-0.0324954338847381,0.10634206580224,4685,0.0826497309693923,0.0611240215777972,0.0342827656178594
4,"Quercus robur",7,"l4nr007.tif",58560,1535.71695424182,40.2736776561778,0.312024412611138,0.312024412611138,0.855096875985642,452.587292656396,249.965735779355,1.81059732545062,1.77262589864958,0.00290300546448086,0.517628560072588,0.826138479769765,273.058432830212,0.0395150273224044,0.480242486338798,0.519757513661202,-0.664561095723769,-1.80785364115614,-2.74044794824573,-3.23195457009232,-6.21906541513412,-4.15410453498835,7.40756576801921,82.6990437158481,21.9805401277253,80,70,92,81.3619706284153,22.0329732101335,79,69,92,14.3029030054637,26.9159868473177,1,0,19,0.162898265398726,0.0209228913693111,0.164319248826291,0.156565656565657,0.171052631578947,0.870821455893794,0.204606190533471,0.988505747126437,0.79746835443038,1,0.329208922640095,0.0869751652099907,0.317647058823529,0.27843137254902,0.364705882352941,33.4215726657908,9.08793340276152,32.5985119679308,28.1811267890386,37.6403468816207,-7.75733689016267,3.28615492405084,-8.06498283772028,-9.89466161600464,-6.0085560857813,35.6137336059637,7.18939050280908,37.1496505953919,32.9258414330182,39.9289680105758,65.7219945355206,18.3623921694079,0.46810908090869,0.361953551912568,0.997967896174863,0.386219262295082,0.128441461237519,0.26419443388198,0.478020964688923,0.465535839221153,0.463065264450437,0.450453321187235,0.0126119432632019,0.125604562188696,5071,0.0915144733992637,0.0562381268915571,0.0301107465999324
4,"Quercus robur",8,"l4nr008.tif",51348,1366.82250993909,36.3831848110188,0.345389516603103,0.345389516603103,0.839533436947378,401.548454730145,220.153108411889,1.82395087503775,1.8057581225884,0.00188907065513755,0.580845664112043,0.852489499111783,255.691814775251,0.00346654202695334,0.498266728986523,0.501733271013477,-0.689598512850084,-1.90770771284292,-3.08504558294692,-3.69354627640504,-7.08640428329493,-4.64887281613427,7.97714630319628,79.2806730544512,22.0423795315379,77,67,88,76.7138739580886,23.5032498713936,75,64,87,18.6158954584418,28.1325426111507,6,0,30,0.15917051378665,0.0261483633991045,0.16025641025641,0.150462962962963,0.169230769230769,0.817064240987223,0.218184642502302,0.917647058823529,0.666666666666667,1,0.315136928028203,0.0882749395894736,0.305882352941176,0.266666666666667,0.349019607843137,31.635344127946,9.59825368791339,30.9498117481364,26.2333536990054,35.9324410565078,-6.42559293795363,3.63250417242592,-6.70322231371248,-8.75296140249479,-4.4600489466084,32.0762718394806,6.85595907063673,33.4546386904502,29.2027452997557,36.3019155384911,55.531179403287,16.954086233632,0.450074183100101,0.277927085767703,0.996338708420971,0.46700942587832,0.164278939690265,0.280116138282142,0.451559827095646,0.446697457836764,0.44898637415691,0.456033201270195,-0.00704682711328408,0.115537520341113,4346,0.089521494634066,0.0560344922797357,0.0268362985044272
4,"Quercus robur",9,"l4nr009.tif",63262,1559.75858480216,38.4566855752908,0.326766865796498,0.326766865796498,0.82995335457617,452.021781563679,257.745245921082,1.75375409912345,1.65034478536674,0.00494767791091022,0.542991325535531,0.860654789842799,283.80923184251,0.0327842938889065,0.483607853055547,0.516392146944453,-0.691566585033736,-1.94224136075474,-2.8938009332344,-3.55232848783318,-6.78547468667879,-4.55625361757553,-7.44702927301094,70.2063798172665,22.6966909073309,67,56,79,65.2597451866817,24.7563725047499,62,50,75,15.3103284752311,26.1940433817673,3,0,22,0.150275179292049,0.0214130614744905,0.151234567901235,0.141242937853107,0.161016949152542,0.83796242041074,0.221054779889011,0.957066052227343,0.727272727272727,1,0.277157615915387,0.0906771378760287,0.262745098039216,0.223529411764706,0.309803921568627,26.9677424514155,10.2101148345936,25.6549914502137,20.6505420453409,31.3704528788328,-4.29045845270974,3.59643441994611,-4.30215927306968,-6.55611288297864,-2.15306811238791,28.4339332117652,7.30900020199379,29.2942327713877,24.522173202386,32.744645340484,45.0027820808662,17.5941035905533,0.442609160675643,0.126869210584553,0.999083177895103,0.710631974961272,0.142492335945801,0.327168125073435,0.451060566689433,0.431799832861063,0.445838099390936,0.429014337437901,0.016823761953035,0.110398801098993,5333,0.0888019315627342,0.0640894617120824,0.0287252685347119
4,"Quercus robur",10,"l4nr010.tif",52834,1460.2611101191,40.3596644154574,0.311359640779034,0.311359640779034,0.863084395816666,445.69617144398,231.515819443557,1.9251218880645,1.77710648355523,0.00673808532384446,0.512028242769914,0.82274804762016,259.365260022497,0.0352046030964909,0.482397698451755,0.517602301548245,-0.656481962654912,-1.76609736977056,-2.69903123611381,-3.2049788699521,-6.15730605479054,-4.09757666221943,-7.57150532343171,62.8823295605099,21.8077765060358,59,51,69,62.9610856645333,22.3786261223702,60,51,71,7.39256917893722,23.2007451803705,0,0,2,0.166152440593516,0.0250799872375069,0.166666666666667,0.159259259259259,0.174863387978142,0.930493399787907,0.169244322525331,1,0.969230769230769,1,0.253633466862915,0.0874665920288781,0.23921568627451,0.207843137254902,0.27843137254902,25.4326450798058,9.34979526039457,24.2013456896441,20.3122930391027,28.7362849994875,-7.30779535327894,3.27186330419258,-7.65011334359861,-9.40798721556341,-5.63926977210181,30.315338594473,7.06965461848864,31.3023129272346,27.1197383686968,34.6370059342756,55.6472725896192,16.7144043523324,0.483718237200822,0.486050649203165,0.996536321308248,0.822330317598516,0.150945643632874,0.344854300049048,0.490325617045952,0.474975717273123,0.490746830400459,0.457246349155864,0.0335004812445951,0.102038768712124,3919,0.0786410884135329,0.0513350209198375,0.0293571399567879
4,"Quercus robur",11,"l4nr011.tif",61358,1642.38600180013,43.9621855162982,0.285844993072522,0.285844993072522,0.822378442115866,459.722857216962,262.171371465089,1.75352043454591,1.654559719217,0.00466116887773393,0.509084450264119,0.787317311023571,279.505692224434,0.023990351706379,0.511995175853189,0.48800482414681,-0.679532637818866,-1.94235340934421,-2.89283490287702,-3.39656382304534,-6.54642514904188,-4.38065760388842,-7.35580876737717,67.1452459337008,19.211597442224,65,57,73,65.8274715603513,20.4597648767407,65,55,74,10.013885719873,22.6682258549038,1,0,10,0.162520038897022,0.0269873073828912,0.166666666666667,0.153846153846154,0.173245614035088,0.89463956958357,0.181527666578436,0.985915492957746,0.86764705882353,1,0.269250154509471,0.077199981786346,0.262745098039216,0.227450980392157,0.294117647058824,26.8779818633042,8.45482082227675,26.3534212109081,22.4465851484758,30.2055102362319,-6.65507009534063,3.7978445597305,-7.36264331536252,-9.20396328516956,-4.736417119384,30.8349017632535,6.53351081155452,32.196798988047,28.2435595342362,34.8575274385666,54.495811467127,16.6940822161995,0.469617779934901,0.411568173669285,0.997718308940969,0.785879591903256,0.166055259400572,0.286722143726414,0.478162592505103,0.457620933323047,0.481422662209442,0.435092017121649,0.0463306450877931,0.0999724071327562,4439,0.0765529610595661,0.0449103221381213,0.0243224412240576
4,"Quercus robur",12,"l4nr012.tif",55254,1459.83470324791,38.5694675644644,0.32581135825523,0.32581135825523,0.846840073237226,433.011143253045,238.096735226865,1.81863536616939,1.77718431939178,0.00298620914322945,0.5359338769914,0.822434079796379,265.238718525024,0.0337713106743403,0.51688565533717,0.48311434466283,-0.673138477101894,-1.85143115775015,-2.94058757383828,-3.58163875115255,-6.84275810053009,-4.51556261028206,-9.1153962437851,77.7511311398245,25.0635688657242,78,63,91,85.930538965504,22.9853663568442,85,72,98,4.73435407391312,21.6120511073128,0,0,0,0.185229466211163,0.0208152985035399,0.182926829268293,0.177489177489177,0.189814814814815,0.967134626023523,0.132332976212631,1,1,1,0.337939796036415,0.0915738552001242,0.333333333333333,0.282352941176471,0.384313725490196,34.3455659949614,9.62374004092868,34.3115212282292,28.784169290456,39.4633616299342,-13.406315233484,2.92822666774154,-13.8128423343371,-15.2534263813177,-12.1075808263388,39.720767130321,8.2714817155885,40.9955030746289,36.2968041276466,44.990162808232,89.3755927172713,20.0051476210537,0.52439400418977,0.938122126904839,0.998099685090672,0.322854453976183,0.112375740301678,0.270976830794086,0.537887904090627,0.514714242015293,0.518547726888687,0.511199998203092,0.00734772868559497,0.117922813462679,4841,0.0926276715841035,0.0580813377500228,0.0255467304101449
4,"Quercus robur",13,"l4nr013.tif",54486,1476.86414049943,40.0309747365035,0.313916178586082,0.313916178586082,0.816555008907931,427.105520635594,258.32276291392,1.6533793453499,1.64908619303113,0.00106449363139161,0.493840909700112,0.810924244679268,263.388932634688,0.0208860991814411,0.51044304959072,0.489556950409279,-0.686168300055352,-1.97421012440341,-2.95632794352552,-3.46686912796546,-6.67860077073413,-4.45614020931106,8.28481088617383,80.3896413757689,23.8849164533502,78,65,93,86.2008956429157,23.4252001435917,85,71,100,5.74483353522088,21.91744269346,0,0,0,0.178810638524053,0.0174645619504634,0.17921146953405,0.173913043478261,0.18452380952381,0.956463906485266,0.142651917933366,1,1,1,0.339594052942544,0.0927874090031749,0.333333333333333,0.282352941176471,0.392156862745098,34.6624596458959,9.66274692183555,34.3115212282292,28.6159111948555,40.202421246664,-12.1974544086592,3.2340516751903,-12.7121132119939,-14.376550150315,-10.6012415404612,39.7201285171406,8.34241471321862,40.5154995794155,36.0107467901427,44.990162808232,86.2673163748446,22.2213635416622,0.510032137472625,0.888062988657637,0.998660206291524,0.343464376170025,0.0976707090637867,0.273230369984257,0.518094166273641,0.502433865735729,0.510479793009304,0.496574286298817,0.0139055067104873,0.112954938499504,4580,0.0889959776927113,0.054609779039898,0.027013628426112
4,"Quercus robur",14,"l4nr014.tif",51436,1280.82250993909,31.8941267199368,0.394002655244484,0.394002655244484,0.847678253808074,416.444148694988,231.08317316551,1.80213964950497,1.65293616282808,0.00661015631075512,0.53449309716554,0.869240453919407,255.910822793796,0.0188583871218602,0.50942919356093,0.49057080643907,-0.690074441249834,-1.88262233681765,-3.5063721329946,-4.04391005936356,-7.82129308518456,-4.98738397158275,-8.8132373241922,71.0008943152666,22.8339647822899,68,58,79,74.4073800451025,22.1337458977554,72,61,83,13.2119332763029,26.1607293549627,1,0,16,0.175942935546689,0.0167342000830652,0.175799086757991,0.169312169312169,0.182701961692926,0.869515116210244,0.207637975112648,0.985915492957746,0.807692307692308,1,0.293632749779281,0.088629028110086,0.282352941176471,0.23921568627451,0.329411764705882,30.0433035715292,9.25698128813827,29.0424566925117,24.4409495813492,33.931209676183,-9.65352253597026,2.71770218927098,-9.74430464683693,-11.3056138458442,-8.19393660221071,32.5720142960289,7.01352833144792,33.5285643077432,29.3588220901743,36.8086190151849,64.6019324986393,16.4782517445334,0.485365221344533,0.785286569717707,0.998950151644762,0.608523213313632,0.0951115197433605,0.301836317218944,0.495383491130961,0.477305649106345,0.485059460409372,0.469094887626211,0.0159645727831607,0.112058190759144,4378,0.0897039237783014,0.05641841034821,0.0244111026162218
4,"Quercus robur",15,"l4nr015.tif",52249,1504.46212024588,43.3196093945287,0.290085039777536,0.290085039777536,0.845577759505781,430.375351293137,244.643215378818,1.75919594020509,1.60233018163432,0.00694750138758637,0.496246454087672,0.812202704803358,257.925363182583,0.0153304369461616,0.492334781526919,0.507665218473081,-0.676923978427362,-1.86303882473982,-3.58032697556472,-4.12188818531616,-7.97406134028764,-5.05488045812292,-9.12811357716614,82.136557637467,21.8853177042217,80,70,91,86.6921280790047,21.4188125973096,85,74,95,6.61719841527939,23.1458260600108,0,0,0,0.176180140563828,0.0158804599478183,0.176567656765677,0.171666666666667,0.18141592920354,0.950531678524056,0.148102806202925,1,1,1,0.341529606158145,0.0855420002239884,0.333333333333333,0.294117647058824,0.372549019607843,35.0217470744583,8.77677596796583,34.3582661918348,30.059485484437,38.6193907119122,-11.5842772482209,2.76028011819005,-11.8293773036749,-13.2757236158368,-10.2634880824113,39.9275386214938,7.00141866962845,40.832042191304,37.4407002766368,43.9305151084395,84.6305001052635,18.021620185686,0.503941196046083,0.863097858332217,0.99869853968497,0.291125188998832,0.0901376273560609,0.250467304828358,0.511449394562704,0.497857365225417,0.502052509213377,0.494563034422181,0.00748947479119566,0.11405506527309,4359,0.08863719549392,0.0512660468248101,0.0235607169712736
4,"Quercus robur",16,"l4nr016.tif",55468,1569.27330342792,44.3971064551018,0.283044811198842,0.283044811198842,0.847112371174369,440.773779237018,237.690983793733,1.85439839661532,1.72611440464216,0.00533641018244757,0.529436705563372,0.818226742685184,265.751859950914,0.0349030071392515,0.482548496430374,0.517451503569626,-0.676972152247096,-1.85822765351922,-3.21792811880987,-3.78776685667507,-7.29062875897202,-4.72860806994611,9.37959809748051,76.7236604889307,20.8806424897642,74,65,85,61.3455145309007,25.9363747376982,60,47,73,5.52788995456842,23.2911782629977,0,0,0,0.127654421265864,0.0342146725013544,0.132034632034632,0.116959064327485,0.14375,0.957964230606386,0.150888206063189,1,1,1,0.30123392113029,0.0827833118574017,0.290196078431373,0.254901960784314,0.333333333333333,26.4817383338769,10.1934071623054,25.8452342179654,20.6532208647611,31.0011607196948,1.07406759737137,5.72232099788778,0.619490286123126,-2.69875118902563,4.22942719363034,32.3830048792794,8.77077815487725,33.9404303522333,28.3098941027171,38.1738529330865,40.4394786183023,25.2375212591688,0.420529771100932,0.0179743275402034,0.989741833129011,0.560070671378092,0.268025751823122,0.274814042429113,0.399906551002597,0.41927269615679,0.449466498185407,0.436153780889793,0.0133127172956139,0.109190782422294,4180,0.0800030623181749,0.0571711678667067,0.0324317172168015
4,"Quercus robur",17,"l4nr017.tif",51194,1570.2438661764,48.163179264457,0.26091239835641,0.26091239835641,0.8986333850437,449.204852259253,216.782164293627,2.07214857238354,1.99915172121193,0.0034574364183303,0.525715857898995,0.77076762095469,255.308098683085,0.00773528147829824,0.503867640739149,0.496132359260851,-0.609847339973309,-1.55825069567545,-2.96270020083451,-3.46964043834358,-6.6893865592577,-4.2511371717384,7.57928667245749,81.9927921240787,20.014496894876,79,71,89,71.3394733757846,23.5799650936559,69,59,81,8.48105246708577,25.1362175389736,0,0,1,0.14142638514305,0.0287161967914323,0.143410852713178,0.134199134199134,0.151709401709402,0.930196411541069,0.174519370440243,1,0.988095238095238,1,0.321995990645349,0.0792943617642174,0.309803921568627,0.27843137254902,0.349019607843137,30.17965832285,9.36149315275332,29.1797703600088,25.2269573161958,33.9198416727108,-2.28739040675777,4.39489028565064,-2.60276696756911,-5.12600039798924,-0.0187759107727614,35.0416916181523,7.32705161919353,36.5152952199674,32.4756257993978,39.3664801196451,52.2051021604106,20.0591162471278,0.444319954924934,0.0311364613040591,0.997831777161386,0.422666718756104,0.203046953079791,0.24625884738203,0.441988406849132,0.448431144658327,0.443995402694908,0.443007118645527,0.000988284049380506,0.124447502293387,4668,0.0973229922441831,0.0579618714952038,0.0282248639632202
4,"Quercus robur",18,"l4nr018.tif",62109,1660.77077811098,44.4083720141583,0.282973008115514,0.282973008115514,0.836857652044198,439.274202438509,268.28580270906,1.63733674314058,1.63352858596552,0.000418618879711508,0.527012779951006,0.798660091427543,281.211014869539,0.00172277769727415,0.499138611151363,0.500861388848637,-0.675718319625062,-1.88849597386632,-3.47098693966204,-4.30381014095419,-8.20337527671491,-5.248725235472,8.82305620014686,71.3816999146665,20.8260366931109,68,60,78,64.898420518767,23.556797690787,63,51,75,4.57418409570208,22.3284806028053,0,0,0,0.148290222525793,0.0238111725773404,0.151709401709402,0.139303482587065,0.160377358490566,0.967010198862261,0.14072391823563,1,1,1,0.281164960147546,0.082923915273313,0.266666666666667,0.235294117647059,0.309803921568627,26.936879333735,9.55047733573422,26.0137681496213,21.3274106072601,30.8965051745042,-4.0893848543347,4.30319712439423,-4.57678415330992,-7.13294979100679,-1.36856857941225,33.1261838002322,7.93940021604534,34.1994844537264,29.149160711091,38.3326026142241,53.8409570271624,21.633044542482,0.463084154064816,0.0940765428520826,0.99888904989615,0.712795247065643,0.160571425487122,0.294929762708937,0.462361189834469,0.45649640925774,0.484671840126918,0.447601342881272,0.0370704972456459,0.108474172004907,5082,0.0865817091454273,0.0579176238993802,0.0260248614676316
4,"Quercus robur",19,"l4nr019.tif",52873,1500.56262530927,42.586730325025,0.295077140659819,0.295077140659819,0.824467979895641,444.412595699569,257.102764634792,1.72854071145771,1.64065949402073,0.00325307813061482,0.462744053800989,0.805469017785733,259.460969027679,0.0183647608420177,0.509182380421009,0.490817619578991,-0.67124950083001,-1.91911785775673,-2.6463915816127,-3.20613140196522,-6.13361863708667,-4.16580865120198,-7.25718286517038,81.9059444328858,24.2765794259782,81,68,93,81.6501995347332,25.2754336417479,81,67,94,7.39488964121489,24.6811824574672,0,0,0,0.164708676715174,0.0186590401232126,0.166666666666667,0.15952380952381,0.172549019607843,0.943283413945227,0.16318386096055,1,1,1,0.327930598033096,0.0968660585641588,0.32156862745098,0.270588235294118,0.372549019607843,33.3343900768756,10.3394479295114,33.1371874472741,27.3645104942775,38.4023210245745,-8.65613796961298,3.57416255794041,-9.03594400339264,-11.0164082196318,-6.82501966388979,37.9850592716199,8.76156011635135,39.4718818670528,34.5170627972239,43.3734330903489,73.9995649953661,22.890351811289,0.485160609607649,0.454088097894956,0.998278894709965,0.390501768388402,0.113285106662559,0.295385849474763,0.486606712289908,0.476204732200177,0.496899348584974,0.46939652992832,0.0275028186566543,0.10859320164444,4041,0.0810388047728868,0.0587646416691485,0.0334072533328987
4,"Quercus robur",20,"l4nr020.tif",55958,1488.56262530927,39.5978893003256,0.317349506158042,0.317349506158042,0.875170158213061,451.609341849644,228.506536327153,1.97635196396778,1.89905858462203,0.00359197969906,0.542251347020805,0.829708049760539,266.923094625194,0.0581864970156189,0.52909324850781,0.470906751492191,-0.649420749427669,-1.71315614984228,-2.93127018809394,-3.60932003509437,-6.89484850710159,-4.58151632537483,7.46416660059976,73.2568712248477,22.6866146343671,70,60,82,57.6618892740994,29.0453928124775,56,40,71,7.06528110368456,24.7106067935462,0,0,0,0.123446648468415,0.0397262603389106,0.130801687763713,0.109375,0.144444444444444,0.943739917577831,0.165370616624123,1,1,1,0.287914955824711,0.0902778803194529,0.274509803921569,0.235294117647059,0.32156862745098,24.9244264810322,11.3763235241249,24.1943185708474,18.0146928258383,30.0563979956339,1.7020288027109,6.70987275295385,0.756490229584517,-2.92540503435929,5.7139934233815,29.8771893387177,9.41565662901843,31.8485666122052,24.8778836116676,36.5990214105952,35.0016262196673,27.6529248888862,0.405605770988174,0.0312377139997856,0.984238178633975,0.654079845598485,0.321809141924705,0.313557452225089,0.371245264318989,0.417752192729151,0.437939930726756,0.42817851143386,0.00976141929289553,0.125380355691633,5015,0.094781803405719,0.0668713610658664,0.0317759118475454
4,"Quercus robur",21,"l4nr021.tif",48885,1356.13621843808,37.6210584629134,0.334024908595993,0.334024908595993,0.871558660764974,432.997746703764,218.998107818081,1.9771757437441,1.82211717058962,0.00478674440012272,0.515524869203563,0.837459099241088,249.484097978966,0.0185128362483379,0.490743581875831,0.509256418124169,-0.654811777704591,-1.73555042596627,-2.96625643977904,-3.55558967547073,-6.82565032476423,-4.45215540545072,7.50902679225561,78.8992533496977,20.4296712556037,75,67,85,70.5077222051743,23.2853691961371,66,57,78,11.5607036923392,25.8907451241287,0,0,11,0.14507758347115,0.0215152877738645,0.145238095238095,0.136574074074074,0.154320987654321,0.893572144172392,0.189747373641686,1,0.87012987012987,1,0.310220024186415,0.081475491519856,0.294117647058824,0.262745098039216,0.337254901960784,29.5924810740613,9.31413083652071,27.888271626609,24.1179091508827,32.9101831410165,-3.24703677615147,3.73481314149249,-3.14145828706852,-5.56459088468592,-0.861186405605896,33.240526886047,6.53092843887071,34.0594834005807,30.7070825093516,36.7217436812164,50.5554873683128,17.1207838870569,0.444807632704276,0.05474071801166,0.998486243223893,0.556939756571545,0.148301943765427,0.262637756769236,0.446440172744067,0.446247137258725,0.437230467220116,0.452096347130387,-0.0148658799102709,0.105360203041281,3885,0.0842751469663116,0.0558829772844301,0.0262149774359457
4,"Quercus robur",22,"l4nr022.tif",61048,1472.704760933,35.5271149402884,0.353712105119706,0.353712105119706,0.826039304384125,426.562934144252,249.705434416399,1.7082645203185,1.62117543918506,0.00484864369021099,0.573139487936559,0.859153343841477,278.798722606457,0.010188703970646,0.505094351985323,0.494905648014677,-0.700473639026981,-1.9725505388975,-3.08250826800086,-3.78641985438707,-7.22160196891819,-4.7729131181326,-8.46154164866799,69.1381535840657,24.5178803503098,64,53,78,59.1052450530754,28.2665816177783,55,40,72,18.0177892805663,28.8807815168385,3,0,28,0.133049700310592,0.0347918711321107,0.133986928104575,0.119047619047619,0.148148148148148,0.811138522987097,0.250822145497189,0.960911637382226,0.649350649350649,1,0.272091970060203,0.0975388747589648,0.250980392156863,0.207843137254902,0.305882352941176,24.8751545203145,11.5926538135084,23.1958208867876,17.0427670653224,30.3878096028203,-0.630677898719136,4.77846288198243,-0.866618242696404,-3.73035458431251,2.1351468549478,24.5839300354668,7.85479788705041,25.4714279406237,19.7223821797722,29.5388913508501,31.0545472415149,19.2016364245178,0.408259549219969,0.0547110470449482,0.995446206263923,0.726313720351199,0.261495296790576,0.358477592627617,0.404064954673434,0.409067196501904,0.4186714741263,0.395134407206934,0.0235370669193654,0.121953741684189,4806,0.0828306504429354,0.0813257223869156,0.0458319467523464
4,"Quercus robur",23,"l4nr023.tif",73084,1577.61644917843,34.0549731913738,0.369002510844503,0.369002510844503,0.795594377821655,468.069551540246,280.025107929294,1.67152708198735,1.53170318321542,0.0066772480980789,0.557589959646169,0.857059092561538,305.046617564307,0.0230146133216573,0.488492693339171,0.511507306660829,-0.720846235221687,-2.11048147640151,-3.35343672762173,-4.07340291200782,-7.79445389112463,-5.15690393957238,8.51770903541322,71.9245662525312,21.8488466356557,68,59,79,67.8442066663021,23.4832154691278,64,54,77,9.71239943079252,22.6652892395244,0,0,8,0.154815852351885,0.0181809904455895,0.155367231638418,0.147540983606557,0.16374269005848,0.906144113704852,0.174645599361999,1,0.898550724637681,1,0.284128872390727,0.0878843259733985,0.266666666666667,0.231372549019608,0.313725490196078,27.9526052632181,9.60900225047434,26.3388074960651,22.1983468687656,31.8316557498309,-5.41607198718099,3.42573798238319,-5.38511905355718,-7.55394593766309,-3.46920551699315,32.1413056471479,6.77223380441783,32.545635577444,28.9040636649642,35.8722210070272,54.0514476492798,17.5375770839502,0.461686553558124,0.145024902851513,0.999110612445953,0.695186360899787,0.117436231832573,0.309311492790605,0.463969929118548,0.458175869278566,0.46587040898822,0.449767772697054,0.0161026362911653,0.117492089400513,6160,0.0881978150995805,0.0574321591364402,0.030551543820134
4,"Quercus robur",24,"l4nr024.tif",47882,1317.22453019264,36.2365912648016,0.346786774797041,0.346786774797041,0.84362651286563,418.772693338818,220.504647039928,1.89915586342717,1.74864636359677,0.00505409130779833,0.518532737470396,0.852387225406772,246.911433273166,0.0146610417275803,0.50733052086379,0.49266947913621,-0.689211187678227,-1.89385167063297,-3.30383474871705,-3.81145752457571,-7.37012574829949,-4.76144673861557,8.53324771343576,70.7029990393043,23.3699601513341,67,56,81,63.6207551898426,26.8226215175254,61,47,76,6.13368280355909,22.9782548109226,0,0,0,0.145338379384729,0.0260854556515883,0.15,0.135416666666667,0.160714285714286,0.951488683448679,0.152540526908142,1,1,1,0.279055373872535,0.0935582955670232,0.262745098039216,0.219607843137255,0.317647058823529,26.4140862508453,10.8555735010273,25.3644362472058,19.4929393031791,31.7453587409767,-3.53090991109524,5.21462492274299,-4.11710202986201,-7.11164759147284,-0.508903186337034,31.7793114087433,8.83105079606603,33.115666799852,26.7896181612809,37.8939270801644,50.4048285368203,24.4231845730393,0.4531238216296,0.117747796666806,0.998266571989474,0.682866212773067,0.179480847265098,0.335267850009189,0.434649987281557,0.45720621491925,0.475031610732761,0.470459108728097,0.00457250200466403,0.114672096677807,4222,0.0934463601956575,0.0635087148092074,0.029150623496649
4,"Quercus robur",25,"l4nr025.tif",46965,1246.25396744417,33.0703492253875,0.379989050878005,0.379989050878005,0.841720656622995,395.668550251952,213.771856285197,1.85089168016618,1.73641659015155,0.00457787714255298,0.555254729614169,0.867577378148466,244.535672691096,0.028553177898435,0.514276588949217,0.485723411050782,-0.693787240575355,-1.90909562231365,-3.22580464325915,-3.91911482325169,-7.49577780746761,-4.90588421612373,8.35025728932879,70.2461194506553,22.8182608537365,66,57,79,70.608964122218,23.3180196540469,67,56,80,9.52813797509003,23.9603162825468,0,0,6,0.166896255028678,0.0154942115635742,0.166666666666667,0.160714285714286,0.174129353233831,0.910975420376476,0.178596078785052,1,0.921052631578947,1,0.282461741430311,0.0916877826116057,0.266666666666667,0.227450980392157,0.317647058823529,28.6716763616172,9.66548319488357,27.0953982733405,22.7566631983063,32.7774960904909,-8.00118572018992,2.96517749846518,-8.03253017036285,-9.87307779986898,-6.28653723394512,32.8187768074578,7.0424679288765,33.3820878666473,29.4328714896431,36.809224843555,61.4436708186966,17.3840643805222,0.481557472869781,0.478249760459917,0.999425103800703,0.683189609283509,0.0928373825288918,0.324602481818319,0.488356928873176,0.476305236972636,0.480397408278896,0.470797721080036,0.00959968719886034,0.120794487231455,3843,0.0865423591406567,0.0589003687149599,0.0287863197617029
4,"Quercus robur",26,"l4nr026.tif",60609,1342.09458787773,29.7186537116716,0.422844545256904,0.422844545256904,0.840848787467572,431.049608988531,235.559883318874,1.82989396545517,1.73121425772801,0.00463627514065568,0.596909557285007,0.873083211489567,277.794484406825,0.00334933755712848,0.501674668778564,0.498325331221436,-0.701860727225042,-1.92802897012304,-3.68541540336705,-4.35278268639411,-8.37306367488826,-5.31727088649551,9.5045512136642,70.5937402036005,23.3033989779187,66,57,78,69.9337062152489,23.9296647447806,66,55,79,17.2869045851286,26.6392483280012,6,0,25,0.163970898447161,0.0190605594297197,0.163888888888889,0.156084656084656,0.172480620155039,0.81341025642527,0.220052990630734,0.909090909090909,0.68,1,0.282157732997008,0.0935964745053155,0.262745098039216,0.223529411764706,0.313725490196078,28.5465755218397,9.91659631265837,26.8555465283166,22.4561464493509,32.5389029181012,-6.88549206696096,2.96817041334972,-6.88172543603563,-8.7451586433275,-5.10680858101509,29.3125782554904,6.81844592686909,29.8387277912928,25.9650161609986,33.1238716154753,51.9867676417689,15.9453725807583,0.456864407015126,0.373376891220776,0.998845056014783,0.697833655067729,0.116243549885886,0.33171684922274,0.463102988512097,0.456211189319359,0.457756917007879,0.434032156893497,0.0237247601143824,0.115828046946571,4921,0.0850604117331858,0.0567095548209054,0.0304796255753764
4,"Quercus robur",27,"l4nr027.tif",53682,1390.23672350146,36.0038401581924,0.349028619145777,0.349028619145777,0.854313352408903,426.42820947875,233.043942411644,1.82981889623853,1.71370819361604,0.00530904213702921,0.540188012336746,0.866691422205718,261.438415770278,0.012518162512574,0.493740918743713,0.506259081256287,-0.678602123564963,-1.83844460370227,-2.98557398180613,-3.54649271577849,-6.81252700946712,-4.46707314187785,9.49321161585162,65.2569390112152,24.6785390733719,61,51,74,65.186449834209,24.5444836256908,61,50,75,9.88266085466082,25.0069858091282,0,0,6,0.166399771632884,0.0234139798481983,0.166666666666667,0.157777777777778,0.175925925925926,0.904526985284499,0.191074595885288,1,0.920634920634921,1,0.263359975337699,0.0973906317378952,0.243137254901961,0.203921568627451,0.298039215686275,26.3781971932617,10.3153912186481,24.61035251038,20.1277318347808,30.6154566955407,-7.25924842817388,3.39701982693182,-7.4879300278657,-9.42385172921023,-5.39470918827051,30.1105268082663,7.68982795493995,30.6203056051709,26.306847892852,34.4529116649286,55.2332998025406,17.8761275202931,0.479394190887873,0.476901009649417,0.997317536604448,0.756734100815916,0.140709205774307,0.369800427127218,0.491017795336362,0.477235800956286,0.471916671713828,0.460547292433393,0.0113693792804351,0.117458443985443,4636,0.0911970099341005,0.0622875378955627,0.0299995613427146
4,"Quercus robur",28,"l4nr028.tif",54287,1429.69256762418,37.6521236745412,0.333749318444315,0.333749318444315,0.870570228667232,450.749742191508,223.847873288759,2.0136431745771,1.85980441901029,0.0061709064785308,0.538031103343855,0.851607539237448,262.907503059608,0.0218284303792805,0.48908578481036,0.51091421518964,-0.66689481524465,-1.76289273746152,-3.09591872108684,-3.624505371519,-6.98546861439178,-4.51357472257955,-8.21559326755862,71.8474588759751,23.0787268982879,68,58,81,72.3350710114765,23.4309011773721,68,58,82,14.0212942325072,26.0272591339952,2,0,18,0.16779154077866,0.0186926232196615,0.166666666666667,0.160493827160494,0.175141242937853,0.859195748612411,0.207269532989935,0.971014492753623,0.77906976744186,1,0.28919132410641,0.0921804278616258,0.270588235294118,0.231372549019608,0.325490196078431,29.4293571019278,9.7252593049825,27.8005456784931,23.3158669356772,33.8190090184008,-7.92145701633229,2.8813956078558,-7.9175881430443,-9.70957703014577,-6.19848135870435,31.6778073002086,6.96438646764395,32.2131557102053,28.3157335414985,35.5504273185218,58.8013889144732,16.6017834162881,0.471418131606652,0.483191187577136,0.998692136238879,0.652752961114079,0.111403846829893,0.318752396281968,0.483328576379768,0.463170230051472,0.465624351190042,0.459623856897579,0.00600049429246341,0.122872609728551,4814,0.0937414807025743,0.0600478904000816,0.0277761081848144
4,"Quercus robur",29,"l4nr029.tif",43130,1196.4133470106,33.1881497079784,0.378640289528953,0.378640289528953,0.874539896760389,404.175408191648,197.122253693924,2.0503793996756,1.86247644431128,0.00561094365870629,0.54134473434443,0.855109243031048,234.339116590525,0.0259216322745189,0.512960816137259,0.487039183862741,-0.660832631087574,-1.73800723466582,-2.99783957180796,-3.68034265509989,-7.02006026007118,-4.55483884464309,-8.28966649928414,73.4090888012968,22.5055278450406,71,60,83,72.9915140273579,23.7765811420248,70,58,83,9.04122420588771,24.276121449924,0,0,4,0.164638426522775,0.0172020276209063,0.164658634538153,0.157534246575342,0.172619047619048,0.920592610082447,0.174528289682568,1,0.954022988505747,1,0.294166473452353,0.0908385839804342,0.282352941176471,0.23921568627451,0.333333333333333,29.7518075003369,9.76616633505743,28.7362849994875,23.7649461620639,34.1202155964256,-7.7989564409219,3.29128222785668,-7.85615662438735,-9.89843217315425,-5.83473036497417,34.114058740777,7.23894197680858,35.1318080363811,30.7553974155933,38.4212137379031,63.5327150475305,18.5672121005037,0.47986643051987,0.39988407141201,0.999443542777649,0.608694644099235,0.104483672978027,0.308799920689628,0.481511846997936,0.47900664841876,0.479246022745046,0.476861396479221,0.00238462626582497,0.110695936478281,3321,0.081639175004302,0.0598889492355624,0.0298297443166273
4,"Quercus robur",30,"l4nr030.tif",55676,1339.26616075299,32.2155659411244,0.390071390871259,0.390071390871259,0.812865054794961,414.727257635572,234.06733168787,1.77182887780604,1.62584724307677,0.00580142251598537,0.573541228033909,0.86027951822122,266.249666464908,0.0127882750197572,0.493605862490121,0.506394137509879,-0.71701970076484,-2.04768915854465,-3.75252036108518,-4.42806923095225,-8.52082351467791,-5.4545522062086,-9.49254743983217,64.9570730655944,24.4299577606158,62,51,74,69.5083698541558,23.030004091478,67,56,79,7.32304763273173,22.4356793212469,0,0,2,0.17991429770526,0.0192915843470249,0.178743961352657,0.171875,0.186440677966102,0.93382493368761,0.161399722024681,1,0.973684210526316,1,0.274110504895973,0.0926698111822838,0.262745098039216,0.219607843137255,0.309803921568627,27.7861013112104,9.7680932439278,26.7693518573112,22.153879244626,31.9157510231135,-10.2387756010411,2.77104292248264,-10.2811992511844,-11.8977100937832,-8.78298816038525,32.6447297570433,7.61787464624356,33.5609799471474,29.0043495146154,37.1625831621862,66.736619009987,17.039116507452,0.507007330737148,0.853940656656369,0.99822185501832,0.70969538041526,0.107226521103966,0.338074642120622,0.51195255483761,0.507228219561109,0.510662090821021,0.475008400709881,0.0356536901111396,0.119452893280184,4905,0.0926643114881076,0.0611756090682261,0.0279395976965027
4,"Quercus robur",31,"l4nr031.tif",54921,1364.7220048757,33.9117304963849,0.370561172503384,0.370561172503384,0.838880375104121,431.921509365242,229.312466555704,1.8835500566225,1.74058861494848,0.00484332040567359,0.554505602413063,0.860217243188635,264.438251840387,0.0169516214198576,0.491524189290071,0.508475810709929,-0.694515153026426,-1.9196276185872,-3.25117479171903,-3.90931794786394,-7.48973882513743,-4.8707285511328,9.03712169734257,71.84830938985,24.6087539957872,68,57,81,74.4399045902322,24.8141100291466,71,59,85,7.89197210538766,26.0762279912288,0,0,0,0.172644658197103,0.0169502875840262,0.172916666666667,0.166666666666667,0.1796875,0.938429262068064,0.171907999702557,1,1,1,0.294860032467313,0.0982095869979676,0.282352941176471,0.235294117647059,0.337254901960784,30.0470711274685,10.2721753423278,28.7362849994875,23.7649461620639,34.6422486273997,-9.51543951518932,3.18461989561369,-9.57523191356965,-11.5959319669009,-7.6255220359949,34.6982515305376,7.84274050943506,35.7159252719932,31.1102613934204,39.6453810228611,69.1395276852214,19.514529387998,0.496632078134605,0.682398353999381,0.998925729684456,0.598841973015786,0.0981802024044927,0.333071884456849,0.50310337178663,0.488889789464789,0.500189404452905,0.481833384384597,0.0183560200683076,0.098269444764207,4253,0.0815970223705921,0.0522842768034933,0.0257115317285972
4,"Quercus robur",32,"l4nr032.tif",49885,1332.96464556282,35.6178159029852,0.352811375312486,0.352811375312486,0.843568653102299,402.293585136337,235.083629774138,1.71127860124863,1.62754112989036,0.00338779192141925,0.527478158474562,0.864221057646498,252.022924927701,0.0251578630850957,0.487421068457452,0.512578931542548,-0.676681639724254,-1.86897753739367,-2.77543700822963,-3.41649706481008,-6.51475265692349,-4.36278898798718,7.50220379858281,65.8469078881428,22.8037088630506,63,52,75,68.0532825498647,22.5232327664729,66,54,77,6.60859977949221,21.8271354402277,0,0,0,0.172511482860275,0.0193266007478268,0.17283950617284,0.166666666666667,0.18007662835249,0.940446371269518,0.161967735608612,1,1,1,0.270303501976115,0.0895590897367648,0.258823529411765,0.215686274509804,0.305882352941176,27.3944068324166,9.47933907939072,26.4649034681641,21.666336151776,31.4745065290998,-8.92252841038653,2.94827185559293,-9.0470195466695,-10.7828825658181,-7.29613011695174,32.5535697235115,7.71729745529943,33.4468893047777,28.5848415143449,37.2674844132926,63.6510574320943,18.0471949627994,0.496551854261212,0.674932344392102,0.999037786909893,0.728234940362835,0.112030806966336,0.331327891613298,0.501310563747845,0.491539801430691,0.502541838034653,0.477287444056732,0.0252543939779217,0.11899206719552,4423,0.0938149577906927,0.0633103669017758,0.0278421025383325
4,"Quercus robur",33,"l4nr033.tif",56197,1544.06009999233,42.4243570366446,0.296206507113468,0.296206507113468,0.860726307635801,419.537859303514,257.495531539408,1.62930151368202,1.63156341418337,0.000800754488673783,0.520202310973161,0.802865898522048,267.49250960631,0.00137017990284179,0.500685089951421,0.499314910048579,-0.661390522403668,-1.78347582992417,-4.58386471190065,-4.75758491464233,-9.43645762412921,-5.66784752546207,10.1452253510323,87.3668523230778,19.4821732515928,85,76,94,76.5380714272999,22.1585462256416,74,64,86,6.48541737103437,23.3847962494474,0,0,0,0.143133831549804,0.021401248937753,0.145098039215686,0.136752136752137,0.152263374485597,0.950571310951413,0.150665495277963,1,1,1,0.342929616995116,0.0770482570350263,0.333333333333333,0.298039215686275,0.368627450980392,32.3775547677007,8.76809137338781,31.4304813654506,27.3237324021624,36.0757220544925,-2.84861731752524,4.12331612638813,-3.11225918070945,-5.48305880528141,-0.654671517877237,37.9931550173187,7.11150972019166,38.8852217956495,35.3533552839312,42.0396784715373,59.2238731604895,20.1372313614848,0.451993694542241,0.0198231222307241,0.995551363951812,0.25930209797676,0.149519149711208,0.22467658957391,0.45374005147069,0.454517771703173,0.465707631670259,0.421069021187242,0.0446386104830171,0.112230080150872,4540,0.0856199905704856,0.0585611571300614,0.0258435985715546
4,"Quercus robur",34,"l4nr034.tif",62895,1743.19718498218,48.3144355788184,0.260095569032548,0.260095569032548,0.829116245101482,442.546069210641,274.282909124443,1.6134657118204,1.57965687845754,0.00205103744335799,0.518154037762748,0.798732593801393,282.984807306184,0.0350266316877335,0.517513315843867,0.482486684156133,-0.674527505873302,-1.9108357813377,-3.11613085150268,-3.81758250580743,-7.28542386547864,-4.78980397489622,8.45666071415976,80.8387471182122,21.1514174969694,77,69,88,70.703505843073,23.8373937397133,68,57,80,5.66946498131772,23.3055450998597,0,0,0,0.142411518370698,0.0231588234768569,0.145021645021645,0.135714285714286,0.152777777777778,0.958534569475621,0.147948140438081,1,1,1,0.317455765834436,0.0837719186763667,0.301960784313725,0.270588235294118,0.345098039215686,29.8208267175589,9.53324902482172,28.7890306507285,24.4882740258707,33.5065132448505,-2.66819245280281,4.2993465506266,-3.01902237108928,-5.3879558083037,-0.425295532560266,35.7527836948428,7.66025452644241,36.7484599490032,32.5014511069256,40.2657075374582,54.8987995866117,21.3882289355956,0.451930163378977,0.0268224819143016,0.997297082438986,0.475681691708403,0.162619032359133,0.263885326487254,0.451990620359168,0.445444349267616,0.468600177941082,0.437991323519233,0.0306088544218494,0.116472770190524,5094,0.0858877086494689,0.0600844563222978,0.0286733859020225
4,"Quercus robur",35,"l4nr035.tif",67352,1843.13831047913,50.4388708806845,0.249140601186048,0.249140601186048,0.841626894909219,462.158374009933,284.669685809868,1.6234899500982,1.5805843775537,0.0027170685354555,0.511939273633011,0.787176475400735,292.839938903495,0.0602506235894999,0.53012531179475,0.46987468820525,-0.660574548852352,-1.84296990175613,-3.47554692353018,-5.24319703794719,-9.62866571091202,-6.43322766865109,10.0755711276224,75.5599536762113,22.2411969643837,72,63,84,72.5642891079682,22.3666542288929,69,60,81,7.41786435443633,23.0917187398232,0,0,1,0.158866024853189,0.0192022104830312,0.159420289855072,0.152572212938649,0.166666666666667,0.937200642505923,0.16029191942594,1,0.985294117647059,1,0.29903311603772,0.0883373734829195,0.286274509803922,0.247058823529412,0.333333333333333,29.850426289254,9.23888733264156,28.579901164505,24.6075356788959,33.4624744352593,-6.56217934020159,3.05569826261406,-6.60798383369163,-8.42231702124183,-4.85261301265671,35.0117985745083,7.0448279352883,35.9167112088268,32.1842480374847,38.8852217956495,62.1507601852959,17.0414232961332,0.475275061634055,0.205116403373322,0.9976541156907,0.588059745813042,0.120870465412009,0.295410001266771,0.484878298123282,0.473757266835598,0.466190121279067,0.464717169065345,0.00147295221372201,0.114746877261429,5578,0.0877513135953183,0.0549028488674567,0.0273442529406488
4,"Quercus robur",36,"l4nr036.tif",63617,1703.4398256693,45.6121357447889,0.275504981495957,0.275504981495957,0.868941783565726,452.438804118216,245.814151045164,1.84057265293522,1.80105867971475,0.00202775987550496,0.57201373701939,0.826994949659086,284.604427438185,0.0195702406589434,0.490214879670528,0.509785120329472,-0.662587083639033,-1.75950840865755,-3.80678854131046,-4.4837866037498,-8.66368977225077,-5.4529594917119,-9.04489335346215,79.4387663674812,20.5438574092291,76,68,87,78.2995425750965,20.8205283942059,75,66,87,9.93245516135758,24.4208433497229,0,0,7,0.163554691925834,0.0169787131605501,0.164351851851852,0.157534246575342,0.170781893004115,0.911750669003495,0.176863532399798,1,0.922222222222222,1,0.316184075843582,0.0816578221236527,0.301960784313725,0.270588235294118,0.345098039215686,32.1192652829965,8.53123449637783,30.8615135966865,27.224099873331,35.5903580062912,-7.86294716914785,2.93289178578008,-8.08230695307122,-9.74582544483923,-6.21826752255045,36.2240930768068,6.45565031085426,37.2945418080372,33.8944120827223,39.6082723287301,67.2278636213587,16.2074978578016,0.476967849534718,0.351006806356791,0.998239464294135,0.483942971218385,0.103810614399486,0.258260387236544,0.487261442728558,0.470268272807981,0.472052702705215,0.470293650170441,0.00175905253477393,0.109710046079883,5172,0.0860379618385374,0.0561335369999199,0.0261299658025427
4,"Quercus robur",37,"l4nr037.tif",53860,1674.32712729709,52.0492263127166,0.241432418973132,0.241432418973132,0.850269761035945,412.471488146766,250.526096259597,1.64642124834516,1.62706971651874,0.00124396583735609,0.521218046639069,0.815683661338321,261.871498791747,0.0341626438915707,0.482918678054215,0.517081321945785,-0.671134153209508,-1.83645127819036,-3.75685005349799,-4.69079056124736,-8.914782697352,-5.71191196402661,10.4655260425613,67.1539175640553,20.9474626264393,63,55,74,62.2801151132566,22.2215729617415,58,49,70,3.44539546973702,18.0188708935051,0,0,0,0.153058519315756,0.0203722607166954,0.153645833333333,0.143835616438356,0.163398692810458,0.974347336580522,0.113939099337003,1,1,1,0.265436534807017,0.0839439359972529,0.250980392156863,0.215686274509804,0.294117647058824,25.6260206323686,9.15275794839232,24.0779104635,20.0947661399348,29.1076411427073,-4.86549158801782,3.77607898169736,-4.8480638768986,-7.40680383867029,-2.45133104935302,32.2985465570647,7.42567279013988,32.404411938963,27.9519885924487,36.8655040896298,53.9609171927215,19.3459548035408,0.472121209761169,0.147289268473821,0.997753434831043,0.779428147047902,0.133101121549248,0.316248611902785,0.467027125815505,0.466643989280344,0.48728226386124,0.47667374308571,0.0106085207755308,0.106093062001666,4193,0.0831647427506049,0.0595843365699022,0.0299064326119381
4,"Quercus robur",38,"l4nr038.tif",46588,1588.78802205369,54.1823512282403,0.231927377263936,0.231927377263936,0.875577932618729,404.502560557911,215.762989305861,1.87475415435822,1.84909998690517,0.00184596891903499,0.5337966467146,0.79039071645488,243.552220088674,0.0551214905125783,0.527560745256289,0.472439254743711,-0.63523669405167,-1.68347618991364,-3.12353307137648,-3.71056484148234,-7.130843474724,-4.5918539144483,8.04302425992155,78.9375375633189,20.4035426705434,75,67,86,75.4156220486,21.9044495323516,72,63,84,5.99122091525688,21.0747735356559,0,0,0,0.158174338475531,0.0211516948209989,0.158730158730159,0.150273224043716,0.166666666666667,0.951847535429866,0.141742251192805,1,1,1,0.312862354523677,0.0824963068404448,0.298039215686275,0.266666666666667,0.341176470588235,31.1129203349561,8.83094361310394,29.8491543906697,25.9353214565912,34.6677382415286,-6.58466102112306,3.80455733020324,-6.67804549205736,-9.13659786709167,-4.31076747411979,36.8535284880723,6.62814885142061,37.4309368491738,33.8827206565379,40.4893776670221,65.9024856186135,18.8710370882854,0.476032208200676,0.222653902292436,0.997273976131193,0.517193268652872,0.133723933294951,0.263682432174879,0.473591897180418,0.476687922166641,0.480646373419029,0.474185348933939,0.00646102448508928,0.107115655365015,3317,0.0765573429962841,0.0567985703460129,0.0311736982283453
4,"Quercus robur",39,"l4nr039.tif",59473,1757.09667991879,51.9124433370038,0.242068564039284,0.242068564039284,0.835014565450557,424.192197537355,265.952993990884,1.5949893670003,1.58777137389476,0.000622131051065233,0.527171940724995,0.783962985420896,275.178806313339,0.021001126561633,0.510500563280816,0.489499436719184,-0.666088610954679,-1.87512363155687,-3.60320396556556,-4.3566542607124,-8.33738251305072,-5.30137685990594,9.55404876163887,66.1426529685751,24.9915582102554,63,52,76,71.3265347300444,23.4526655295063,68,57,81,5.44906091840033,22.639181043682,0,0,0,0.180573116434022,0.0233498553409223,0.180365296803653,0.171641791044776,0.188888888888889,0.95745303347077,0.150942189230532,1,1,1,0.28209274731028,0.0941822268766062,0.266666666666667,0.227450980392157,0.32156862745098,28.4988928187486,9.88695928463496,27.2713718480581,22.6022371682548,32.8085411242014,-10.7715538748012,3.32396514674604,-11.1652380394455,-12.963996312473,-9.03598584022153,34.0558156833943,8.06705213552522,34.8814432045658,30.1227935133192,38.9086756961497,71.0613555731215,18.9582765094695,0.514672879582629,0.822894422679199,0.996738015570091,0.674137844063693,0.129309698324579,0.33386971994407,0.522485297334804,0.506784572557515,0.517745952725273,0.506526229354554,0.0112197233707192,0.113732791492866,4927,0.0882042285039116,0.0644992398877623,0.0289550888808034
4,"Quercus robur",40,"l4nr040.tif",53610,1578.78802205369,46.4945274870395,0.270276337744525,0.270276337744525,0.837711487208505,414.554066442387,255.012403364051,1.62562314998685,1.59494681798759,0.00188397686998698,0.507111341203739,0.774554280925824,261.263032197921,0.034210035441149,0.482894982279425,0.517105017720574,-0.663316582214072,-1.86096489482686,-3.74363030973544,-4.24667987575229,-8.36602222451062,-5.17764773006716,8.4223159663241,79.2114903935841,20.8051731981871,76,67,87,81.0204626002609,20.824589718726,80,70,89,7.48425666853157,22.9996245783993,0,0,1,0.170090867641927,0.0186321538388521,0.172161172161172,0.164444444444444,0.178240740740741,0.938028171770465,0.158409174579617,1,0.986842105263158,1,0.323059130759187,0.081754051798233,0.313725490196078,0.274509803921569,0.352941176470588,32.9526654581899,8.53932343343439,32.3836113022988,28.2591143864002,36.481397416222,-9.70803609721827,3.43640357648783,-10.2650740139196,-11.9026234496944,-8.18087956732699,37.7750401433307,6.80810533252463,38.7527110650084,35.2080244943295,41.7903911980573,75.3451781384074,18.6574404837951,0.492066542076781,0.660678977802649,0.998955418765156,0.402536840141765,0.109542352200437,0.25306219128693,0.504761645006062,0.486285454720324,0.497446851534727,0.455395828877687,0.0420510226570399,0.116182572614108,4406,0.087474438642816,0.056804882449054,0.0256805915461843
4,"Quercus robur",41,"l4nr041.tif",55170,1444.2611101191,37.8084131629956,0.33236969137489,0.33236969137489,0.895343923423072,450.619402393864,228.214702054452,1.97454150997838,1.93244507864606,0.00264636577850286,0.536474986568101,0.829536740493482,265.037027003849,0.0156606851549755,0.492169657422512,0.507830342577488,-0.628196503901433,-1.60560751732822,-3.13550195405758,-3.56124584611413,-6.9127008423506,-4.37551026663648,7.83518300483313,69.3083378647828,22.3102319431478,66,57,77,73.6515678810935,21.5029644026452,71,62,81,3.76483596157264,20.9142229047959,0,0,0,0.17704546492513,0.0186524200051552,0.177966101694915,0.171171171171171,0.184126984126984,0.974838884696571,0.124604720185309,1,1,1,0.29110329214158,0.0859528134128817,0.27843137254902,0.243137254901961,0.32156862745098,29.5861472814948,8.94126420759739,28.6159111948555,24.6365643418322,32.9831974825879,-10.6348289513217,3.01416959161926,-11.0060605482324,-12.5394034371577,-9.19157782284297,35.9324062202434,7.17434444474717,36.6171993327072,32.744645340484,40.139959540024,74.2299619358329,17.8121625012738,0.511758347890379,0.825394235997825,0.998640565524742,0.641924959216966,0.105353841781201,0.295265685541654,0.519500410198101,0.509796525799113,0.514223951702593,0.487704569578281,0.0265193821243123,0.112292396988679,4402,0.08432465567113,0.056162395702711,0.0263885385143378
4,"Quercus robur",42,"l4nr042.tif",59483,1687.05504935844,47.8482043536107,0.262629931135773,0.262629931135773,0.888119767260252,464.379799982718,234.01427837565,1.98440797376165,1.91909031787972,0.00267303263117191,0.54736520548738,0.800121061304099,275.201940108499,0.00176521022813241,0.500882605114066,0.499117394885934,-0.633487291745126,-1.63955119817265,-3.02708820930799,-3.45700365762552,-6.70698761966745,-4.27960869993443,-7.42152734343157,71.5405578064327,20.2029857996853,68,60,79,74.9317115814597,19.4683448768791,72,63,83,5.15412807020498,20.0107604261052,0,0,0,0.174731796952041,0.0155520456012559,0.175287356321839,0.169312169312169,0.18075117370892,0.957511520578201,0.136260294846827,1,1,1,0.295862815310883,0.0788915019282814,0.282352941176471,0.250980392156863,0.325490196078431,30.2530904326259,8.08976318819162,29.0394305710171,25.4054879742802,33.5759969394125,-10.2052659302648,2.62272547723296,-10.3452632291493,-11.8135747503393,-8.86220990832837,36.202125211945,6.15438013734574,36.5632743646831,33.3221397186728,39.69038743668,73.1687372862835,15.4491747732503,0.503506175698359,0.803254711430156,0.998453339609636,0.621606173192341,0.0890052399364915,0.266648925038909,0.512267693347438,0.497517605226561,0.504464559363831,0.488953307345986,0.0155112520178448,0.104957777658758,4449,0.0794279899309089,0.0526789638279038,0.0245504496780046
4,"Quercus robur",43,"l4nr043.tif",51077,1570.10173055267,48.2647658297177,0.260363235961704,0.260363235961704,0.904548033841786,429.496387070521,209.186896919779,2.05317060195806,2.04992602960128,0.000822287918241127,0.568501203722159,0.823696369104734,255.016188165453,0.0267243573428353,0.513362178671418,0.486637821328582,-0.608951353416681,-1.53725889047127,-2.82375402848711,-3.27797296420771,-6.33074127807734,-4.06163953806568,7.35823864220017,75.93639015604,20.3660902480542,72,65,82,78.9701235389694,19.603042572661,75,68,86,9.23867885741044,23.2348361208646,0,0,6,0.173906448151917,0.0150234209867937,0.173913043478261,0.168949771689498,0.17948717948718,0.916646563706346,0.17012836584202,1,0.931506849315069,1,0.311620939857433,0.0791909412298811,0.294117647058824,0.266666666666667,0.337254901960784,32.0064434708744,8.12237697090549,30.4254309126417,27.3645104942775,34.8802275630483,-10.1102917823029,2.47959383446688,-10.1827919672815,-11.5919235702052,-8.78630407776676,36.3194549052087,6.06347696513751,36.957856936565,34.3288062835585,39.1956496932831,72.7651780644909,14.8568188877135,0.492848051772046,0.77637684280596,0.999040664095385,0.538657321299215,0.0863879462783458,0.254125865264334,0.503444536598437,0.486777063634809,0.491277184692169,0.480458442986436,0.0108187417057328,0.112855023093482,4240,0.0886120922067337,0.0570026664535692,0.0264519315842034
4,"Quercus robur",44,"l4nr044.tif",42893,1574.2438661764,57.7773471241,0.217496497154289,0.217496497154289,0.910040853749837,418.623864130997,202.621866964081,2.0660349763987,2.01928819515281,0.002844286946588,0.505680407973187,0.780475822226266,233.694381174057,0.0280931620544145,0.514046581027207,0.485953418972793,-0.589485218147428,-1.48045287544948,-2.89461644119228,-3.39435740113606,-6.53960168253465,-4.15118274934685,-7.76794880090802,82.7455528874173,17.8014326524958,80,73,88,66.1017182290817,22.6946958864511,63,53,74,3.56923041055603,19.4539773248688,0,0,0,0.129857738972191,0.0218806159534883,0.130681818181818,0.119402985074627,0.141975308641975,0.975676273646846,0.119387311411011,1,1,1,0.324775604410976,0.0707843920646725,0.313725490196078,0.286274509803922,0.345098039215686,28.6665113539739,8.75857882122854,27.3237324021624,23.5748982290562,31.8764757855424,1.0912594032266,5.11191441381878,1.26374701727666,-2.16096319365056,4.26105865701254,35.7668646406698,6.93255433706384,36.1414914789484,32.2794109951974,39.8571004834244,45.8886531601893,22.6898357025978,0.43142847740544,0.0126594082950598,0.996363042920756,0.381554099736554,0.168496817811352,0.217948610934312,0.417562765790006,0.43632196432993,0.438512853114005,0.447721276506173,-0.00920842339216854,0.105989156474593,3474,0.0876055982852099,0.0553577555090347,0.025450221298945
4,"Quercus robur",45,"l4nr045.tif",45518,1328.05295731739,38.7478504644199,0.324311425375666,0.324311425375666,0.923738709274917,447.634117318455,181.170803346171,2.47078507712493,2.30211774626745,0.0070082165297245,0.561269937930754,0.867075586711369,240.739106912972,0.0254404850828244,0.512720242541412,0.487279757458588,-0.584162261532335,-1.42503272410208,-2.57692048239905,-2.99881099948437,-5.78667780575988,-3.71305735685302,8.441311576298,84.7590403796297,20.8089551413729,83,72,94,84.2996836416371,21.2119020881765,82,72,94,7.56867612812533,23.119524172664,0,0,1,0.165370852647382,0.0154130461133024,0.166666666666667,0.159574468085106,0.172764227642276,0.939323625257888,0.156012417440863,1,0.988095238095238,1,0.339190529236872,0.0825202681969455,0.333333333333333,0.290196078431373,0.372549019607843,34.5212927952475,8.60530926343655,33.8992453926814,29.3567280158639,38.3897319857392,-8.82498364181193,3.30702516027442,-9.1896015957463,-11.0060605482324,-7.0772251292627,39.2992840828677,6.78206871692732,40.1615766576242,36.4887046307022,43.3556991389194,76.2716507755171,18.6699608242986,0.485340332566887,0.459598400632717,0.998879564128477,0.305549452963663,0.0932029180073496,0.243285884600959,0.490306110260708,0.48009566684611,0.484302131163932,0.484927526021245,-0.000625394857313277,0.114627367634351,4035,0.0942382698460892,0.0603804269786248,0.0248866646187902
4,"Quercus robur",46,"l4nr046.tif",49066,1537.81745930521,48.1979892011561,0.260723960120265,0.260723960120265,0.88511023463871,439.067893998388,217.213519337201,2.02136540735653,1.87953603694709,0.00536012717564094,0.514472447343568,0.787254013204868,249.94553707153,0.0130028940610606,0.49349855296947,0.50650144703053,-0.629587221197842,-1.64146624626004,-2.85355803552822,-3.27549752721837,-6.34016452792478,-4.09746561170836,7.936622297822,68.3315534178458,20.2018037950046,64,58,73,60.0529490889822,23.5771007284207,57,47,69,4.08374434435256,19.8248454209527,0,0,0,0.14362836836189,0.0303322413125995,0.147849462365591,0.127853881278539,0.163690476190476,0.968943288812309,0.129956956599021,1,1,1,0.270606537972463,0.0800526036474081,0.254901960784314,0.227450980392157,0.290196078431373,25.0976148388746,9.38406255971093,23.8777557198163,19.7707383831989,28.5033425950503,-2.69967204158007,6.03229383885571,-3.54392140491233,-7.41007664834462,1.41680317200801,31.5055288637716,7.61799871309664,32.169977734843,27.5355508275217,36.1945132068338,47.6906004157664,23.7921619968364,0.452558276965059,0.173093384420984,0.998145355235805,0.789467248196307,0.211185585740193,0.29582656779611,0.434555495777836,0.438398378999817,0.49631161660534,0.445508742050641,0.0508028745546987,0.106364903720484,3860,0.084081205890041,0.0612995257679922,0.0290618448026327
4,"Quercus robur",47,"l4nr047.tif",58146,1702.91291373471,49.8729472666125,0.251967675926218,0.251967675926218,0.81967954653396,432.95934473575,270.982185021236,1.59774099061833,1.55585796988814,0.0029580710624979,0.495600785462588,0.746725227307752,272.091504035262,0.0296151068001238,0.514807553400062,0.485192446599938,-0.673000724808541,-1.93790324840469,-3.93086118239624,-4.3627207018654,-8.5101706596458,-5.36238115769636,-9.76877036237427,78.1409899219199,20.5607502794274,74,67,85,74.5517318474196,21.1970071445439,71,62,81,9.10291335603448,23.5153724917386,0,0,5,0.158037677705491,0.0168559777796227,0.158008658008658,0.150406504065041,0.166666666666667,0.918432034589166,0.169684064806776,1,0.933333333333333,1,0.309279683393325,0.081647122318734,0.290196078431373,0.262745098039216,0.333333333333333,30.7889278323406,8.61982777706923,29.2124649129992,25.8057185335698,33.7109707800812,-6.33036949261024,3.25629965384229,-6.37237843742033,-8.41113352511116,-4.40196037949558,35.3920748970858,6.15128909192978,35.9328504354328,33.0115853239431,38.4994217288306,61.8595604168825,15.7100551616455,0.469827883536395,0.195972207890483,0.998692945344478,0.561620747772848,0.106657968641987,0.263991223603616,0.473196846972884,0.460988707085729,0.478166732655525,0.465662991674558,0.0125037409809669,0.109283217742969,4571,0.0836459457975735,0.0569938721317719,0.0282651916958507
4,"Quercus robur",48,"l4nr048.tif",51438,1666.42763236048,53.9869562170873,0.232766792108606,0.232766792108606,0.878000356047792,421.743352908578,233.353553916172,1.80731489120617,1.77642973755824,0.00274116411991132,0.52266258038157,0.80450439882698,255.915798070552,0.0145417784517283,0.507270889225864,0.492729110774136,-0.639763155831364,-1.68473284601005,-4.68963038373876,-5.5505241163332,10.900700398268,-6.60909666278753,-10.7630047406833,75.4102997783729,21.9445276136461,72,63,83,77.0078929973945,21.6815569515313,74,64,86,10.2657179517076,25.3469692198442,0,0,7,0.170289805129833,0.0183126846794353,0.171052631578947,0.164351851851852,0.176767676767677,0.907287073998093,0.185470007853251,1,0.913978494623656,1,0.305641590980651,0.0867157034572641,0.290196078431373,0.254901960784314,0.337254901960784,31.2984584838886,8.98283858562142,30.0046026788867,26.1349322098258,34.9451804264533,-9.12333915419433,2.74302856054597,-9.25304815673501,-10.8099840368894,-7.68608614837574,35.1482289549721,6.94960467929458,36.2324961981779,32.7699648876292,38.7445688129665,68.3397682647074,16.7046361198735,0.485760592541623,0.624771569656674,0.998289202535091,0.558205995567479,0.107538349450426,0.283716960428455,0.500163400762126,0.476169163402599,0.473188179823624,0.483835779503728,-0.0106475996801036,0.116429226026827,4443,0.0925393651587103,0.0593194046678635,0.0277759236530024
4,"Quercus robur",49,"l4nr049.tif",59964,1534.16060505572,39.2510299864072,0.320153907265898,0.320153907265898,0.824505922560147,436.86645134309,251.720490019676,1.73552201216891,1.72766038628987,0.00090054032419451,0.545284725152828,0.83297794756034,276.312388539673,0.0048695884197185,0.502434794209859,0.497565205790141,-0.701024468354348,-1.97854668514537,-3.210423289315,-3.74190055369197,-7.21823485954126,-4.73178679667868,-8.76827690694589,90.3980388232955,23.2522135973257,88,78,99,95.0372223334015,22.5682320783067,93,83,104,21.4953805616703,30.988712146738,11,0,33,0.178481995484536,0.0410023336123745,0.177595628415301,0.172480620155039,0.182352941176471,0.812106500840966,0.208290892861646,0.88235294117647,0.674698795180723,1,0.373936911166306,0.090110301727876,0.364705882352941,0.325490196078431,0.407843137254902,38.506140672861,9.1615514302291,37.7253404993651,33.5373055255232,42.3453620007825,-11.4664991123114,2.81019784943748,-11.74299310755,-13.2140815612783,-10.1892576838354,37.6876874372856,7.42510286250326,38.9837011728495,34.9703274447636,42.1127076358388,78.1810252818365,18.6846466666014,0.472556792806434,0.874324594756854,0.995564005069709,0.14330264825562,0.229728120594657,0.240977284659718,0.478922447535127,0.470443311118089,0.47029474277872,0.456918868118214,0.0133758746605063,0.105908858887931,4754,0.083678031436467,0.0519040210396608,0.0259563870062881
4,"Quercus robur",50,"l4nr050.tif",60440,1646.91291373471,44.8762763968591,0.280022578148634,0.280022578148634,0.825932373671132,454.965637428658,280.791019940915,1.62029981416212,1.62210544241412,0.00100926538716084,0.473110563208327,0.799122076342337,277.406917872993,0.021475843812045,0.489262078093977,0.510737921906023,-0.659863349862389,-1.89167128862979,-2.59576164827222,-3.20968636040616,-6.11266694288097,-4.15983259363583,-7.57630597646727,83.8325777630703,23.9015643963959,84,71,95,90.1980476505645,22.4517157663549,90,78,101,6.30552614162756,24.0648085609271,0,0,0,0.180049623933338,0.0193877095729814,0.17948717948718,0.174242424242424,0.185185185185185,0.954759722364528,0.152624339819465,1,1,1,0.355344402486342,0.0893785946299562,0.352941176470588,0.305882352941176,0.396078431372549,36.2819826720652,9.28036093948691,36.2724638991386,31.1713486256458,40.6272984594143,-12.7302104589587,3.11360098628036,-13.1760628859943,-14.6399484377834,-11.4456081529318,40.9374122390845,8.02842894105396,42.4070672878027,37.8928900274472,45.7667424025473,90.2579913964245,20.7394492743424,0.512180514507292,0.899123097286565,0.998262739907346,0.228755790866976,0.107679810941898,0.251526670331791,0.517809474299018,0.509856591781311,0.511959527843603,0.496490284155601,0.0154692436880021,0.118861509341372,5190,0.090960075712433,0.0613324300331302,0.0288473962012554
4,"Quercus robur",51,"l4nr051.tif",58640,1527.81745930521,39.8060400572616,0.315690045939818,0.315690045939818,0.836924119109221,436.448621477315,261.381344106265,1.66977724814161,1.64358996065108,0.00190995907230562,0.514027375289231,0.803073151692356,273.244884496069,0.0476466575716235,0.476176671214188,0.523823328785812,-0.671111014089919,-1.87906903947428,-2.8559209520654,-3.41264831775861,-6.55156518010768,-4.39031999240124,-7.38472716960498,78.4351466575705,24.1741640444238,76,64,90,86.3810197817165,22.7328374977204,85,72,98,3.71452933151471,20.3056519479679,0,0,0,0.183896884837477,0.0173658678972049,0.182971014492754,0.177871148459384,0.188492063492063,0.975982396625183,0.120469737532945,1,1,1,0.339839298611669,0.0908444359033519,0.333333333333333,0.282352941176471,0.384313725490196,34.5496095980562,9.40650495314081,34.0438445543726,28.7035372961155,39.2547670066049,-13.3868830799473,2.89287646481289,-13.7353756707236,-15.193086832094,-12.1007252083665,40.3184261504836,7.97931669595123,41.0319290888353,36.5632743646831,45.1967799807805,90.61236357435,20.5555639724489,0.523262395187614,0.94606070941337,0.998925648021828,0.333867667121419,0.094432637171205,0.267315863724881,0.529356264465232,0.519605735092683,0.51977984535304,0.519365053243357,0.000414792109682982,0.11909695320805,5056,0.0910974577034648,0.0561130745168995,0.025680320721819
4,"Quercus robur",52,"l4nr052.tif",52516,1546.2611101191,45.5275234341298,0.276017003923801,0.276017003923801,0.909724134720274,443.265496762576,209.481839014696,2.11600919128593,2.0851403498766,0.00302764871658157,0.565563448778474,0.838210765731615,258.583541493483,0.00788331175260873,0.503941655876304,0.496058344123696,-0.616180735823214,-1.53487570566196,-3.33576058320655,-3.89466845315817,-7.50991920360636,-4.66220312878046,-9.39873049799251,84.6507921395382,19.3875162289762,82,73,93,84.5883540254387,20.119098420349,83,72,93,26.7148868916148,26.5553682807628,23,5,40,0.165982395640908,0.0189934581858324,0.166666666666667,0.158730158730159,0.173913043478261,0.726853293576351,0.213051560215433,0.730769230769231,0.565134417524062,0.930555555555556,0.338366570636176,0.0779745324379032,0.329411764705882,0.290196078431373,0.372549019607843,34.7592143113369,8.19364171123548,34.0009883607842,29.7708410903918,38.4728541048983,-7.9270299798109,2.82550462145839,-8.07216520296253,-9.79520479635931,-6.21976945276573,31.7807293025637,6.57803937969897,32.744645340484,28.1994541157766,36.1179789587225,57.8110290197305,15.843455266402,0.441931929296694,0.447235128341839,0.998571863812933,0.310038845304288,0.114430557518238,0.230443959226989,0.451863264677943,0.429821465786753,0.441279491102166,0.438861464057417,0.00241802704474842,0.114092327645605,4456,0.0903011388967697,0.0565921847249762,0.0251329807710284
4,"Quercus robur",53,"l4nr053.tif",52298,1494.11897449537,42.685982445736,0.294391036456382,0.294391036456382,0.866726062133066,436.433762465232,228.975366961654,1.90602931772273,1.82240144822326,0.0047994187158209,0.523332826203289,0.81615518465632,258.046278234272,0.000917817124937856,0.499541091437531,0.500458908562469,-0.655161530034237,-1.75177163278861,-3.02776023311928,-3.53502253007265,-6.81642112657006,-4.41107007237797,9.05567947526462,78.8962293013122,23.5563327655744,77,63,90,78.887337947913,25.1201766447937,77,63,92,10.6989942254008,25.8772660089018,0,0,5,0.165638683859065,0.0210075153349068,0.166666666666667,0.158469945355191,0.174603174603175,0.909319152801432,0.188712434636424,1,0.941176470588235,1,0.317742214863688,0.0952194022385521,0.309803921568627,0.254901960784314,0.364705882352941,32.1813067215959,10.2739241360258,31.5895244445112,25.6458866412978,37.5578922236225,-8.36478143522374,3.8783518927767,-8.74157311908449,-10.890304289875,-6.26320875155625,35.6831614343138,8.04122991344031,37.1496505953919,31.8844166049362,40.9487024961886,68.1794523691158,21.3845223477221,0.478453005333155,0.470935791043635,0.99873800145321,0.456002141573291,0.126827349255889,0.299675011643405,0.48002952096116,0.472520159454479,0.486399096457333,0.470386851200588,0.0160122452567449,0.134810692232694,4816,0.0978225544361391,0.079791299736633,0.0353698107958291
4,"Quercus robur",54,"l4nr054.tif",44075,1305.12402512926,38.6465960514938,0.325161124090085,0.325161124090085,0.900815610790209,440.038819799772,192.887753473874,2.28132067419913,2.0973582277225,0.00642087351106069,0.519274115649068,0.803306176754698,236.892450141836,0.0419058423142371,0.479047078842881,0.520952921157119,-0.61993753195467,-1.5713526484886,-3.24816524366844,-3.70723227354615,-7.18501923156699,-4.5276312918929,8.88061943945796,73.8835847986385,20.0392497706381,71,63,80,66.6032217810546,23.3278477725952,64,53,76,7.1007600680655,23.236150099116,0,0,1,0.1473928611616,0.0237304331164459,0.14922480620155,0.13768115942029,0.159203980099502,0.939132131342207,0.164376513809967,1,0.98780487804878,1,0.291140013123797,0.0805666462845388,0.27843137254902,0.247058823529412,0.313725490196078,27.7825253981139,9.35997471281003,26.7647510145948,22.3726759651143,31.4862325335592,-3.6796035045354,4.38131735655872,-3.9778805466813,-6.76484247148496,-0.988864508704279,33.0918241857162,7.26376681274906,34.2669449269269,29.8386306835715,37.6575369286409,52.2220986954058,19.834823474375,0.455326729149781,0.0906182643221781,0.998888258650028,0.656698808848554,0.161001236887768,0.276728180174782,0.447145002296999,0.454594986941259,0.470860693660038,0.45503377255581,0.0158269211042277,0.109983815252313,3616,0.0873493248303017,0.0545647326673184,0.0261447150262315
4,"Quercus robur",55,"l4nr055.tif",53568,1535.71695424182,44.026780233456,0.285425610224615,0.285425610224615,0.851666794832585,440.167396209223,233.415796356767,1.8857652441673,1.79869456003048,0.00352822580645162,0.521383541717909,0.817744668508709,261.160670722782,0.0110140382317802,0.50550701911589,0.49449298088411,-0.667424864722502,-1.82456208517527,-3.00348412364103,-3.55569654793408,-6.83528747797157,-4.46897153652208,9.6166797667324,71.0263776881715,19.1653941453901,69,60,78,65.5423013739551,21.8718036241626,64,53,75,7.00989396654679,21.30837123389,0,0,2,0.151077952554153,0.0243709248008371,0.152542372881356,0.142156862745098,0.162162162162162,0.934578363807232,0.157262525838823,1,0.97,1,0.280740843230961,0.0772006108615522,0.270588235294118,0.23921568627451,0.309803921568627,27.1487655434782,8.88591733525754,26.556288111548,22.1272680354756,31.0217993569335,-4.59086400393626,4.16295892515886,-4.75799549264644,-7.36264331536252,-2.17093930910989,32.4411501416267,7.15801980017595,33.7338328456178,29.3818087970214,36.8629699093707,53.0483310931905,19.2962224811566,0.460204265477427,0.142193100358423,0.998226553166069,0.699130077658303,0.161313575061774,0.274988881910038,0.452760501585281,0.454335415881719,0.480284962401663,0.461450682433466,0.0188342799681974,0.11763538980361,4573,0.0907161277524301,0.0571937644101227,0.0267687909544732
4,"Quercus robur",56,"l4nr056.tif",52525,1333.55043200045,33.8573394514723,0.371156470589502,0.371156470589502,0.867205594099972,421.970286627998,219.170880455263,1.92530269418766,1.89707539340687,0.00154212279866728,0.567938536433508,0.859782946751567,258.605698095023,0.0269776297001428,0.513488814850071,0.486511185149929,-0.667402392497102,-1.77471397540549,-2.99753049160619,-3.53457046195206,-6.8028020736246,-4.43201270299512,7.80074648835971,73.7774773917176,20.6137443380539,71,63,82,69.0089100428361,22.4345373314205,67,57,78,13.3081770585445,25.4623877761623,2,0,17,0.152671233602158,0.0236801352874184,0.153005464480874,0.144607843137255,0.161538461538462,0.865090558536716,0.203416727034475,0.975,0.791666666666667,1,0.29101869324598,0.0826654305411915,0.282352941176471,0.247058823529412,0.325490196078431,28.5799680230345,9.21890296869559,27.6796894371024,23.5338873732142,32.5066974719453,-4.91001469871272,3.33076598605993,-4.89872329076749,-7.02635592908968,-2.9407862560383,31.1824402124695,7.13312243908543,32.3624181653682,28.1160530528342,35.4999662109491,50.9321656354095,17.2099832055659,0.450866557217555,0.117087101380295,0.997486910994764,0.641294621608758,0.155105415562571,0.284055396356495,0.454561232925935,0.437709320958911,0.471059391989248,0.424578875317356,0.0464805166718919,0.110271964005945,4331,0.0869923271602459,0.0502439991581105,0.0251755843822945
4,"Quercus robur",57,"l4nr057.tif",55476,1409.63369312113,35.8185007711862,0.350834634163919,0.350834634163919,0.82883201629739,432.943709129374,241.116741611571,1.79557713925493,1.67852937170993,0.00383949816136708,0.531430333528529,0.868434029163829,265.77102359687,0.0326988247169947,0.483650587641503,0.516349412358497,-0.701248919614062,-1.96518601601987,-3.10986801943723,-3.78198117984337,-7.23105307188959,-4.78239651987623,-8.14888613590789,69.5596474151,22.9610590373631,66,57,78,67.0875333477527,24.643362983304,63,53,77,9.59705097700018,26.2472572365045,0,0,3,0.15899444788674,0.021597189556724,0.159420289855072,0.150234741784038,0.16875,0.914783721471781,0.190693064716314,1,0.958904109589041,1,0.276833932073082,0.0926406726391818,0.258823529411765,0.223529411764706,0.309803921568627,27.4482817045629,10.1705074049829,26.0153534518707,21.5655044654451,31.6570798503314,-6.12329128841984,3.55606680792061,-6.20041061759957,-8.45730751110765,-3.93037628209372,31.4675643263881,7.64469932172049,32.7274126197976,28.1833321459312,36.2376977313909,55.0183683034094,18.3213940417765,0.469541903874468,0.254830917874396,0.998467805898046,0.711568966760401,0.13583612326056,0.334643486839907,0.472076132132371,0.455934295523303,0.483019497513556,0.465693464378292,0.0173260331352635,0.12853040187147,4172,0.0793472679206527,0.0695311487323909,0.0411884304323878
4,"Quercus robur",58,"l4nr058.tif",57052,1573.51594411504,43.3981705529036,0.289559915873422,0.289559915873422,0.840235074866241,454.967023220958,246.365949503927,1.84671227552778,1.68013130463253,0.00552127883334497,0.508991196425544,0.827062328305415,269.519688531711,0.0204374956180327,0.489781252190984,0.510218747809016,-0.687352760386107,-1.9009742151081,-3.06829965577196,-3.65662939686056,-7.0228171750625,-4.61549190149487,-7.90386883789369,81.6747879127827,23.7389839669293,80,68,92,84.9139907452824,23.5602310043826,84,72,95,6.06560681483455,23.3861088695203,0,0,0,0.172983376016477,0.0193290800133365,0.174418604651163,0.168674698795181,0.17948717948718,0.955557433804885,0.149975919405211,1,1,1,0.336219864093712,0.0935854419506123,0.333333333333333,0.282352941176471,0.376470588235294,34.3731016306484,9.69655482678309,34.2229200313805,29.0394305710171,38.8447512501487,-10.7817022636218,3.45721369190826,-11.2583131934785,-12.9172819137052,-9.33443731138747,39.3820689406515,8.31010645288386,40.7329184682507,36.4018659314524,44.3933595341049,82.0875867629514,22.0379585120374,0.500814909330211,0.777711561382598,0.99730070812592,0.334361634999649,0.111739522876209,0.27834596246872,0.506928196901105,0.492802682329895,0.508708130511485,0.471111904877973,0.0375962256335128,0.115776577379295,4611,0.0855933619201426,0.0545127893917101,0.027316504928838
4,"Quercus robur",59,"l4nr059.tif",46545,1402.03571337469,42.2323373418857,0.297553282751792,0.297553282751792,0.883272256186245,421.444350644423,208.697916219636,2.01939893928261,1.92756146325223,0.00343753356966381,0.52919372427918,0.831739961759082,243.43979668431,0.0269631539370502,0.486518423031475,0.513481576968525,-0.640259806927895,-1.66873996297484,-2.87143834086154,-3.36280538311869,-6.4801305786438,-4.20406490762967,-7.99430155625448,70.4995380814256,20.0730319642887,68,60,77,66.5310129981741,21.4393784099259,64,55,74,7.41555483940205,22.1063917511265,0,0,2,0.155298669897356,0.0233363698449503,0.156410256410256,0.149253731343284,0.163398692810458,0.931465924075,0.166016752164216,1,0.974025974025974,1,0.2781851002298,0.080381094924175,0.266666666666667,0.235294117647059,0.305882352941176,27.4037690295718,8.8579057744733,26.602134407666,22.638848126452,30.8097331813764,-5.49194024609164,3.17055004960039,-5.73071778168147,-7.46417328963461,-3.84905519716022,32.5197024867923,7.01458437138068,33.8553458521684,29.6636263031202,36.79633239976,55.1469330755179,16.8363621774238,0.467388584044303,0.124782468578795,0.997507788161994,0.725233644859813,0.150267672672964,0.288948238309048,0.471531026174386,0.46029541061051,0.473563893034466,0.454194600752345,0.0193692922821213,0.112988916368966,3966,0.090821654300632,0.0564543369202732,0.026620789634162
4,"Quercus robur",60,"l4nr060.tif",61213,1557.13116780419,39.6101722468634,0.317251097421175,0.317251097421175,0.81810514464761,455.566443829073,262.032852380497,1.73858521819068,1.66892357861531,0.00310391583487168,0.512786039104832,0.807612639356158,279.175235742488,0.0141309852482316,0.507065492624116,0.492934507375884,-0.685333480906599,-1.96759337350336,-2.90021627720015,-3.4424883739325,-6.61447878454973,-4.42630438023262,-7.88009753668697,71.7103066342113,19.2913709517114,70,61,79,69.216195906099,20.4601148211197,68,58,78,6.9040073187074,20.7675166123227,0,0,2,0.159640237353808,0.018349486969483,0.160416666666667,0.153005464480874,0.166666666666667,0.936112924142821,0.156788279206823,1,0.977272727272727,1,0.284261352916512,0.077543310169707,0.274509803921569,0.23921568627451,0.313725490196078,28.4040460180051,8.4530101046984,27.8333327539914,23.7387531663356,32.0412603846802,-6.54991030552509,3.1677736562134,-6.77685662082439,-8.553703591694,-4.76817750765993,33.7507401232512,6.7267093067298,34.8814432045658,30.8134910441479,37.7866169438538,59.818077859277,16.8771832493599,0.475356073301303,0.228448205446555,0.998758433666051,0.676212569225491,0.114942743500642,0.272788787857816,0.477844755389811,0.469360627729421,0.482511245484095,0.464440653383176,0.0180705921009189,0.12005722756576,5494,0.0947012790016203,0.0544238307105451,0.0257380419308831
4,"Quercus robur",61,"l4nr061.tif",56221,1550.88852711707,42.7821494378144,0.293729295500332,0.293729295500332,0.840581775265367,431.008633007692,234.861755571156,1.83515886594448,1.73729006639942,0.00405542412977355,0.555392862442148,0.843570179979444,267.549622396586,0.00361075043133349,0.498194624784333,0.501805375215667,-0.688621128630789,-1.90240305282207,-3.42440255071685,-4.06339979328464,-7.80806422350231,-5.01464452132023,-9.03472389620951,67.9685704629935,21.14536492746,66,57,76,61.1826897422655,23.4982104549809,60,48,71,6.4140445740909,22.6264083666648,0,0,0,0.146538640585944,0.0276412077706539,0.149717514124294,0.13849765258216,0.158008658008658,0.943636886412903,0.159612104875471,1,1,1,0.267733813790185,0.084541925508018,0.258823529411765,0.223529411764706,0.298039215686275,25.381225341041,9.65187860797213,24.9314888240768,19.9926400704329,29.3359013774877,-3.50601221662065,4.06271447953085,-4.00298419152079,-6.18120773127984,-1.26704649576245,30.7184212471592,8.01703709046281,32.404411938963,27.0825442160953,35.9328504354328,47.9827644474504,19.6975215900449,0.454176790593619,0.0738869817328045,0.99702957969442,0.764607530993757,0.188627432815681,0.315768576241559,0.448727697639312,0.456739060006815,0.461468951949913,0.452161917301789,0.00930703464812355,0.118959177901386,4811,0.0907136796455171,0.055817999680425,0.0300165942213847
4,"Quercus robur",62,"l4nr062.tif",51529,1590.10173055267,49.0679716956781,0.256101285219133,0.256101285219133,0.889481234540609,452.316785633743,227.763892666569,1.98590206875286,1.8977762390917,0.00440528634361237,0.500177478535218,0.786246147273338,256.142070930681,0.0536979176774244,0.473151041161288,0.526848958838712,-0.606032236095041,-1.58024283662763,-2.83464025888453,-3.49135031850098,-6.66974522475179,-4.37677293738433,-7.23662210346159,75.0013196452477,23.2146255300558,71,61,83,73.9197151118787,23.3674704516956,70,60,82,6.99970890178223,24.9767556105404,0,0,0,0.163788820514231,0.0200422383499342,0.164251207729469,0.157232704402516,0.170940170940171,0.946074490369228,0.163444500885661,1,1,1,0.299023165710229,0.0919506011796667,0.282352941176471,0.243137254901961,0.329411764705882,30.2130061394535,9.6121832596123,28.7000180003459,24.5060212070279,33.8081698148211,-7.64784614034674,3.08590980627216,-7.80199198051681,-9.61440748164824,-5.83473036497417,35.4284027978634,7.3171203623522,36.21257755343,32.2164764212046,39.5615418901949,65.8384016767258,18.1113292890803,0.48503065629768,0.352170622367987,0.998136971414155,0.619185313124648,0.122366338341307,0.307503268697479,0.489610574150673,0.48034720924686,0.489150764813111,0.473966958904003,0.0151838059091083,0.101154093197688,3833,0.0794190166380043,0.0547308103514176,0.0277070220818826
4,"Quercus robur",63,"l4nr063.tif",53483,1753.58196129303,57.4958340962978,0.218561410785209,0.218561410785209,0.872320031925801,442.65845430969,241.380823412739,1.83385924387533,1.74717424244023,0.00430043191294427,0.500546273346777,0.761947501513695,260.953387736336,0.00226240113680983,0.501131200568405,0.498868799431595,-0.630530864530489,-1.68454145143838,-2.97439547006711,-3.52301568474028,-6.77172915529838,-4.3660374413819,-8.99147706747604,73.1780565787254,21.9369118678965,70,61,81,74.4510592150785,22.1433893774412,72,61,84,7.22489389151767,24.1030871078258,0,0,1,0.169347079222656,0.0221641444848876,0.169540229885057,0.161904761904762,0.177215189873418,0.940122838735557,0.165335648656877,1,0.988636363636364,1,0.297243360818702,0.0873249768759803,0.286274509803922,0.247058823529412,0.329411764705882,30.2316460464208,9.13248054930223,29.1242547283272,24.7799461641207,33.9935416161016,-8.88911562537901,3.29256712540813,-9.05793976865007,-11.1589413452461,-6.96571192715728,35.2742373940961,7.27944337788247,36.2185135227966,32.2648386418327,39.4718818670528,68.4991679599126,18.6116121780887,0.491725449107521,0.567862685339267,0.997905876633697,0.59910625806331,0.130879991882626,0.293782765548327,0.497140847098999,0.481196142514089,0.501816868972367,0.480384627560855,0.0214322414115115,0.107555983240111,4261,0.0854233074717828,0.0570422769643301,0.025500857611652
4,"Quercus robur",64,"l4nr064.tif",63264,1505.29054737063,35.816572331869,0.350853523835887,0.350853523835887,0.799205261217639,449.618472264451,269.223565485442,1.67005615371647,1.56474087152396,0.00396750126454226,0.522636131327165,0.843930712946968,283.813718058387,0.0294638340920587,0.514731917046029,0.485268082953971,-0.709434305411956,-2.07612442748719,-3.07364971648911,-3.72838942856936,-7.13113606592961,-4.78039322459271,-8.17999479872912,71.8832827516429,20.160882628741,68,60,79,64.2878730399614,23.6826121558426,61,49,74,7.98123735457852,23.3082130031104,0,0,3,0.145399719465338,0.0228893538819567,0.146929824561404,0.134502923976608,0.157657657657658,0.928267083648221,0.168694846243773,1,0.965909090909091,1,0.283276738869548,0.0812377761522642,0.266666666666667,0.235294117647059,0.309803921568627,26.8226032097025,9.521443821038,25.4930699338283,20.7664079028776,30.9292575036049,-3.24379905379207,4.4453503712977,-3.42379243533847,-6.32376327000422,-0.298360558200983,31.730467888392,6.90479901099978,32.5135760496075,27.9519885924487,36.2428090211663,48.7112259736957,19.4804915177569,0.450317229585064,0.0856885432473445,0.999178047546788,0.702453211937279,0.157423644341966,0.286778844566183,0.444002053040083,0.451540308366302,0.458472953435269,0.448612021670401,0.00986093176486796,0.114515995014541,5540,0.09206481096801,0.0573351261763544,0.0255455297696304
4,"Quercus robur",65,"l4nr065.tif",54953,1390.47936418858,35.183390574387,0.357167697859891,0.357167697859891,0.901570031107492,465.000683405824,207.283813581711,2.24330436309018,2.15692052397689,0.00302076319764166,0.570128071729925,0.847752306315757,264.515278768224,0.00929885538551125,0.504649427692756,0.495350572307244,-0.630949129921563,-1.59092730074198,-3.04334907674456,-3.45734109680343,-6.70769817538003,-4.25306527471767,8.83662710173959,79.0479500664206,17.6404378083091,76,70,84,76.9119247356815,18.9847153102703,74,67,84,10.8586610376146,23.2421712134551,1,0,11,0.161116272276886,0.0175222827496595,0.161691542288557,0.154411764705882,0.168674698795181,0.89500325619411,0.177001251504712,0.986111111111111,0.868131868131868,1,0.31345217285502,0.0714874744726081,0.298039215686275,0.274509803921569,0.337254901960784,31.6777362482429,7.67238329587843,30.5198045544789,27.5126903513075,34.4903288939729,-7.18326007642854,2.9530706164869,-7.28943657453057,-9.1425583561407,-5.38511905355718,35.5238208905608,5.88311263229068,36.5202954753515,33.6099831934834,38.7445688129665,63.917238367335,15.1782666572204,0.469093283780771,0.255017924408131,0.998344039451895,0.503484796098484,0.108755511738697,0.228065014172379,0.473174792208307,0.464207456951078,0.471178690324022,0.461088183901039,0.0100905064229837,0.0989827255278311,4091,0.0785220729366603,0.0452500791825072,0.022509880739195
4,"Quercus robur",66,"l4nr066.tif",54779,1569.07229330115,44.9440088648081,0.279600572618231,0.279600572618231,0.87268061836242,437.230757406619,235.072011858373,1.85998645244949,1.85344603724455,0.000675441318753522,0.532969639731816,0.775708742813447,264.096173809935,0.0112999507110389,0.49435002464448,0.50564997535552,-0.637818691474066,-1.69795796284577,-4.3144722409305,-4.63079898256984,-9.17655432827898,-5.48589696460424,-9.3753293887074,69.9688384234829,23.2972879154251,65,57,77,72.8677230325459,22.7579663888886,69,60,81,6.24713850198103,23.2925029973387,0,0,0,0.17409981959447,0.0225920372339366,0.174603174603175,0.166666666666667,0.180952380952381,0.951499542922433,0.154220723727783,1,1,1,0.288860444230633,0.0914306081387611,0.270588235294118,0.235294117647059,0.317647058823529,29.3806739734922,9.46223650935143,27.6515527998191,23.9529702233224,32.8386121694381,-9.69078904785847,2.99948626753865,-9.87689025508856,-11.5251435939512,-8.14590148250083,34.8151569881414,7.15005310344773,35.3024477944146,31.6888352111106,38.7723149397844,69.5194691396351,17.4814099275468,0.501161677777727,0.743952974680078,0.998375289800836,0.676792201391044,0.129764850743645,0.316521730989373,0.508655752931066,0.495153227641807,0.498376997316723,0.496223994351874,0.00215300296484949,0.118628287687175,4701,0.091182403599969,0.0637924112378472,0.0267721747571653
4,"Quercus robur",67,"l4nr067.tif",64888,1755.92510704353,47.5168441244274,0.264461389343386,0.264461389343386,0.850097091362077,458.866550756909,261.291334498993,1.75614913382701,1.75515816092617,0.000770558500801433,0.541194009380944,0.796699653758318,287.433414165395,0.0158118604364443,0.492094069781778,0.507905930218222,-0.667260839053654,-1.82925713788873,-3.4800893791145,-4.00868474084201,-7.75607684746238,-4.92616861716121,-8.6840241406141,71.6095117741331,23.7080641846957,68,59,79,73.280714461842,23.0760671348831,70,60,81,8.1628036000502,25.8045792494941,0,0,1,0.171092094170401,0.0211114032875921,0.171232876712329,0.164285714285714,0.177631578947368,0.932215383958686,0.178157709619535,1,0.987179487179487,1,0.291436586963721,0.0930415265729092,0.274509803921569,0.23921568627451,0.32156862745098,29.6862870129916,9.61442352888502,28.2751088451073,24.2013456896441,33.2140198614267,-8.95164901338274,3.00747915406827,-9.06851210245829,-10.7412680382272,-7.4454573665074,34.3162951235939,7.50789677754184,35.3024477944146,31.3762077357789,38.5133015757874,66.7891135495004,17.5404871398366,0.492990632825247,0.629361361114536,0.997457156947355,0.655005548021206,0.123392043721049,0.319251358324615,0.49900343959829,0.486050567259835,0.493747978458485,0.490146977378216,0.00360100108026851,0.117772809608512,5493,0.0896391912400659,0.0645741479887229,0.028462112480907
4,"Quercus robur",68,"l4nr068.tif",61075,1650.34437123979,44.5949495486346,0.281789098127681,0.281789098127681,0.844819765040261,471.572876815649,269.188557622105,1.75183106214216,1.66299056640715,0.00496111338518213,0.481125152930283,0.756412320572681,278.860368634017,0.00934916086778551,0.495325419566107,0.504674580433893,-0.663706989244264,-1.83902845490983,-4.15430451274707,-4.45265188548575,-8.7567822803109,-5.37873698128214,10.0176442901805,79.492460090053,21.8000644118653,77,68,88,76.1107163323789,22.8977086553544,73,63,85,5.02678673761824,21.1167815367386,0,0,0,0.158351545427111,0.0191593524571884,0.159003831417625,0.152083333333333,0.166666666666667,0.962537051487953,0.134429066496525,1,1,1,0.314523929915805,0.0874690750436452,0.301960784313725,0.266666666666667,0.345098039215686,31.365491821949,9.28898647012798,30.1686454850116,26.2394915231178,35.0430331136993,-6.76957197954673,3.50566723406232,-6.77685662082439,-8.94457178767427,-4.77258953004936,37.372083627885,7.43747769878643,38.0386445021291,34.4018568193263,41.2998871989254,67.7021858370849,19.6848737315321,0.478634058532094,0.191862464183381,0.996561604584527,0.486467458043389,0.120992518794298,0.278099904159788,0.478197990176057,0.478981963797698,0.481152652432653,0.474728875797383,0.00642377663527044,0.110737440626842,5022,0.0870575182886662,0.050583938736744,0.0252817510604132
4,"Quercus robur",69,"l4nr069.tif",46034,1535.4743135547,51.2160874046635,0.245359832254874,0.245359832254874,0.876872723523619,415.165690612272,226.004249821374,1.83698178658324,1.81086646603302,0.00180301516270587,0.490614807213049,0.747208154785093,242.099791826301,0.0374071338575835,0.481296433071208,0.518703566928792,-0.620186673031291,-1.64920969185954,-3.39179614039568,-3.86979687541027,-7.55485715533493,-4.69469902658717,7.82828272340077,72.1153278011895,23.4496752757596,68,58,81,72.4551418516747,23.3357634928919,69,59,82,5.87615675370454,22.3239319612624,0,0,0,0.167286643568177,0.018276608300358,0.166666666666667,0.16,0.175213675213675,0.954756240817577,0.147377619860738,1,1,1,0.291126422328934,0.0927981737197577,0.274509803921569,0.235294117647059,0.325490196078431,29.4374605516627,9.67661834299062,28.0517249042825,23.8149671928351,33.4384756432368,-8.35541871943306,3.25537574319142,-8.51447301787242,-10.4086833241868,-6.52316304376777,35.0394281553613,7.45842666156707,35.7825041670483,31.5911916187443,39.5696438243237,66.9187991484558,18.3923172283067,0.491873562091653,0.497914584872051,0.998588000173785,0.636073337098666,0.109253242227053,0.318755586176759,0.497631250144338,0.486296531949789,0.495117612545563,0.482802506532099,0.0123151060134641,0.121388092073043,4042,0.094265258051727,0.0624916613376896,0.0281663404222072
4,"Quercus robur",70,"l4nr070.tif",56301,1665.0134187981,49.2401499933881,0.255205774475638,0.255205774475638,0.854053903559986,437.457830674413,259.145698013442,1.68807676155875,1.68427386191,0.000568373563524571,0.496633384371735,0.79168951697954,267.739910375974,0.0174952487522424,0.508747624376121,0.491252375623879,-0.651441069463566,-1.78495319599066,-3.63590508635457,-4.19336142511906,-8.10926249432617,-5.11535471822333,-9.22547775610612,77.7646400596797,22.7024330451842,73,63,87,71.4200280634446,25.5343884644106,68,55,82,7.29576739311914,24.7743137768861,0,0,0,0.150228963819516,0.0210581265055679,0.151515151515152,0.140522875816993,0.161347517730496,0.943622990532391,0.162050075712465,1,1,1,0.306888429871514,0.09104834391563,0.290196078431373,0.250980392156863,0.341176470588235,29.6786855192146,10.2531684714165,28.1548193839661,22.9745039644215,34.155488037897,-4.59879617912157,4.37737713560197,-4.68346135067693,-7.60691683107409,-1.69269677000339,34.862746486604,7.63378373008821,35.6356192366681,30.6883001665385,39.69038743668,57.7796486740905,21.5085122235815,0.462030222959374,0.12402976856539,0.998579066091188,0.567876236656543,0.140173544634798,0.29668222962028,0.453964775271683,0.462467568672005,0.46844639101317,0.474701179764164,-0.0062547887509945,0.109056182749948,4670,0.0883114918401694,0.0556437950254475,0.0270202594594865
4,"Quercus robur",71,"l4nr071.tif",55135,1705.05504935844,52.7289874189304,0.238319968379436,0.238319968379436,0.835969917955991,420.249981956246,255.531451263693,1.64461157277494,1.64565101703531,0.00101568876394309,0.513422992822983,0.7914929047725,264.95294355597,0.0530153260179559,0.526507663008978,0.473492336991022,-0.664723841875243,-1.86934268463681,-3.12795285821604,-3.80868315235253,-7.27717320690229,-4.80392672889455,-8.82763792297786,82.2611952480269,21.0761133148005,78,70,90,78.435404008344,21.3300154585493,74,66,87,13.3662827604948,26.20496001942,1,0,16,0.157351265515733,0.0207970601273219,0.157777777777778,0.151515151515151,0.164285714285714,0.876622033062126,0.196995293465311,0.986111111111111,0.822784810126582,1,0.324564269164635,0.0840462053611787,0.305882352941176,0.274509803921569,0.356862745098039,32.4666830602025,8.72723461024502,30.9016692121951,27.3015732593788,36.0714417815408,-6.30010102616808,3.30610588423655,-6.4159173651849,-8.16787756448463,-4.73321734531107,35.2343503687047,6.74171918891136,36.1945132068338,33.0064810947058,38.7753024943631,61.2433300081622,16.6237446464527,0.460981779082151,0.14990477917838,0.993452434932439,0.443293733563072,0.132169639227165,0.258950886117398,0.466628346758672,0.451271150699274,0.460292631013584,0.46814407937311,-0.00785144835952617,0.114257490945012,4540,0.0879350752484069,0.0547758066406338,0.0280058352725292
4,"Quercus robur",72,"l4nr072.tif",59787,1808.209378291,54.6878277173886,0.229783685673139,0.229783685673139,0.870077341115409,432.399830223857,240.115263528058,1.80080109806651,1.80284970232402,0.000970110559151638,0.575839535742216,0.813500513650867,275.904281701247,0.0314951410841822,0.484252429457909,0.515747570542091,-0.65048498660876,-1.73165663156983,-3.70991327653666,-5.0239030979056,-9.91208744459541,6.48744032126184,9.4114497310771,78.105792229081,22.8172757179677,74,65,87,80.4242226570987,22.112543900339,76,68,89,9.63088965828504,26.9047392298222,0,0,3,0.172216486907411,0.0231445196378515,0.172222222222222,0.166666666666667,0.177927927927928,0.920326686025033,0.185033161827568,1,0.965116279069767,1,0.318286977593988,0.0893598960185898,0.301960784313725,0.266666666666667,0.352941176470588,32.6508879866745,9.14705216663982,31.0795716394911,27.3645104942775,36.3146853907821,-9.77998034980137,2.77784030975798,-9.89948895776035,-11.4277282799395,-8.42231702124183,36.638066640243,7.34469820807884,37.6437661675994,34.3015522881785,40.4880979077086,73.1117634268332,17.5707101858265,0.491767280047835,0.70105541338418,0.997675079866861,0.490006188636326,0.134392008100263,0.280752597587659,0.503158595141087,0.481596883528258,0.491993927709982,0.485831744164073,0.00616218354590986,0.110082579770632,4885,0.0871279005475592,0.0592379625819612,0.0292008447777442
4,"Quercus robur",73,"l4nr073.tif",58847,1643.80021536251,45.9170246236141,0.273675629406888,0.273675629406888,0.892021634270406,462.98670262864,226.656798389029,2.04267732501003,1.98079511220839,0.0038234744337009,0.560772954337014,0.811979551146281,273.726738717704,0.0264924295206213,0.486753785239689,0.513246214760311,-0.634127115713323,-1.62822018186057,-3.46482332687418,-3.97960629515749,-7.70206398627288,-4.80738390555582,9.17762372661229,73.0747531734847,23.7405118939278,69,60,80,76.79011674342,22.7282595298867,73,64,85,11.8030995632757,27.7982434009222,0,0,9,0.176516807637669,0.0231456278245479,0.176616915422886,0.170634920634921,0.182648401826484,0.893499824530447,0.199365283688768,1,0.8875,1,0.303328971740276,0.091530333925805,0.286274509803922,0.250980392156863,0.333333333333333,31.0102675288018,9.46716827030289,29.4892535469974,25.6458866412978,34.5229620581196,-10.0738908029597,3.05121620104935,-10.2811992511844,-11.7644941883241,-8.7855990855652,34.1348757640389,7.22873288078407,35.2098100288107,31.8132661561029,37.9247578520105,68.7023807500805,17.2099792384114,0.491446883025358,0.825003823474434,0.996329464543647,0.583632130779819,0.131124214193439,0.301752691471966,0.505820691712302,0.48348660359794,0.4866894222637,0.473270781073111,0.0134186411905897,0.11214060387562,4902,0.0883641279855791,0.0640076959435432,0.0298622686047396
4,"Quercus robur",74,"l4nr074.tif",52898,1565.33217793097,46.3205570582274,0.27129143975023,0.27129143975023,0.900881828062139,453.670565633094,212.698092894238,2.13293198570745,1.98258571642524,0.00691897614276538,0.548194978940824,0.797058757053634,259.522302389218,0.00480169382585353,0.497599153087073,0.502400846912927,-0.627380436750253,-1.58602357366646,-3.98237892920195,-4.30733552781641,-8.467202118487,-5.10036664235649,9.03985025114737,75.478449090702,23.5589294520544,71,62,83,79.0416839956135,22.6491636323381,75,65,88,9.86205527619351,26.3211864293089,0,0,5,0.175327744556205,0.0238187303180098,0.176100628930818,0.169491525423729,0.181818181818182,0.915427517398369,0.183435869985895,1,0.942857142857143,1,0.312714072736359,0.0921464201289781,0.298039215686275,0.258823529411765,0.345098039215686,31.9537947776235,9.38439754094192,30.4799221629878,26.3217794668213,35.6902363541834,-10.2929014446657,3.26758339918269,-10.508601768775,-12.2452636403138,-8.81998834926651,35.8438524520936,7.42792736403861,36.6608938751108,33.1947509892701,39.713281695885,72.7428636243373,18.6597840934182,0.494788612854684,0.800824227759084,0.996162425800597,0.52196680403796,0.135852601323584,0.294666687136903,0.507946244422955,0.483457355793376,0.496586085335588,0.478707193087368,0.0178788922482202,0.11652243912256,4473,0.0900181122962367,0.0620182160841393,0.0272313322379385
4,"Quercus robur",75,"l4nr075.tif",54428,1711.29769004556,53.8057577709136,0.233550666972529,0.233550666972529,0.873790584558217,436.05445817549,250.427238883556,1.74124212733203,1.6743977199975,0.00325200264569703,0.498425301123098,0.765982000239246,263.248707386846,0.00132284853384288,0.500661424266921,0.499338575733079,-0.62599628538206,-1.67074435481415,-2.9462264431389,-3.5913861782413,-6.8618666186024,-4.42771356400847,7.91751162701032,71.170739325348,23.4350141514924,67,58,78,73.9008782244439,22.687131611666,70,61,81,6.53068273682736,24.2994558020851,0,0,0,0.173705935491916,0.0223763370742682,0.173400673400673,0.166666666666667,0.18010752688172,0.949419429504154,0.161923152596943,1,1,1,0.29306844660404,0.0913981191703615,0.274509803921569,0.23921568627451,0.32156862745098,29.8434896489201,9.43236848296888,28.2791055365592,24.5004048757609,33.0643479079172,-9.64465260407452,3.12323898811871,-9.74582544483923,-11.5387356340589,-8.01892905491011,35.1260666018552,7.38326113420172,35.7997044287878,32.0675286967303,39.215851757114,70.100334386713,17.8880215725258,0.500792258983183,0.710149187917983,0.997813625339899,0.649426765635335,0.128817342263427,0.311866118367842,0.503518078869598,0.491610130827454,0.512741102872474,0.493051336970921,0.0196897659015526,0.119092516205068,4760,0.0934983303869574,0.0640691881536005,0.0281457491552705
8,"Populus tremula",1,"l8nr001.tif",53481,1465.81745930521,40.17540479804,0.312787653977098,0.312787653977098,0.598570683725511,482.507366229806,263.517428145676,1.831026394061,1.06972797957764,0.0331145640507844,0.420616425217144,0.68841633735374,260.948508506911,0.0132570445578804,0.50662852227894,0.49337147772106,-0.730101565062877,-2.78233590665155,-2.99000885182055,-3.09729678161136,-6.14409475560935,-4.49674192470494,-7.06207625249647,54.0212972831448,29.5733937175956,46,39,56,34.2825863390722,35.663886424874,25,11,42,6.84201866083293,25.8588034395569,0,0,0,0.0863383636146446,0.0490175021032979,0.0891472868217054,0.047008547008547,0.123188405797101,0.949851438254643,0.163645202731296,1,1,1,0.212122611988646,0.1165607148215,0.180392156862745,0.152941176470588,0.219607843137255,15.1610797459947,14.1593944538593,10.9798958796751,6.09461467291044,18.0728108378101,6.12452409303445,6.56315971662663,7.4908133887923,1.71010837463478,11.3028213862949,17.7037654125937,10.4718125261804,15.9525792443739,9.08327780683382,24.4947311357532,7.7018567341645,28.3988439255121,0.31016516826526,0.0158747966567566,0.981544847702922,0.88979263663731,0.567737208390251,0.549496883803419,0.26723444258185,0.360731477672264,0.308469951756108,0.391521122339997,-0.083051170583889,0.0849811769367941,3575,0.070834158906281,0.086809472209151,0.0456730769772042
8,"Populus tremula",2,"l8nr002.tif",51996,1490.2438661764,42.7114928201475,0.294215204963089,0.294215204963089,0.495087283287005,462.953673036301,267.362735940091,1.7315564617054,1.06382938836789,0.0340026155858143,0.420079534708505,0.677622404962663,257.300142572929,0.00700053850296177,0.496499730748519,0.503500269251481,-0.728434434771021,-3.16664088099177,-2.81390347307543,-2.99483335378047,-5.8994886948073,-4.57953620832715,7.33883621103336,59.942784060312,28.7622459259104,52,45,62,47.8781829371513,32.3779715226507,41,29,54,9.374548042157,27.3261350898064,0,0,1,0.122843801143445,0.0328025254071022,0.128571428571429,0.106060606060606,0.143410852713178,0.920371869984219,0.18724020814172,1,0.978260869565217,1,0.235613900918473,0.113686122508975,0.203921568627451,0.176470588235294,0.243137254901961,20.0293453484974,13.1443380638051,17.0812601130208,12.2546539769233,22.650620881783,0.982017157287919,5.34998361954901,0.583366586746487,-2.52925969118842,4.64705199793972,23.0181336824232,8.24315360179448,23.509420605557,17.5329542678689,28.328101928616,26.4390337718288,21.5372820805321,0.40392725655738,0.0308100623124856,0.998846065081929,0.873355642741749,0.267026295464207,0.482510249112178,0.362677481729211,0.421420814748095,0.429089210854286,0.38319662022983,0.0458925906244562,0.0947086594861943,3723,0.0760898444685156,0.0824104755189201,0.0458211425645712
8,"Populus tremula",3,"l8nr003.tif",47204,1397.9696961967,41.4015607042688,0.303524079783386,0.303524079783386,0.514212923273526,465.352956222967,255.040446685481,1.82462414205558,1.02835526061872,0.0294890263536989,0.397729005391087,0.672546198013877,245.157091412177,0.0129226336751123,0.506461316837556,0.493538683162444,-0.737119252384375,-3.10855836685035,-3.0104095077624,-3.12290010960152,-6.19152000763389,-4.67728703064594,7.21222272878789,65.5114820777899,26.1757437480466,58,53,66,51.1618083213296,29.929224010074,44,35,55,10.5119905092787,27.440295475108,0,0,5,0.121554243637962,0.0275999749201388,0.123563218390805,0.108974358974359,0.135593220338983,0.903872440449182,0.192467178849672,1,0.917808219178082,1,0.257179517854087,0.103217541468531,0.227450980392157,0.207843137254902,0.258823529411765,21.8438576812701,11.97494664011,18.8224638632182,15.4672120461632,23.4416424560345,1.96988797951813,4.85699183354489,1.81477907867522,-0.92258465862674,4.97169663411239,25.0567501510007,6.39862983215085,25.3890350889568,21.6749712745424,28.6198886826763,26.300144055588,17.6988507545283,0.402972597560125,0.0166087619693246,0.998220489789001,0.864142869248369,0.227058915156297,0.401344329161347,0.384002110551594,0.416812147402593,0.409448683315459,0.382242549848731,0.0272061334667281,0.0861987328357872,3248,0.0732339744312417,0.0679032371107477,0.0446645242902264
8,"Populus tremula",4,"l8nr004.tif",79601,1739.53318805775,38.0142926892168,0.33056962856299,0.33056962856299,0.382557395484235,351.432451569738,470.229250613314,0.747364080629542,1.18456992880276,0.0219469604653207,0.481689323721759,0.746428487704246,318.356939614113,0.00752503109257421,0.503762515546287,0.496237484453713,-0.768144677240662,-3.74155834202223,-4.24320846649334,-4.17271672396681,-8.38156837478751,6.05006789355878,9.57503639450911,63.7084458737957,24.6842639057934,57,52,65,50.8370497858046,27.9126183558095,45,35,56,13.8928028542381,26.1895041806993,4,0,16,0.123006443769016,0.0324098760557729,0.125730994152047,0.108974358974359,0.13768115942029,0.842734749567613,0.203493391641981,0.931034482758621,0.757575757575758,1,0.25013775814719,0.097340925187097,0.223529411764706,0.203921568627451,0.254901960784314,21.5809223157651,11.3083805842636,19.2811751770362,15.2703894768058,23.8288964419837,1.41628854438397,4.70687041385833,0.935277468098128,-1.63245606290385,4.33484787320346,23.1335853264212,6.22560249076697,23.7106586695278,20.0010224217655,26.5034169271798,24.07285084358,16.2450821850958,0.39638877830202,0.0192208640594967,0.997851785781586,0.873958869863444,0.263481121795146,0.389149265264737,0.383062456055432,0.407497245031072,0.401405535787339,0.397492707802593,0.00391282798474568,0.097955426993623,5950,0.0782328578002761,0.0706460341327849,0.0436498945809714
8,"Populus tremula",5,"l8nr005.tif",46938,1327.21738751771,37.5283564218613,0.334850012430572,0.334850012430572,0.499412449927327,439.737508836635,250.280090746167,1.75698157822156,1.04502322182628,0.0249051940858154,0.42648598594674,0.686027477345805,244.465371271227,0.0106523499083898,0.494673825045805,0.505326174954195,-0.748306464384695,-3.18914296952057,-3.32156879519248,-3.37934496369519,-6.73896381933814,-4.99428564239751,7.42174930274812,59.8944778218079,29.1242855674506,53,46,62,52.11170054114,31.581051824015,45,36,57,10.489837658188,29.7327005887336,0,0,4,0.140620244083395,0.0531218545246817,0.141025641025641,0.127659574468085,0.152173913043478,0.906867522800799,0.197340201872003,1,0.9375,1,0.23598154929448,0.115552939453913,0.207843137254902,0.180392156862745,0.243137254901961,21.3788487751607,12.8841526777111,18.6456930425389,14.6536958637805,23.4298720986362,-1.73561331662805,4.27825495866625,-1.86403449560675,-4.29862673295434,0.693467813362464,24.2284228742668,7.56986696411902,25.0801779771673,20.2240661314407,28.7019384160946,33.8390856022837,18.2918414995371,0.432410244485116,0.0663428352294516,0.994716434445439,0.880075844731348,0.377768183330771,0.489669380126181,0.416678986809354,0.439643447645975,0.44425425396307,0.396360498083316,0.0478937558797538,0.0877149377499605,3195,0.0721919696319226,0.0698743523774879,0.0433149851765759
8,"Populus tremula",6,"l8nr006.tif",53326,1513.08953724385,42.9329022937555,0.292697906337138,0.292697906337138,0.38943161833294,435.419767850618,284.373668587377,1.53115360509136,1.23281506065782,0.0316355998949855,0.430666891578884,0.66920581536164,260.570090306902,0.0016502269061996,0.5008251134531,0.4991748865469,-0.731708562570764,-3.63525742857466,-2.83145243954078,-3.14153778691073,-6.13028475685873,-5.26899993613993,7.12126463609931,64.0917751190786,27.082630189749,57,50,66,55.4552375951703,29.7415485841384,47,39,60,14.4455612646753,27.8798855128376,2,0,16,0.137171345249182,0.0251223124796253,0.137037037037037,0.125850340136054,0.148809523809524,0.846953317702593,0.215977477461039,0.96,0.757575757575758,1,0.252164452023918,0.107374009366395,0.223529411764706,0.196078431372549,0.258823529411765,23.0274944906757,12.0800663257449,19.8058085493175,16.3805668242035,25.0289511329865,-1.33892710369289,3.97912218930806,-1.21375056748949,-3.68387447386939,1.02845300039636,24.5111869450581,6.09809448438401,24.8919855719771,21.5530450382552,27.7692533513852,32.3731388065856,15.0045664460517,0.421953418614733,0.0516821062896148,0.998818587555789,0.857105351985898,0.18314548312436,0.425809459179445,0.419292716719669,0.430321606394293,0.420308976734437,0.382767004729723,0.0375419720047143,0.0882516925527678,3744,0.0745519713261649,0.0718580117039943,0.0447351703403215
8,"Populus tremula",7,"l8nr007.tif",58002,1481.59206256079,37.8455060143295,0.332043931704894,0.332043931704894,0.284404053469128,446.519217272737,285.87048828106,1.56196332107472,1.10212367208328,0.0271025137064239,0.454394944370705,0.708763311765676,271.754374525469,0.00262059928967967,0.49868970035516,0.50131029964484,-0.757256806385634,-4.26497218385171,-3.55338198450249,-3.64232334320596,-7.24364810800738,-5.78854454805109,-8.13999073048426,61.2190786524606,26.3893959788171,54,48,63,46.6027033550559,31.122124880215,39,30,51,10.5426881831659,26.8406910535288,0,0,6,0.117313772156338,0.0366114042175017,0.118181818181818,0.100694444444444,0.133928571428571,0.898539308696184,0.197177052088378,1,0.907407407407407,1,0.240637679160488,0.104637332068685,0.211764705882353,0.188235294117647,0.247058823529412,19.8539773628257,12.4439605361382,16.6981368556716,12.9915543102803,21.7856539322471,2.67585503425987,5.48193633413627,2.75402704456665,-0.571901225796534,6.273374262455,22.4565561267405,6.89312030323807,22.6960436610456,18.2835695923646,26.4282343657114,21.4436398744868,19.3073737406167,0.389362580383829,0.0293265749456915,0.99803455053274,0.880745491534775,0.312081039015868,0.434833530637845,0.373137778950624,0.406625446977334,0.391760143256502,0.384201876483511,0.00755826677299126,0.0895115073228418,4008,0.0729191303556809,0.0756501846717521,0.0480183312828907
8,"Populus tremula",8,"l8nr008.tif",62505,1549.02352006587,38.3885107706144,0.327347176592703,0.327347176592703,0.279574693995274,464.762518933139,303.9072813031,1.52929050248589,1.10638960615953,0.0261099112071035,0.442529836448384,0.725414758978466,282.106075339882,0.0173906087512999,0.49130469562435,0.50869530437565,-0.756580747163652,-4.29460360979224,-3.30389167084309,-3.60764940035898,-7.06431119102271,-5.76647276136037,8.25724156397059,57.8164946804252,28.4436326886775,50,44,60,52.2443004559647,29.5637030107911,44,37,56,12.7533797296227,29.0305147774929,1,0,10,0.145551883582386,0.0331685577225211,0.146258503401361,0.134146341463415,0.157142857142857,0.866771371559971,0.220480375113715,0.98,0.829787234042553,1,0.228037913829638,0.112757955796975,0.196078431372549,0.172549019607843,0.235294117647059,21.2306165772521,12.263981124691,17.9486427751588,14.6778527129437,23.14083663013,-2.81749297235192,3.4670496320004,-2.85260038082602,-4.96107273618898,-0.679440577311591,22.9624680833084,6.69134254482642,23.3021874077449,19.7367857483706,26.5988254792592,33.9187265018801,14.8368743874249,0.438966931894412,0.0916886649068075,0.99558435325174,0.879833613310935,0.227881334671052,0.494470210715679,0.443109029076641,0.436352078963902,0.438940330205472,0.396778232294979,0.0421620979104927,0.0977792006470311,4652,0.0783851182853677,0.0725804557937053,0.046796584146697
8,"Populus tremula",9,"l8nr009.tif",62790,1518.37885912519,36.7172218480384,0.342247315615752,0.342247315615752,0.321712768418822,469.095524865055,304.759255760777,1.53923307003111,1.09406828957386,0.0276795668100016,0.439210070042941,0.725744931690515,282.748494273481,0.00280299410734193,0.501401497053671,0.498598502946329,-0.752587733044174,-4.03120837828652,-3.53395162457284,-3.53865970302718,-7.08068141094819,-5.5597682613389,-7.86764649116611,62.0768593725107,27.0043304645806,54,49,63,56.5407548972779,28.6342080577676,49,42,60,19.7275362318811,28.3184793678627,9,3,25,0.145338683773291,0.0327024333559067,0.144144144144144,0.133333333333333,0.155797101449275,0.75336638362315,0.228108534214268,0.824780701754386,0.603448275862069,0.94,0.244739420851953,0.107291350670597,0.211764705882353,0.192156862745098,0.250980392156863,23.2289700572091,11.7342036660909,19.9806689968373,16.9950930711304,24.770211790931,-2.71153667953087,3.24919168184535,-2.56752257909218,-4.51518419748279,-0.755093902411852,22.1869316902441,6.08654137278404,22.5660600191807,19.669316865731,24.9854062956716,31.2771141901565,13.590593623038,0.419244886251277,0.0887880235706323,0.996161809205288,0.866857779901258,0.225008458050367,0.438390145154055,0.424234532425346,0.424243108956637,0.410719872401924,0.390620285963531,0.0200995864383932,0.0993717014325207,4695,0.0786629806484041,0.0681635501476951,0.0443987084115795
8,"Populus tremula",10,"l8nr010.tif",69442,1668.41038841777,40.0851534255975,0.313491892645085,0.313491892645085,0.301551248243992,388.469765188994,396.598499254912,0.979503870838671,1.2087635225678,0.0285562051784223,0.450727369903499,0.715038124314612,297.348785881999,0.019239077215518,0.509619538607759,0.490380461392241,-0.753324601202791,-4.15084695064666,-3.36209089212109,-3.6205095351446,-7.11364969781089,6.35730412339687,-8.1487033348994,56.910428847093,25.8435164268165,50,45,58,48.1125111603938,29.1733711238392,41,33,52,10.2067480775343,26.0381496117612,1,0,6,0.133891002512945,0.0327233131273298,0.135416666666667,0.120567375886525,0.148809523809524,0.894872592585288,0.195488823784915,0.982456140350877,0.9,1,0.224128077543623,0.102934414061609,0.196078431372549,0.176470588235294,0.227450980392157,19.7797163024885,11.897209683842,16.9545772664905,13.5909846696829,21.4349379838679,-0.765582529464886,4.49310380171557,-0.836540982985551,-3.37691759167247,1.84055138225031,22.4774467267134,6.95529222697313,22.9632703248606,18.8007337546347,26.318490722257,29.1078453961568,17.534884533405,0.421302209890716,0.0602373203536764,0.997739120417039,0.896546758445897,0.244402628023965,0.459266035431499,0.405580259614067,0.432851794580429,0.428963063161782,0.405828358250411,0.0231347049113702,0.0978972245788389,5104,0.0773239607320325,0.0730906119215544,0.0448518458919211
8,"Populus tremula",11,"l8nr011.tif",57257,1494.23672350146,38.9951165073334,0.322254983184778,0.322254983184778,0.407420176025604,463.874938658059,283.797431838346,1.63452831709304,1.04380253968953,0.025516530729867,0.434929853182766,0.701567152291914,270.003475186712,0.0150723928951919,0.507536196447596,0.492463803552404,-0.750971760734261,-3.58857622361293,-3.26410846162582,-3.41905786741477,-6.76064502610744,-5.2222606354345,9.1283067851815,64.8077091010735,25.2923105394836,59,53,68,62.7371325776763,25.416691738285,57,50,67,18.9593761461501,26.8408932968193,10,3,25,0.159540473051919,0.0208259539137983,0.159420289855072,0.15,0.169642857142857,0.773011257827057,0.214740158423575,0.838709677419355,0.634920634920635,0.953125,0.257361665171859,0.100253575698821,0.235294117647059,0.207843137254902,0.270588235294118,25.5941566383946,10.5437796646102,23.3745650598526,20.2477778781062,27.5168127605766,-5.36546593243765,2.72312463519764,-5.37945686845759,-7.02851845024846,-3.74378338712725,25.398920626078,5.64554161884692,26.2152492387994,23.1966398739908,28.5088746076445,41.707179908133,12.0681838244414,0.44236527649332,0.256248144331697,0.998393209563896,0.853362907592085,0.130537119421,0.389543544654683,0.453238124642018,0.440984226003989,0.436114610550458,0.386875567509756,0.0492390430407028,0.0914206642066421,4006,0.0739114391143911,0.0654781664711687,0.040678922334349
8,"Populus tremula",12,"l8nr012.tif",70768,1628.85403923167,37.4910338164328,0.335183358130049,0.335183358130049,0.410404387624907,477.909746520033,310.387531424966,1.53971953810768,1.0483696900656,0.0275830884015374,0.477075119212135,0.745640560958392,300.17430953001,0.00161089758082749,0.500805448790414,0.499194551209586,-0.760576473978722,-3.59395117487573,-3.79423945197843,-3.77494569213502,-7.56098377168517,-5.61862774912953,-8.64862760113583,63.7834190594642,25.6088127145787,57,51,67,55.9077407867957,27.6386972995907,50,41,61,12.9202464390679,26.7000934755858,1,0,13,0.140150597557136,0.0250639266973032,0.141025641025641,0.128930817610063,0.152298850574713,0.864711856299906,0.209489960786484,0.981132075471698,0.80327868852459,1,0.251015026177778,0.101425319963718,0.223529411764706,0.2,0.262745098039216,23.1695602990946,11.3164639580974,20.5673291068114,16.9545772664905,25.4001471002427,-1.94905631417931,3.8965627000074,-2.04129150360705,-4.3642256354996,0.365376646004306,25.3895330509283,6.36931548120522,26.0434037591573,22.3043266532007,28.9240053171767,35.1118160750614,15.3903680222543,0.430418996124517,0.0604793126836988,0.998530409224508,0.856940990278092,0.178835673592113,0.404060749286875,0.428512802241956,0.432198881779251,0.434362607507078,0.386016027188856,0.0483465803182214,0.104358274491189,5507,0.0816916869400107,0.0722020894474191,0.0428336701655389
8,"Populus tremula",13,"l8nr013.tif",49521,1473.12402512926,43.8216997518834,0.28676136903656,0.28676136903656,0.45188281402586,469.560349445254,265.786695591397,1.76668116664171,1.0772791891027,0.0283718018618364,0.396793684407598,0.652613961334194,251.101763225251,0.00127218755679409,0.499363906221603,0.500636093778397,-0.732235765243282,-3.35288509639335,-2.91457082732275,-3.03002479398585,-6.00251983907353,-4.72183642613147,-7.52330700381555,70.1582762868281,23.8714674752035,64,58,72,56.8822317804563,27.7274807752207,50,42,61,17.111629409746,26.2287866868188,7,1,23,0.124325579778732,0.0260068657582864,0.122641509433962,0.112994350282486,0.134099616858238,0.807790946721547,0.214454093080213,0.896551724137931,0.67741935483871,0.983050847457627,0.275524623936528,0.0944816218750188,0.250980392156863,0.227450980392157,0.282352941176471,24.3104772940795,11.0332209043429,21.6644683493931,18.3148615261032,26.1972467351072,1.18347781116662,4.28546790980507,1.4717562284276,-0.963212055281909,3.7157774258047,24.9487701080638,6.13714472002232,25.2570480474015,22.0219032572267,28.0816549109445,26.4945578643402,15.6850777377025,0.397550966343023,0.0209809979604612,0.99834413683084,0.824942953494477,0.209183545296056,0.342915345213824,0.39737310943461,0.411469456224286,0.388313147933491,0.387727604280792,0.000585543652699361,0.0869649345344312,3367,0.072388364543246,0.0724250440917652,0.0405104406578777
8,"Populus tremula",14,"l8nr014.tif",67310,1674.9961748554,41.6819519503821,0.301482296925971,0.301482296925971,0.414899989652421,474.274000742789,298.358470663798,1.58961131449564,1.08767183156346,0.0320160451641658,0.475676723599047,0.73018593651689,292.748618709165,0.00906254642697965,0.49546872678651,0.50453127321349,-0.75410039545097,-3.56031200196741,-3.45882038776845,-3.5921453947355,-7.1178510772223,-5.39183341589591,-8.61216777960189,54.0337097013805,29.0869154252827,47,40,56,49.1760213935547,30.4328542726788,42,33,53,9.9622641509441,27.5259610119585,0,0,3,0.146931632038485,0.0317754421907415,0.148809523809524,0.134751773049645,0.160818713450292,0.906807043786959,0.197946674364771,1,0.940298507462687,1,0.213792607222655,0.115480361134599,0.184313725490196,0.156862745098039,0.219607843137255,19.7324397653915,12.647717651475,16.8068107045589,13.0883856624033,21.4820098218916,-3.13516863616739,3.7672482208033,-3.26160262422302,-5.55199734931647,-0.752529732306412,22.3584881701054,7.46444039875371,22.9765025698836,18.2671101713864,26.7656966385001,34.3560689347792,16.4350936834785,0.447010006552077,0.134705095825286,0.997444659040261,0.89306195216164,0.216260049205461,0.540151327469334,0.442027258422488,0.450700819365575,0.452014615469076,0.383172842905213,0.0688417725638631,0.094984576358768,4672,0.0731566008486917,0.0767550258729491,0.0462046691940659
8,"Populus tremula",15,"l8nr015.tif",57837,1537.83470324791,40.8896653442189,0.307323880216981,0.307323880216981,0.291372875965675,461.326512460597,287.688303339721,1.60356367327118,1.13159633399816,0.0248456870169614,0.435787871196816,0.69502676784974,271.367565395807,0.00281826512440133,0.501409132562201,0.498590867437799,-0.752525065319801,-4.21163739838696,-3.38099831218143,-3.47686950457322,-6.90622270493761,-5.64660706502705,8.26313190160346,59.1998720542215,25.2918614116552,53,47,62,53.2451199059422,27.6378818450856,47,39,57,7.93849957639587,24.5130585217449,0,0,1,0.145516998031541,0.023944832750637,0.147286821705426,0.135416666666667,0.158045977011494,0.929603588000664,0.172716332649395,1,0.981132075471698,1,0.23355108525074,0.10097082024195,0.211764705882353,0.184313725490196,0.243137254901961,21.7225439749894,11.3164695006838,19.3404940394511,15.839003309275,23.5452137870988,-3.08489924303088,3.93732340901836,-3.08807843985637,-5.43686644172217,-0.723558807917968,25.9431993312927,7.05333752246518,26.6079224425622,22.1700056558039,30.2077157113391,39.3518681812684,17.1716950022718,0.449844225145465,0.0967200926742397,0.999118211525494,0.88681985580165,0.16455007256882,0.432328626095739,0.442156223605435,0.454581216948194,0.454889155260367,0.397391661879098,0.057497493381269,0.0900080462292444,4166,0.0761831614366177,0.067637731273369,0.0433929206605287
8,"Populus tremula",16,"l8nr016.tif",57415,1427.36666581637,35.4850753058217,0.354131152493215,0.354131152493215,0.510991648979498,456.521439980575,271.478296879687,1.68161302478958,1.02382566126069,0.0298354088652791,0.46326455681329,0.740767022546205,270.375754203237,0.0152399198815641,0.492380040059218,0.507619959940782,-0.751117283680664,-3.14912234533936,-3.29994945601673,-3.51912993637126,-6.93650591164456,-5.09805430474312,-7.65389819986837,56.4261604110418,29.3895600759497,48,41,60,51.3181398589216,31.0044070801606,43,34,57,12.1399111730391,28.03362053189,0,0,9,0.145490604482234,0.0275331282984439,0.147727272727273,0.134057971014493,0.159003831417625,0.877218867963119,0.214180951728846,1,0.852459016393443,1,0.223074177855415,0.117103377530966,0.188235294117647,0.16078431372549,0.235294117647059,20.7104630877021,12.8645455712649,17.3153645779077,13.4398046650869,23.408046600698,-3.03501129799132,3.77599527935268,-3.09273925153733,-5.25129324828122,-0.709126587391945,22.4884462847556,7.277041886998,22.8664171376996,18.2671101713864,26.6908933958889,34.070208133762,16.7111035388322,0.440032643130567,0.114726116868414,0.998415048332317,0.872681355046591,0.189243341225945,0.524952632939493,0.434503363949117,0.448544685736682,0.441081223566622,0.397478274304845,0.043602949261777,0.101458849435728,4438,0.0814386640976236,0.0716584283640259,0.0456073356076252
8,"Populus tremula",17,"l8nr017.tif",57415,1427.36666581637,35.4850753058217,0.354131152493215,0.354131152493215,0.510991648979498,456.521439980575,271.478296879687,1.68161302478958,1.02382566126069,0.0298354088652791,0.46326455681329,0.740767022546205,270.375754203237,0.0152399198815641,0.492380040059218,0.507619959940782,-0.751117283680664,-3.14912234533936,-3.29994945601673,-3.51912993637126,-6.93650591164456,-5.09805430474312,-7.65389819986837,56.4261604110418,29.3895600759497,48,41,60,51.3181398589216,31.0044070801606,43,34,57,12.1399111730391,28.03362053189,0,0,9,0.145490604482234,0.0275331282984439,0.147727272727273,0.134057971014493,0.159003831417625,0.877218867963119,0.214180951728846,1,0.852459016393443,1,0.223074177855415,0.117103377530966,0.188235294117647,0.16078431372549,0.235294117647059,20.7104630877021,12.8645455712649,17.3153645779077,13.4398046650869,23.408046600698,-3.03501129799132,3.77599527935268,-3.09273925153733,-5.25129324828122,-0.709126587391945,22.4884462847556,7.277041886998,22.8664171376996,18.2671101713864,26.6908933958889,34.070208133762,16.7111035388322,0.440032643130567,0.114726116868414,0.998415048332317,0.872681355046591,0.189243341225945,0.524952632939493,0.434503363949117,0.448544685736682,0.441081223566622,0.397478274304845,0.043602949261777,0.101458849435728,4438,0.0814386640976236,0.0716584283640259,0.0456073356076252
8,"Populus tremula",18,"l8nr018.tif",54532,1527.26616075299,42.7738195148017,0.293786497369276,0.293786497369276,0.345766572629034,470.182444737334,286.501600590923,1.64111629312911,1.09397259735218,0.0248111200762855,0.4048162744194,0.681679823492278,263.500092701118,0.0236191593926502,0.488190420303675,0.511809579696325,-0.745942951819824,-3.8852753748939,-3.13061413950772,-3.30573349923207,-6.5285201869769,-5.25305263459363,7.36260129640571,60.1245873982238,28.6205925304888,53,45,63,51.6472346512127,30.4566682670347,45,35,56,9.92090882417642,28.2575710987037,0,0,4,0.137017158200675,0.0356684062813919,0.138888888888889,0.125,0.150537634408602,0.912673021793263,0.188707017453761,1,0.942307692307692,1,0.236561802891773,0.113247245960834,0.207843137254902,0.176470588235294,0.247058823529412,21.265955198288,12.5295464478363,18.4161083042335,14.397598416627,23.4296507134066,-1.3867823747443,4.1330614166967,-1.4362536093169,-3.9233357949279,1.14209694983589,24.389098539353,7.43506148504748,25.0801779771673,20.1952253720338,28.981195670478,33.2489730800249,17.4724447890288,0.431342054714358,0.0512909851096604,0.996387442235751,0.871781706154185,0.260320725443971,0.478721602971225,0.419739225823833,0.432761202151941,0.44049306976759,0.39120077376287,0.0492922960047197,0.0916269571136828,3880,0.0754643586501994,0.0715256279694697,0.0424887974396769
8,"Populus tremula",19,"l8nr019.tif",67475,1561.63369312113,36.1422718264713,0.347691774183252,0.347691774183252,0.275160236307249,444.276661309571,301.933424767656,1.47143914805541,1.11026140900024,0.0261430159318266,0.503011831729502,0.754732809485193,293.107212946057,0.00206002223045572,0.501030011115228,0.498969988884772,-0.763334419916596,-4.33686576634718,-3.69979712493118,-3.84588247763842,-7.61965329046549,-6.13217404986477,-8.80308724358848,56.8138273434613,27.4101358660941,50,43,60,50.6370507595392,29.1183491106432,44,35,56,11.551063356796,27.3795694234877,0,0,9,0.143149092037746,0.0312630015735252,0.144927536231884,0.130081300813008,0.157738095238095,0.880612228556277,0.211484948953194,1,0.853658536585366,1,0.224411946327252,0.108977838863415,0.196078431372549,0.168627450980392,0.235294117647059,20.592304470986,12.0804815393463,17.729859517344,13.930769891269,22.8960521112396,-2.41779869066837,4.0553696524765,-2.59754906163867,-4.99926969275474,0.0465735326673905,22.7212892129162,6.9904119208155,23.3321563748858,18.9909055013251,26.7656966385001,32.9092108188225,16.2090074892114,0.435776309668783,0.10907743608744,0.997584290477955,0.880978140051871,0.21839468843356,0.485615138415496,0.430269467604311,0.439514627883456,0.441679223044995,0.385250842846206,0.0564283801987891,0.100991084903459,5141,0.0799869307485258,0.0728792794391123,0.0451362617229377
8,"Populus tremula",20,"l8nr020.tif",64058,1552.59711319467,37.6308625917205,0.333937883664777,0.333937883664777,0.191845215437669,451.395158371508,308.464275810898,1.46336283897015,0.977941666983492,0.0193418464516532,0.460056958851138,0.736083102079276,285.589178290504,0.0069936619938181,0.503496830996909,0.496503169003091,-0.764381141311544,-4.98288545409536,-3.83253196247537,-3.89799407191344,-7.78582982244622,-6.43448059540395,8.26603077749495,58.4900246651472,26.1577752127387,53,45,61,52.1974148427993,28.5520123250017,46,38,57,10.4820006868785,26.1117872380919,0,0,6,0.14339645193946,0.0270241103819749,0.145299145299145,0.132768361581921,0.156462585034014,0.894969551743963,0.197361982879524,1,0.892857142857143,1,0.230763419670532,0.104236794194316,0.207843137254902,0.176470588235294,0.23921568627451,21.3017878491868,11.7369459356429,18.9655296738972,15.1170909614577,23.358258945224,-2.59502167216575,3.96968590572602,-2.72592500191654,-4.96107273618898,-0.325927560506339,24.1925655348379,6.98026535316839,25.243607640899,20.5377966831535,28.2455129784573,35.422804333572,16.4332617151279,0.439046635297611,0.0894657966218115,0.998563801554841,0.884791907333979,0.188457314166509,0.451704147439979,0.430485175942144,0.444762345834887,0.446024658807272,0.395523123705894,0.0505015351013781,0.0989128292714971,4788,0.0786310188530513,0.0724941359314176,0.0433549075243334
8,"Populus tremula",21,"l8nr021.tif",51589,1478.79812332145,42.3897321044999,0.296448455568918,0.296448455568918,0.365727358883306,458.85123711855,278.713487869778,1.6463187362247,1.09561638866682,0.029987012735273,0.403391939965796,0.651886577876621,256.291152545971,0.00699761577080385,0.496501192114598,0.503498807885402,-0.736803496537039,-3.7629138099398,-3.05596405396982,-3.15137629170606,-6.2552431568049,-5.06524044657807,-7.77662832486818,56.6894493012075,29.2849344009043,48,41,59,46.1707146872389,32.0000913231158,38,28,52,9.87278295760705,27.2482883699595,0,0,3,0.12615385506992,0.0366156711481273,0.128654970760234,0.109756097560976,0.145833333333333,0.910592985949349,0.194469420728308,1,0.950819672131148,1,0.223202848760509,0.115977289968943,0.188235294117647,0.16078431372549,0.231372549019608,19.0658893495993,13.1525800123898,15.6090375033123,11.4992692446761,21.670766106535,0.327884671172431,5.03444290202594,0.380882849632891,-2.89299679994645,3.6470080035361,21.5172897465091,8.12403067783063,21.4902090702675,16.4093796717561,26.6079224425622,25.7791971156635,20.0018956196059,0.408512158207224,0.0558258543487953,0.996375196262769,0.877124968501037,0.290246150920931,0.519604880015574,0.391549436662895,0.421223360950536,0.414595899231647,0.38893726254257,0.0256586366890774,0.0939243581561014,3759,0.0773918593399354,0.0830550465255127,0.0498659833056243
8,"Populus tremula",22,"l8nr022.tif",47414,1327.78593001263,37.1834368739087,0.337956135065527,0.337956135065527,0.530674300429882,439.632886155433,246.429083992867,1.78401379833948,1.08323892310424,0.0263213396886995,0.437647508967039,0.70441765278304,245.701810685377,0.0223140844476315,0.488842957776184,0.511157042223816,-0.743726113567347,-3.05838084119388,-3.1648466582058,-3.32558941046127,-6.58875978245973,-4.88725048360387,7.12103842983215,56.033070401147,28.788719614099,49,41,60,54.4009786139112,29.3668119997578,47,39,60,9.69266461382787,27.1328599460554,0,0,3,0.159562145745465,0.0258391705720766,0.161290322580645,0.15,0.170542635658915,0.910713370910698,0.192641894913099,1,0.946428571428571,1,0.223975213740956,0.114540271087322,0.196078431372549,0.164705882352941,0.23921568627451,21.7129931430169,12.2512190623224,18.8546210680772,15.0803079632584,24.2509913280632,-5.4511668933997,3.41899822599456,-5.58612408523387,-7.5434987328194,-3.44287784188584,24.8874746251909,7.67132943357723,25.1748190300802,20.8082096240114,29.299526194783,43.0762222128492,16.99838801329,0.469826187860394,0.307989201501666,0.997658919306534,0.872970008858143,0.161937972752995,0.511397081234171,0.468801462448221,0.476393674818024,0.469287450725978,0.392096782737852,0.0771906679881261,0.094488188976378,3534,0.0790533285612026,0.0751477813338305,0.0451972334105829
8,"Populus tremula",23,"l8nr023.tif",43652,1313.50165876517,39.5236554471467,0.317945556204022,0.317945556204022,0.33919766779676,418.637175761828,258.480783514678,1.61960657217698,1.08836445193557,0.0285897553376707,0.403402042873032,0.68914236097407,235.752948246208,0.00279483185191973,0.49860258407404,0.50139741592596,-0.748288823449361,-3.92536355535723,-3.30470124137892,-3.40721311867241,-6.76552925416242,-5.37068916835512,-7.74636599561627,61.9710437093371,25.6420714412643,56,50,64,52.8174883166864,28.0500159268098,46,39,56,9.44245395399984,24.9741808184304,0,0,5,0.136536411779728,0.0242974507665898,0.137254901960784,0.12568306010929,0.148484848484848,0.910192930963402,0.180738195952796,1,0.923076923076923,1,0.243765665342468,0.101680131167478,0.219607843137255,0.196078431372549,0.250980392156863,21.9185364591855,11.3980663914761,19.1924019995101,16.0057107052996,23.3968417374863,-1.18565506632502,4.11288354405852,-1.10412557036887,-3.55157587030339,1.25895145730727,25.6144286853848,6.36110303848556,25.8722447201761,22.3043266532007,28.9249905440739,34.2214789700353,16.237166292302,0.431601585529976,0.0429991752955191,0.998923302483277,0.882319252267937,0.17795583077013,0.417122446705136,0.424225894302427,0.434854793796985,0.437491273560545,0.397634498514995,0.0398567750455501,0.0814438776755424,2842,0.0693627510799795,0.0754336696629815,0.0456349602748987
8,"Populus tremula",24,"l8nr024.tif",54692,1517.06515062621,42.0808650487187,0.298624341486578,0.298624341486578,0.448193245627098,454.385039913336,275.505077204207,1.64928009503267,1.09341747647258,0.0313391355225627,0.436888058304785,0.687560500345716,263.886371722102,0.00884955752212389,0.495575221238938,0.504424778761062,-0.740185209654081,-3.38463081168842,-3.0086941899359,-3.21885427618718,-6.33262954283454,-4.95070548668429,-8.9938329118694,59.4163863087836,28.6423371089299,52,44,62,52.652142909383,31.0393693515542,46,35,58,11.7486835368972,28.3492239145388,0,0,8,0.141084437379812,0.0287553587802034,0.143410852713178,0.128787878787879,0.155737704918033,0.886984310945363,0.2079133649997,1,0.875,1,0.234467026041017,0.11392760166325,0.203921568627451,0.172549019607843,0.247058823529412,21.5121760762553,12.7525430951829,18.6268498934027,14.2200016594819,24.0693845938679,-2.26537523450928,4.28105028322501,-2.37381161464909,-4.8664576113899,0.318247106881331,23.7366651382082,7.38504229378949,24.3406560605179,19.5649535071574,28.1844613985235,34.1392159730866,17.7649719834589,0.433860177870229,0.091073648796899,0.998372705331676,0.867969721348643,0.203816658381497,0.485900312299858,0.428875901601745,0.44804143042165,0.429665785712705,0.39118868133291,0.0384771043797948,0.0961001705690805,4125,0.0799542564738719,0.0776116107393014,0.0474483986609477
8,"Populus tremula",25,"l8nr025.tif",59822,1469.38390975908,36.091890512836,0.348177123331624,0.348177123331624,0.487081756923213,465.607705234098,277.029710553398,1.68071397217286,1.08086510231868,0.0267460131724115,0.463782568565191,0.716512657128655,275.985028661243,0.0108321353348267,0.505416067667413,0.494583932332587,-0.757890239607207,-3.25775514152826,-3.53917805058036,-3.65988669040283,-7.26809255953284,-5.31421820405168,7.96302137569169,59.5362575641076,27.5217683545276,52,45,63,51.8463274380678,29.676360724547,45,35,58,11.4310621510484,26.7614494365824,0,0,8,0.138158329465279,0.026121406674433,0.140151515151515,0.126126126126126,0.151785714285714,0.885526450071467,0.205358581658473,1,0.864864864864865,1,0.234540640501462,0.109328735540646,0.203921568627451,0.176470588235294,0.247058823529412,21.2844487779056,12.2162800000996,18.4065161597302,14.1886256839468,23.9672179327774,-1.72038750180399,4.05618145564436,-1.82298058223287,-4.16865381791167,0.791187299906376,23.6626588995827,7.00956114874487,23.9846548658111,19.35633850924,27.841046197756,32.7253351609786,16.8484463863876,0.429518482025031,0.0625355220487446,0.998161211594397,0.871736150580054,0.189068632969604,0.466139833338713,0.427667399250803,0.437250006314549,0.426614570564095,0.385708968821018,0.0409056017430767,0.101564562397705,4603,0.0810087819644146,0.0709557063632491,0.0429899394930884
8,"Populus tremula",26,"l8nr026.tif",43397,1259.44278426212,36.5508244079067,0.343805394759873,0.343805394759873,0.524544449387044,419.338771655813,241.580101612069,1.73581668712595,1.09245928192516,0.0292186095813075,0.428384284182181,0.691332260685326,235.063345766353,0.00642901583058737,0.496785492084706,0.503214507915294,-0.735068558648006,-3.06451217168887,-2.8837853361051,-3.10284237991018,-6.09633347132389,-4.66066201815343,7.64034921449293,62.2122036085439,28.9605999960033,54,47,65,56.8107242436117,31.0228884461608,49,39,64,10.3044680507861,27.5097264759241,0,0,3,0.147258660912514,0.0259587795626476,0.148936170212766,0.134057971014493,0.163194444444444,0.911254958436861,0.189792223069832,1,0.950819672131148,1,0.246587750937876,0.115860817444091,0.211764705882353,0.184313725490196,0.258823529411765,23.169527749508,12.6853652609258,20.2027204355496,15.7878408858776,25.9367040655885,-3.53068434083949,4.51950931521471,-3.55898584234748,-6.65559360266607,-0.574313294838619,26.4203208374449,7.3309983396917,26.7148732775519,21.8165532660745,31.2423192732775,41.1047768278907,19.1730844178189,0.448981429689837,0.163974468281218,0.999032191165288,0.84685577344056,0.176280153747897,0.469856335254152,0.431014946062842,0.449851899183729,0.465584565273062,0.388913842721483,0.0766707225515786,0.098145834864183,3201,0.0784039973546918,0.0672361754384176,0.044498955026286
8,"Populus tremula",27,"l8nr027.tif",51627,1394.21233688382,37.6513847467227,0.333755868446591,0.333755868446591,0.43677070926278,440.962336892136,269.107717005035,1.63860903655872,1.0070963295308,0.0252581013810603,0.43506008460372,0.720805875125656,256.38552606581,0.00331222034981696,0.498343889825092,0.501656110174909,-0.75793260497279,-3.46983939378683,-3.44863828599506,-3.60656708773566,-7.13465684962798,-5.34302452082636,8.45899249279345,57.8675305557178,27.4509924700885,51,45,60,47.9008851957298,29.9537970605653,41,33,52,7.23632982741595,25.6547097661346,0,0,0,0.131482325971118,0.0394561710394093,0.134615384615385,0.119565217391304,0.146198830409357,0.9427309092422,0.161263680564554,1,1,1,0.227460931105741,0.108486616524722,0.2,0.176470588235294,0.235294117647059,19.7872153484381,12.2185425085859,17.0812601130208,13.4621720033257,21.6694683259051,-0.389283538965727,4.44762471456531,-0.538619244426566,-2.99079896038931,2.20351462511061,23.8863027906342,7.6566673454517,24.1614663937412,19.3803455170359,28.6096396008291,30.6979100083304,18.9195368517601,0.424450864273185,0.033277161175354,0.996745888779127,0.897243690317082,0.300087258480575,0.476946152996021,0.408920352940634,0.441441328859677,0.427711057741072,0.388022012562435,0.0396890451786367,0.07124259384546,3025,0.0620169342107961,0.06577354994719,0.0429811990709472
8,"Populus tremula",28,"l8nr028.tif",52376,1441.04076400857,39.6479013963342,0.316949199624498,0.316949199624498,0.401962056906346,448.940273522909,269.960531486392,1.66298484838158,1.09617000354237,0.0299182831831373,0.432158925063256,0.695361249037466,258.238638462661,0.0100809531082939,0.494959523445853,0.505040476554147,-0.743341605067287,-3.59883551579875,-3.12339067035951,-3.28480106156156,-6.48952946801426,-5.10368992388309,7.75704611273142,61.329234764014,26.5350543763187,54,49,62,50.3266572475947,29.8038744966165,43,34,54,10.2035474263019,26.0308716960774,0,0,6,0.129082111399479,0.0265624649414843,0.130952380952381,0.114814814814815,0.144808743169399,0.902266843228953,0.186446779060032,1,0.901408450704225,1,0.241157452747404,0.105109698321904,0.211764705882353,0.192156862745098,0.243137254901961,21.0270130627555,12.0535427481256,18.0088915755518,14.454360141828,22.6866058026356,0.194749219705831,4.83409582927333,0.110890670347197,-2.83503107357235,3.32457273778336,24.132123371818,6.4159617169631,24.3160364026186,20.4156708085673,27.7284091573346,29.1205323048739,17.626828152888,0.415455330967627,0.0396364747212464,0.999637238429815,0.884088131968841,0.205779596008467,0.435855067668773,0.398295500794083,0.423102889670246,0.425250576649321,0.385531613651899,0.0397189629974216,0.0699156399830066,2998,0.060650199267666,0.0662230843119716,0.0436902225257034
8,"Populus tremula",29,"l8nr029.tif",51508,1305.68542494924,33.098051349788,0.379671010886858,0.379671010886858,0.514925618769479,446.879992593546,259.087750723348,1.72482099731037,0.967806756509932,0.0253358701560923,0.444873867226395,0.720462143146882,256.08987186185,0.0133959773239108,0.506697988661955,0.493302011338045,-0.74752600090385,-3.12659866913717,-3.38116169534055,-3.42097130328296,-6.83680164717549,-4.98443053725083,-7.41315532720128,60.9559291760505,28.3099892386954,54,46,65,57.4575794051404,29.4689210616983,51,41,64,9.6472586782641,26.9070504051008,0,0,4,0.153526524040802,0.0220557970363162,0.155172413793103,0.145061728395062,0.163934426229508,0.915387064943936,0.180176861218414,1,0.93939393939394,1,0.241436624350757,0.11278192576862,0.211764705882353,0.180392156862745,0.258823529411765,23.2598673272853,12.1306238795807,20.5417388247617,16.4667526148443,26.0369389540033,-4.73917198442975,3.58219110277321,-4.77821331661502,-6.95288250019291,-2.59630430003244,26.896418361333,6.94961489645183,27.4079517822496,23.1380095312505,31.1642591206444,44.3119709559674,16.837468294541,0.461349785109528,0.17208977246253,0.999242836064301,0.86541896404442,0.143661149305988,0.467128488085731,0.458805042012577,0.468997299588493,0.461264614465203,0.386177797626455,0.0750868168387484,0.0767860433687573,3253,0.066609333087618,0.0555504722413714,0.0399132136184378
8,"Populus tremula",30,"l8nr030.tif",67676,1577.81745930521,36.7856837710317,0.341610358327906,0.341610358327906,0.249969510999398,457.484096885814,315.259547711767,1.45113478784813,1.11426891270987,0.0256959631183876,0.469235036157478,0.718810408921933,293.543454073663,0.00744724865535788,0.503723624327679,0.496276375672321,-0.76133849294303,-4.50561907947649,-3.62423149831821,-3.74782313669511,-7.43751385499726,-6.11641266564938,-8.32211451957706,63.0557509309085,25.1715622409128,58,51,66,53.4047816064741,27.2328626021353,48,40,58,8.58134346001623,24.5308268489346,0,0,3,0.135564341223606,0.0258000184202676,0.137931034482759,0.125,0.148809523809524,0.921585845773752,0.174015339714878,1,0.953125,1,0.247781818561102,0.0993205745323181,0.227450980392157,0.2,0.258823529411765,22.2522736502967,11.1245289770725,20.1127593011082,16.5202023693636,24.2224210882804,-1.05282172615133,4.1853582426954,-1.20642317193892,-3.74189805313585,1.40322515506194,26.3957538168023,6.74081124612994,27.1936101154609,23.0986084445097,30.4597250744969,35.1724688220353,16.777035399383,0.43158643731972,0.0380341627755778,0.998345055854365,0.881169099828595,0.190315668538501,0.400838829532553,0.418619864960161,0.430183786766324,0.448388278675904,0.38698727406895,0.0614010046069537,0.0828173734928541,4183,0.0649100755706593,0.0593724209540327,0.0412173746259637
8,"Populus tremula",31,"l8nr031.tif",45869,1385.38390975908,41.8428258174224,0.300323182501857,0.300323182501857,0.477749647369805,444.510790775584,253.104234553398,1.75623608810782,1.0593931334,0.0289956179554819,0.407697034701077,0.675497761545712,241.665522318466,0.0011554644749177,0.500577732237459,0.499422267762541,-0.736123236789585,-3.25225244151543,-2.96028337418756,-3.0978385950738,-6.13129009527688,-4.72473754754964,-6.97621053555239,60.3776188711318,25.06130195118,54,48,62,52.6101070439716,27.3174459349826,46,39,56,11.1496217488927,25.1852671909916,1,0,10,0.139310881218887,0.0246564872273605,0.140522875816993,0.13,0.150641025641026,0.881445679454593,0.19246279395772,0.980769230769231,0.845360824742268,1,0.237629669147302,0.0996454739184776,0.211764705882353,0.188235294117647,0.243137254901961,21.6890761924059,11.1806981465171,19.096582157299,16.0057107052996,23.3656433697056,-1.81363102528397,3.78034234345032,-1.86973211233499,-3.99025148929991,0.283002640850627,24.5224554244505,5.8659879064227,25.09414182546,21.8823763413395,27.686014101161,33.6929734679199,14.5457221004612,0.431165231505717,0.0517778892062177,0.998604722143496,0.889271621356472,0.176988953301006,0.419330944055551,0.429196263169404,0.440278135364677,0.42855792628071,0.379379883684469,0.049178042596241,0.0748304060960877,2820,0.0655143574017285,0.0591034917738335,0.0367228671061578
8,"Populus tremula",32,"l8nr032.tif",45869,1385.38390975908,41.8428258174224,0.300323182501857,0.300323182501857,0.477749647369805,444.510790775584,253.104234553398,1.75623608810782,1.0593931334,0.0289956179554819,0.407697034701077,0.675497761545712,241.665522318466,0.0011554644749177,0.500577732237459,0.499422267762541,-0.736123236789585,-3.25225244151543,-2.96028337418756,-3.0978385950738,-6.13129009527688,-4.72473754754964,-6.97621053555239,60.3776188711318,25.06130195118,54,48,62,52.6101070439716,27.3174459349826,46,39,56,11.1496217488927,25.1852671909916,1,0,10,0.139310881218887,0.0246564872273605,0.140522875816993,0.13,0.150641025641026,0.881445679454593,0.19246279395772,0.980769230769231,0.845360824742268,1,0.237629669147302,0.0996454739184776,0.211764705882353,0.188235294117647,0.243137254901961,21.6890761924059,11.1806981465171,19.096582157299,16.0057107052996,23.3656433697056,-1.81363102528397,3.78034234345032,-1.86973211233499,-3.99025148929991,0.283002640850627,24.5224554244505,5.8659879064227,25.09414182546,21.8823763413395,27.686014101161,33.6929734679199,14.5457221004612,0.431165231505717,0.0517778892062177,0.998604722143496,0.889271621356472,0.176988953301006,0.419330944055551,0.429196263169404,0.440278135364677,0.42855792628071,0.379379883684469,0.049178042596241,0.0748304060960877,2820,0.0655143574017285,0.0591034917738335,0.0367228671061578
8,"Populus tremula",33,"l8nr033.tif",52745,1425.46717087976,38.5241568917614,0.326194565390906,0.326194565390906,0.367599607939016,423.022600728213,269.592314598869,1.56911965891029,1.07293695960806,0.0221821973646791,0.462498382620902,0.713546493144569,259.14671479117,0.00999146838562897,0.504995734192815,0.495004265807186,-0.759106921425641,-3.7980110559103,-3.55285274920196,-3.64960745797051,-7.26739109695919,-5.63521004187087,-7.81799352919774,59.0871172622992,24.7551458003202,53,47,60,50.7849274812794,27.4014007452952,44,37,54,8.73756754194778,23.8975974841491,0,0,4,0.137940390394721,0.0224624656605846,0.138364779874214,0.126811594202899,0.149717514124294,0.914568459837938,0.172833157033222,1,0.927272727272727,1,0.232711213217868,0.0986860453393826,0.207843137254902,0.188235294117647,0.235294117647059,20.9203802436907,11.1468945567932,18.2894544734258,15.2471404633231,22.1358473627367,-1.49598584629869,3.99848458128165,-1.35564311314196,-3.77129134855408,0.984757358081068,24.7539924561324,5.9221851901726,24.9813451078697,21.5497259327961,27.9935212370334,33.7451701583085,15.3239352289578,0.434015936676728,0.0591146080197175,0.999658735425159,0.89805668783771,0.162841829238453,0.424070862554098,0.428152392320517,0.438711114256201,0.438229788635141,0.383941716750864,0.0542880718842771,0.0777133455063507,3145,0.0631057246623994,0.0590861081973197,0.0390074479200537
8,"Populus tremula",34,"l8nr034.tif",55186,1514.53823869163,41.5653621653887,0.302327947110326,0.302327947110326,0.403028088184017,462.162721734421,277.054914894451,1.66812677519361,1.04649303311579,0.0268546370456275,0.430990944748966,0.704145560333278,265.075456268125,0.00311673250462074,0.49844163374769,0.50155836625231,-0.755281211997274,-3.61770817514426,-3.43106750609091,-3.56069890089865,-7.05962688445194,-5.37651755473766,-7.98470191007392,62.1678324212647,26.3885415347145,55,49,64,53.9785090421469,28.6501381512606,47,38,59,10.2044540281962,26.6524190029645,0,0,5,0.139118784148681,0.0274055313125397,0.140522875816993,0.127272727272727,0.152777777777778,0.904431229224391,0.192514101367029,1,0.920634920634921,1,0.244788639915069,0.104560588831767,0.215686274509804,0.192156862745098,0.254901960784314,22.3149275009858,11.7137667396991,19.539713971319,15.8977311499547,24.3886171728735,-1.75539761337231,4.24624474514515,-1.81777939263295,-4.48816688413794,0.864977996285411,25.6095334464085,6.84582914160281,26.0933817960947,22.0818369223835,29.4967146918226,35.5847316348354,17.0730233736034,0.434393867035316,0.0667016997064473,0.998042981915703,0.869731453629544,0.196993750939174,0.427146408595181,0.425774464356252,0.435498556499437,0.444204522057558,0.39454393971153,0.0496605823460281,0.0855420993033031,3757,0.0721071723317275,0.0710435443141389,0.0473222424147811
8,"Populus tremula",35,"l8nr035.tif",55609,1455.22453019264,38.0815773215559,0.329985559900799,0.329985559900799,0.392570981320985,459.613395505924,281.92394738432,1.63027440474709,1.07821966596523,0.0266503623514179,0.429161189143198,0.706635068078861,266.089417007099,0.00289521480335917,0.49855239259832,0.50144760740168,-0.750408744602928,-3.65755541943299,-3.32038982992578,-3.44176512182908,-6.82382774101012,-5.27260378852554,-7.9949624361417,56.0411983671708,29.4562769618872,48,41,57,50.2475858224411,31.4996446872369,42,33,54,9.33719361973901,27.7422343887809,0,0,2,0.143068587187742,0.0258974811665924,0.146258503401361,0.130952380952381,0.158045977011494,0.920017900987318,0.184726074768475,1,0.963636363636364,1,0.221426775677094,0.117287473503417,0.188235294117647,0.16078431372549,0.227450980392157,20.2788103170628,12.9835275753207,17.0623864562281,13.2108366367467,22.1086592720874,-2.75625481087174,4.14509361026747,-2.79465731890913,-5.30571603666452,-0.108958352131039,23.3422384082475,7.66457938921665,23.7473709638779,18.8007337546347,27.8038810196734,35.1167796579696,18.1851004560003,0.443596697817412,0.10667338020824,0.998867089859555,0.882483051304645,0.181014445551167,0.529689657518055,0.434455509310724,0.447075706715084,0.452874937204584,0.391545364660005,0.0613295725445784,0.0776333789329685,3438,0.0653214774281806,0.0645422873918565,0.0440749887640028
8,"Populus tremula",36,"l8nr036.tif",43442,1223.51890270787,34.4597050155028,0.364668548634,0.364668548634,0.651366151322953,448.609156048028,226.13594120757,1.98380298882365,1.13050363392652,0.0283826711477372,0.428225066077725,0.715518661264288,235.185187251206,0.0331016067400212,0.483449196629989,0.516550803370011,-0.732150757391168,-2.60396004182841,-2.9850745991644,-3.10858731078812,-6.15777896775984,-4.41269014983503,-7.13845412167356,57.4414851986551,29.4494418358272,49,42,59,53.3858477970616,30.6747812887667,46,37,58,9.38023111274753,26.4587804773946,0,0,3,0.150419860815371,0.0228805381355512,0.152173913043478,0.140350877192982,0.163194444444444,0.917227212049727,0.179375999787096,1,0.946428571428571,1,0.227846188427031,0.11751676240536,0.196078431372549,0.164705882352941,0.235294117647059,21.4875134855732,12.6836822465165,18.3261323724719,14.5246657081543,23.4590736444706,-4.0599960494742,3.87251953513023,-3.95896865841325,-6.31346912036157,-1.73531442330542,24.8397044297182,7.504582336784,24.9854062956716,20.5565913835878,28.9612613824379,39.9499792827218,17.8516585571994,0.456168765396702,0.163413286681092,0.998803001703421,0.874384236453202,0.152111149813682,0.515772340546408,0.451123288311703,0.457252717010457,0.462749241387575,0.406588954690178,0.0561602866973967,0.0818070818070818,2870,0.0700854700854701,0.0653727170516888,0.0425059983864232
8,"Populus tremula",37,"l8nr037.tif",67342,1619.07229330115,38.9265999069739,0.322822199842526,0.322822199842526,0.356467379352297,470.760394043487,301.531321550648,1.56123215201182,1.06997683016395,0.0261352499183274,0.474409810714663,0.741182621137496,292.818198583277,0.00187104630097116,0.499064476849514,0.500935523150486,-0.762726334317599,-3.86241705472567,-3.575163445339,-3.80294625067582,-7.49827917310904,-5.77036794309264,8.26459650093278,60.4969261382215,31.7970845490602,53,44,64,51.1905645807968,33.9968908972044,43,32,56,12.6616821597186,33.3074262128772,0,0,7,0.134879603848401,0.0590354297047554,0.134615384615385,0.118518518518519,0.147619047619048,0.889763752471414,0.214022118095677,1,0.893617021276596,1,0.238153621461653,0.12583373213687,0.207843137254902,0.172549019607843,0.250980392156863,21.1109718646866,13.9558186818166,17.7897564908302,13.0942924222839,23.588745283243,-0.607737192705815,4.4407427240496,-0.645367819610859,-3.28112467687602,2.1439929924027,22.7680653943899,7.92011889529069,23.6383667335554,18.0454228051906,27.714621472795,29.2225208636507,18.158821805283,0.419958105920974,0.052612040034451,0.992679160108105,0.860859493332541,0.437689818050019,0.528372110557046,0.413349610388151,0.430956559710819,0.419186810414361,0.383531569838019,0.0356552405763416,0.0779287722586692,3868,0.0604186191815058,0.0695072873821484,0.04582103094344
8,"Populus tremula",38,"l8nr038.tif",48187,1448.35447250755,43.5331246608553,0.288662270679108,0.288662270679108,0.492670441083002,473.104883042206,263.008010040556,1.79882309656368,1.05358578181135,0.0315230248822297,0.387260750868325,0.649521152200139,247.696576363407,0.00906883599311017,0.495465582003445,0.504534417996555,-0.727667117711088,-3.17478808382166,-2.82704713256513,-2.95789725625504,-5.85105294858786,-4.54532550174382,7.1017196682996,59.4623238632829,26.3891613684937,52,47,60,50.4578205740152,29.115837211289,43,36,53,11.8872725008805,26.1785863687515,3,0,10,0.134748454565609,0.0261474900621943,0.135057471264368,0.121987514518002,0.148148148148148,0.869422421522356,0.189804895111794,0.952380952380952,0.828125,1,0.234053525948949,0.104816926334777,0.203921568627451,0.184313725490196,0.235294117647059,20.8599929151858,11.8154211770795,17.8027746115699,14.9175107632463,21.8815630332584,-0.806237444419255,4.2494184584662,-0.837820425485747,-3.354851589432,1.77810633929645,23.2271035910576,5.68236833067423,23.3575877366457,20.4235968345929,25.9864026794992,29.5660447838641,15.0434687209269,0.420216523979389,0.0559486998568079,0.999439682902028,0.900076784194907,0.194046677213774,0.447833141850665,0.412614219212769,0.426105820812745,0.423429211912928,0.39866371964028,0.0247654922726486,0.0650039798355001,2673,0.05910055717697,0.0628217862107324,0.042822029316505
8,"Populus tremula",39,"l8nr039.tif",52132,1450.05295731739,40.3332613179028,0.311563464092633,0.311563464092633,0.430363658083028,435.497424409961,269.654175441391,1.61502199510579,1.07345189505723,0.0288690247832425,0.443927088173861,0.706424380394867,257.636418128597,0.00226348499961636,0.498868257500192,0.501131742499808,-0.750223909664904,-3.48275683539735,-3.408518965193,-3.44250983342223,-6.86820768734943,-5.20042177995015,-8.40472878528707,58.2887861582144,26.7578900410621,52,45,60,51.7843742806718,28.2184787173781,45,37,56,9.8622918744729,25.5199042270266,0,0,6,0.143538673248345,0.0253063942630753,0.144654088050314,0.131410256410256,0.156666666666667,0.902013741172731,0.189759066226293,1,0.904761904761905,1,0.229860625290552,0.106018254934356,0.203921568627451,0.176470588235294,0.23921568627451,21.1335747620662,11.6427171272872,18.3175285622344,14.8671162638759,22.8885021927572,-2.51347065048157,3.87436763838001,-2.6045762617847,-5.05190018708163,-0.0221945409509261,24.3429718607044,6.59792533270955,24.5788150678882,20.666512079059,28.0490603740462,35.4176705286579,15.4482527557441,0.441880870449112,0.0921506943911609,0.999194352796747,0.890758075654109,0.176303664469488,0.461228426308842,0.443284497254128,0.445275778325907,0.440055520628613,0.39114522962319,0.0489102910054228,0.0738721880974657,3170,0.0644754505145833,0.0660675842294292,0.041770328634015
8,"Populus tremula",40,"l8nr040.tif",49882,1456.19509294112,42.5104075359007,0.295606919405482,0.295606919405482,0.40057710018909,444.298891821208,270.796197002099,1.64071318851558,1.09247834153564,0.0267030191251353,0.41459691584479,0.670056216375958,252.015346696346,0.00260615051521591,0.498696924742392,0.501303075257608,-0.74016762004641,-3.59900828780498,-3.02255162993162,-3.18981836725498,-6.29676250881813,-5.01878337785736,7.5245981973004,58.3891584138565,27.1838813645843,52,44,61,54.8119562166727,28.0160472296481,48,40,59,12.5612445371072,26.7763534475152,1,0,12,0.15361477247039,0.0232309832236718,0.153846153846154,0.142857142857143,0.163636363636364,0.864957324195553,0.204353345489459,0.977272727272727,0.802870251813914,1,0.231419797781587,0.108280927653774,0.203921568627451,0.176470588235294,0.243137254901961,22.1637453643009,11.6207685626706,19.3236244384198,15.8874123192445,24.053340660414,-4.24191140686544,3.26701069857558,-4.3135197535126,-6.29211181053536,-2.29433615377367,24.3144628593509,5.78720187037859,24.8170049223818,21.4662181270892,27.4487294982124,38.6735094823779,13.1415814984187,0.450776172461169,0.179563770498376,0.998576640872459,0.883745639709715,0.151228834954144,0.467898287976514,0.453703210606738,0.447532756949701,0.453649054598377,0.383578187706907,0.0700708668914695,0.0768509241296979,3125,0.0666183461595856,0.0648665740059838,0.0399987126317838
8,"Populus tremula",41,"l8nr041.tif",48302,1254.38896039296,32.5761182550563,0.385754082667866,0.385754082667866,0.551841942168459,441.297208772026,246.956682708487,1.78694175809343,1.07611965717717,0.0218210426069314,0.443213673532998,0.727368555788966,247.991968599384,0.012587470498116,0.506293735249058,0.493706264750942,-0.754203909366009,-2.99972945734702,-3.73397177196994,-3.56802204958968,-7.22037169593183,-5.06839576819727,-8.32246568112826,52.158295722744,29.7954544804684,44,37,54,45.8663409382633,31.6768007138618,38,28,51,8.06401391246806,26.7635029226922,0,0,1,0.138532641719875,0.0301792442184813,0.142424242424242,0.122448979591837,0.157407407407407,0.934210817199715,0.172592776999788,1,0.981132075471698,1,0.206432080513046,0.118688128872731,0.172549019607843,0.145098039215686,0.215686274509804,18.3651703877916,13.1507599286779,15.2188428444122,10.6547131810754,20.7861547811321,-2.15441703738609,4.48942375508353,-2.0898471433054,-5.05190018708163,1.02734214072216,21.4232970927773,8.46542143662057,21.5497259327961,15.4135801317647,26.9230308006079,31.5103722413139,19.9694453584629,0.437115462905106,0.115088402136557,0.999068361558528,0.893358453066126,0.217849335910717,0.574950017472116,0.41992882318727,0.449904896335934,0.44725352463543,0.382450026636028,0.0648034979994024,0.0827631435129522,3218,0.0703464859547492,0.0694330822009737,0.0403370194607842
8,"Populus tremula",42,"l8nr042.tif",53818,1353.74429945229,34.0522432699016,0.369032093267889,0.369032093267889,0.403686766565712,440.483144127903,269.040502807164,1.63723729153012,1.03793836262837,0.0238024452785314,0.454130420229152,0.725344187394284,261.769375249583,0.00293582072912408,0.498532089635438,0.501467910364562,-0.757082675646996,-3.61822310446657,-3.63033439063399,-3.6068182704071,-7.22775392159194,-5.42196932134758,8.20855686522775,51.6485005016917,28.9299788045985,46,38,56,44.8064030621716,30.6036735079519,39,29,52,8.31972574231703,27.4974272654405,0,0,0,0.135070658671032,0.0372073800732684,0.141025641025641,0.123015873015873,0.154320987654321,0.927789679942213,0.187758469517716,1,1,1,0.203819918840478,0.114525282409593,0.180392156862745,0.149019607843137,0.223529411764706,18.0783894349558,12.7116212800006,15.7878408858776,11.1643734679715,21.1110220873475,-1.75102379978658,4.11078217162005,-1.82826888219263,-4.3953118954691,0.907910009437601,20.9461384241062,8.57924985491781,21.9241541144922,15.7667635275001,26.9873475976333,29.6445798803361,18.7780684850629,0.427596038757218,0.0838381210747334,0.992177338436954,0.904790218885875,0.275466042469089,0.561894453197839,0.4185544726732,0.436015923739004,0.433049637641324,0.367370073303999,0.0656795643373252,0.096745133367279,3941,0.0771806823077827,0.079955533146494,0.0445516834506095
8,"Populus tremula",43,"l8nr043.tif",68320,1374.19509294112,27.6406931127555,0.454632977657138,0.454632977657138,0.415389926771721,426.182454218209,287.808713651723,1.48078370807748,1.09621744126461,0.0162177985948477,0.556991225034374,0.796033812794566,294.936816447703,0.0116803278688525,0.505840163934426,0.494159836065574,-0.775060076581536,-3.59998789155942,-4.48049225381754,-4.5154454253123,9.87126320014852,-6.4409827288556,-9.01763384455405,56.6711651053871,25.1832710309538,52,44,61,56.7179010538617,24.7453643495628,52,43,62,9.3133489461365,24.1289010235038,0,0,5,0.166290468130654,0.0215338779047396,0.166666666666667,0.156666666666667,0.176666666666667,0.905360816503842,0.183282256955933,1,0.911764705882353,1,0.229370321899251,0.099069753181594,0.207843137254902,0.176470588235294,0.247058823529412,22.6694130249259,10.4335544951678,20.6369183651163,17.0244401215495,25.2201690980831,-6.65495528131335,3.0794048682277,-6.79147023766119,-8.72308490590176,-4.69485031517933,26.3653653244155,6.29234137861969,27.0239488204887,23.2638887398046,30.2042249075729,47.4512880562039,14.2012238693828,0.479793468642183,0.469803864168618,0.998609484777518,0.884484777517564,0.12949556289856,0.431920537623822,0.488835316779005,0.478989527367092,0.470687741122051,0.376622553801387,0.094065187320664,0.100802636799219,5196,0.0792870876186407,0.076281105826125,0.0386132881858813
8,"Populus tremula",44,"l8nr044.tif",69864,1410.98188950552,28.4963628265284,0.440981562835122,0.440981562835122,0.385987023631838,323.750685143017,379.370287093142,0.853389672722393,1.10865471857646,0.0179491583648231,0.568825998386178,0.785973438633794,298.250913751119,0.00506698728959121,0.502533493644796,0.497466506355204,-0.774574368192557,-3.73767733360658,-4.50831386119171,-4.3922696777585,-9.20822674681337,6.74069663354097,8.88715298431489,61.5296289934736,24.4357320487504,56,50,65,59.3533293255475,24.5283403650634,54,47,64,17.6998883545179,24.443611115666,9,4,23,0.157782464919079,0.0239682777727783,0.158730158730159,0.149122807017544,0.166666666666667,0.773651056869597,0.195446071446931,0.833333333333333,0.653846153846154,0.923076923076923,0.244066174505987,0.0971680431279238,0.219607843137255,0.196078431372549,0.258823529411765,24.1391183241139,10.2395559450302,21.9267570478222,18.7886421559632,26.2726443576646,-5.1059623817952,2.76730568616463,-5.10388167628689,-6.77905239590795,-3.46717166705363,24.3671014648104,5.38246748508983,24.7592809049211,22.0688656479304,27.2872845955538,39.4771413031024,12.3583026932671,0.440101090894589,0.227814038703767,0.999098248024734,0.870963586396427,0.151907105983949,0.398121709927562,0.449332749446132,0.437501118163739,0.432480693446216,0.364522188977123,0.067958504469094,0.0930888786037415,5224,0.0779945953209215,0.0710556665342092,0.0385826661127604
8,"Populus tremula",45,"l8nr045.tif",87247,1509.77582874487,26.1260909035525,0.480989316800182,0.480989316800182,0.434047897108996,444.241926996107,336.080812747776,1.32183067329554,1.11211615513443,0.0136165140348665,0.584369094700397,0.846585643936637,333.296160433193,0.0158973947528282,0.507948697376414,0.492051302623586,-0.782378285852455,-3.5307317315578,-4.1711638099506,-5.26516276417539,-11.2676618527461,-7.41460996483954,-9.98391309384525,68.637443121252,22.5392015487567,64,57,73,71.8779556890202,20.95661590148,68,61,77,6.02589200774903,22.3432630296922,0,0,0,0.174578069965358,0.0204695201888464,0.175925925925926,0.169312169312169,0.181818181818182,0.951680166606999,0.150147309925938,1,1,1,0.284498978222072,0.0863075028299759,0.270588235294118,0.23921568627451,0.305882352941176,28.9627131682242,8.78404780015985,27.5546099953473,24.4409495813492,31.3179837755533,-9.84795969084681,2.80575059688125,-10.1072621919349,-11.5238120733715,-8.54424491898403,34.6341067246711,6.17873002767425,35.3629958749221,32.404411938963,38.1304592862722,69.09257624904,15.2218754077644,0.50301435218517,0.791362453723337,0.997684734145587,0.725400300296858,0.11725138258005,0.303366652020943,0.510001168321299,0.49863578486936,0.503662277389916,0.387545158879417,0.116117118510499,0.095925085265422,6158,0.0731797169306825,0.0615336557650136,0.0345140064983051
8,"Populus tremula",46,"l8nr046.tif",97347,1526.52099474893,23.9377314905364,0.524960797531177,0.524960797531177,0.21983545524733,389.154335740964,360.321701730299,1.08001914364915,0.962204508812536,0.0102622576966933,0.694241032596127,0.868599624353661,352.059724991845,0.0295746145233032,0.514787307261652,0.485212692738348,-0.786933229695011,-4.78628933973121,-3.88271228752654,-5.91437570462594,10.8371108364005,-8.48798653443136,11.3014520176567,67.4754126989041,26.0308197712258,63,54,76,70.2735882975299,24.2828972258491,66,57,79,12.4947456007879,26.4364457937194,0,0,12,0.175136427027494,0.0210444444726723,0.175324675324675,0.166666666666667,0.182539682539683,0.881434715642031,0.204388985530341,1,0.851351351351351,1,0.278437616636021,0.0987058331002775,0.258823529411765,0.223529411764706,0.313725490196078,28.2912704529189,10.3478241828365,26.602134407666,22.5573442674218,32.384156774427,-9.07413103637347,2.76988320109674,-9.28132353813749,-10.8098765260446,-7.7205175618896,31.0386638196373,7.28739452528833,32.3825768440519,28.3297478819278,35.5113710708702,60.5770182953756,15.8212714489211,0.488742181585398,0.742888840950415,0.998705661191408,0.706462448765755,0.120160292805381,0.35449891411335,0.501511132558824,0.481167936637154,0.47815770675065,0.449144908508476,0.0290127982421737,0.113795079705377,7635,0.0810320307359216,0.0733513819383467,0.0429524680238446
8,"Populus tremula",47,"l8nr047.tif",47523,1436.01132675705,43.3922212523312,0.289599616052936,0.289599616052936,0.441551543317451,470.961220465136,262.912517944427,1.79132292424617,1.03327578264623,0.0272710056183322,0.383802178897895,0.654609318502703,245.984070387595,0.0121835742693012,0.493908212865349,0.506091787134651,-0.740331651477784,-3.41370759876954,-3.13056469640892,-3.17921251947628,-6.33566522124002,-4.88871362830303,-7.40612846254308,63.7041011720635,25.6700260043371,58,52,67,51.7322980451569,28.6063501172127,46,38,58,13.8139427224715,25.336832298993,3,0,17,0.125061230379378,0.0313457501203609,0.128205128205128,0.114197530864198,0.13963963963964,0.845513127472003,0.200836988877527,0.941176470588235,0.75,1,0.2501966230593,0.101346541274088,0.227450980392157,0.203921568627451,0.262745098039216,21.8544980212487,11.5934999068487,19.6596029456407,15.9704583483292,24.3316443035685,0.734511499027299,4.54787745865727,0.397848472026119,-1.99554095840709,3.23110319402495,23.4566742324032,6.54162093961058,24.199028346158,20.4036965627392,26.9477067415135,25.9465521957817,16.8330705162822,0.399643083807591,0.0203269995581087,0.996233402773394,0.874418702522989,0.25064322312062,0.405067580968108,0.409819865634493,0.411507327724019,0.382242972045204,0.379268829365944,0.00297414267925977,0.0897251983682252,3192,0.0715470480118349,0.0693567747035906,0.0425415907439275
8,"Populus tremula",48,"l8nr048.tif",57179,1328.37171645026,30.860480544693,0.407199447077961,0.407199447077961,0.407274748281817,446.205222584925,275.514599714347,1.61953385790644,1.0621033192356,0.0220185732524179,0.46511172653869,0.739018889384334,269.819502498266,0.00117175886251946,0.50058587943126,0.49941412056874,-0.757263092169398,-3.60183518916547,-3.45464827123489,-3.5772496464309,-7.0942793277165,-5.45496202438322,8.2452588130422,63.1664946921066,27.7531867497922,58,50,68,58.8892950208994,26.9699851296903,54,45,66,14.2292275135971,27.135702791651,2,0,16,0.151561748618451,0.0266064945111781,0.15359477124183,0.14207650273224,0.163793103448276,0.850062170236371,0.212672270448742,0.963636363636364,0.758064516129032,1,0.250269381087052,0.109842674449038,0.227450980392157,0.196078431372549,0.270588235294118,24.0808384091559,11.4205276731679,22.1086592720874,18.05707493081,27.2890783795702,-4.18945226385716,3.9370596247215,-4.41592282187744,-6.60629839231924,-2.21422790323209,25.6674366594364,6.95872373362443,26.8618341663574,22.6979742829234,29.8084926312,40.3828678360937,16.3453464245399,0.446265482006669,0.181045488728379,0.992007555221323,0.837737630948425,0.175548874159598,0.438897773003776,0.448588999661073,0.448178537086028,0.446099194981292,0.353403476763567,0.0926957182177245,0.111953588279572,4958,0.0910242523270117,0.0907865766977148,0.0462298766624234
8,"Populus tremula",49,"l8nr049.tif",46453,1449.05800795127,45.2020130111663,0.278004667872975,0.278004667872975,0.533009373772282,473.116604985986,250.072315760615,1.89191915765231,1.01496534364805,0.027748476955202,0.392626817661637,0.650251615025511,243.199088344472,0.0158224441909026,0.492088777904549,0.507911222095451,-0.732570613262997,-3.0271862977217,-2.93948940443958,-2.99335111332858,-5.95977652006131,-4.5096312262441,8.27233821904806,57.5667018276537,27.9744891590405,51,44,61,50.9053021333397,28.5369345817704,45,36,57,7.66428433039775,24.9086868998172,0,0,1,0.141776333599618,0.0280105624680153,0.144654088050314,0.131205673758865,0.15625,0.935948963655671,0.164796747387467,1,0.982758620689655,1,0.227181089213934,0.110941328486807,0.2,0.172549019607843,0.23921568627451,20.7420628722903,11.9382528967261,18.1741070789635,14.3776047391077,23.2995656296933,-2.54325854475188,4.16091337727605,-2.54555499701514,-5.05190018708163,-0.0227017124279916,24.7421900095719,7.96383180219156,25.1748190300802,20.4235968345929,29.6903877382728,36.5796181086257,18.5699811547202,0.445051001235779,0.0909521451789981,0.994489053451876,0.877639764923686,0.197568674258072,0.48833874501762,0.444504188397434,0.452448050570487,0.443199250010099,0.370916157082976,0.0722830929271229,0.0895635586403438,3134,0.0720277630943899,0.0771975291901339,0.0413861990759713
8,"Populus tremula",50,"l8nr050.tif",42731,1450.13621843808,49.2123997104182,0.25534968195625,0.25534968195625,0.673112281333084,455.246829661677,227.17213542045,2.00397301728536,1.16101590582206,0.0372563244482929,0.413181688331861,0.676958904977662,233.252650544593,0.0245957267557511,0.512297863377876,0.487702136622124,-0.719676725096553,-2.50593902028508,-2.91052050535863,-3.01402735667101,-5.98316437954621,-4.27985909071745,-6.72984104755967,67.7843017949505,26.8915691649227,60,54,70,65.4379022255519,26.8749354811468,59,51,68,12.4362640705817,28.61488648675,1,0,9,0.159137475029449,0.0232403684724156,0.159863945578231,0.152542372881356,0.166666666666667,0.884768264956618,0.201176078823329,0.985074626865672,0.865671641791045,1,0.268152202492473,0.106474257082591,0.23921568627451,0.211764705882353,0.274509803921569,26.7015526450405,11.0796859361041,23.8793494040716,20.8691630909853,27.9941146551795,-5.94346997323025,2.65537264252562,-5.97524084947179,-7.49791035463329,-4.41175956869051,29.6922101121605,6.14429159698695,30.4314207232044,27.4719840046929,32.8085990514883,50.6552385855713,13.6278209805114,0.465331988131868,0.19423837495027,0.997566169759659,0.827572488357399,0.146039569385372,0.397066500650925,0.47966346769969,0.461078286670765,0.457390474070669,0.390003165436309,0.06738730863436,0.080372186596253,2670,0.0671444737834779,0.0639914581315982,0.0454695437883154
8,"Populus tremula",51,"l8nr051.tif",59521,1495.85194719061,37.5930015946296,0.334274202147092,0.334274202147092,0.406331263094868,487.791134666192,292.011638168013,1.67045100574222,1.03359703161857,0.0234875086104064,0.417865152878513,0.704182194616977,275.289830800525,0.00767796239982527,0.503838981199913,0.496161018800087,-0.756258799805329,-3.60421903616578,-3.60813771735145,-3.58528755313349,-7.19397260050969,-5.38743459743494,-7.81724521963131,62.1771643621563,23.2430374596969,57,51,65,54.137178474824,25.7355747443481,48,41,59,12.5902118580007,23.7174805157151,3,0,15,0.139008626886806,0.0225236825199942,0.138888888888889,0.128472222222222,0.150641025641026,0.854412433080478,0.190249729496146,0.943396226415094,0.772727272727273,1,0.244652027575701,0.0924048853812197,0.223529411764706,0.2,0.254901960784314,22.4506333611495,10.4636970345731,20.0713779229937,17.0387339403171,24.507124276994,-1.74327377945027,3.81600721774266,-1.69534344754083,-4.01373306946379,0.480155408174449,24.8720595232569,5.26991106153979,25.1617495198242,22.506037491199,27.4815015199754,33.5069807294893,13.9491464006784,0.426140158097821,0.0570386922262731,0.999311167487105,0.887837905949161,0.162030824002774,0.377699240505694,0.427021889925755,0.430944374372138,0.422537070840439,0.386937348035365,0.0355997228050742,0.0739474663029809,3672,0.0650383464106697,0.0612223499844776,0.0357517211804037
8,"Populus tremula",52,"l8nr052.tif",60449,1363.1828996323,30.7410812064704,0.408781022695916,0.408781022695916,0.502730333841996,448.755744727931,276.905946895765,1.62060710417626,1.10932722240967,0.0167744710417046,0.486459642940195,0.776605106792998,277.427571159926,0.000976029380138629,0.500488014690069,0.499511985309931,-0.770316044367565,-3.22000789526764,-4.46524670550654,-4.38061833261403,9.64579113729509,-6.03395309002275,8.80808821131018,65.1632285066762,24.5489163173407,59,53,69,60.8890965938222,24.419160565406,56,48,66,11.1703750268827,26.0215780385634,1,0,9,0.152687778680828,0.0212044567427763,0.154040404040404,0.144808743169399,0.163398692810458,0.889045819910303,0.192973361328047,0.985074626865672,0.868421052631579,1,0.257396171590442,0.09754330168963,0.235294117647059,0.207843137254902,0.270588235294118,24.9882442723011,10.1678609480501,22.7870885149281,19.6417293111524,27.300312898828,-4.59663519031183,3.42505638906186,-4.67259632261577,-6.65559360266607,-2.72592500191654,28.3391904941839,5.98284961004047,29.0747016745525,26.0750652723555,31.7369633479008,45.4445896540893,14.6180316416967,0.456148546623519,0.139472944134725,0.994127280848318,0.842776555443432,0.138874615814711,0.378961740992306,0.467338955879695,0.460901340769803,0.436054181102245,0.351973094650433,0.0840810864518123,0.106230599823122,4854,0.0841729238559315,0.0699833820674525,0.0327245849422976
8,"Populus tremula",53,"l8nr053.tif",57617,1277.1828996323,28.3110220787818,0.443868489784311,0.443868489784311,0.477709540866548,427.496921245285,274.189552493493,1.55912914025209,1.14902299081552,0.0184667719596647,0.491548921532446,0.81281212087013,270.850960583502,0.000468611694465175,0.499765694152767,0.500234305847233,-0.769990930269081,-3.32015245451046,-4.33396322645435,-4.86326413708732,9.46195042265949,-6.53079508287629,-11.1998115976972,60.4885537254636,25.3936669461698,54,48,62,44.4605585157152,28.5429967380555,39,29,50,4.39017998160292,22.2874496311891,0,0,0,0.11446967617363,0.0332824537666302,0.118055555555556,0.0988700564971751,0.133333333333333,0.972914298779581,0.126694424779747,1,1,1,0.23754236477728,0.100384529821879,0.211764705882353,0.188235294117647,0.243137254901961,19.0914545522356,11.5144593138276,16.6981368556716,12.9915543102803,21.1782143403415,3.14986367363102,5.41916238227081,3.16531131434292,0.0224635386431304,6.66960168222117,24.3824851061369,8.5691448260924,23.9823166675868,19.0125345295301,29.149160711091,24.0423833243645,23.1874142709671,0.395871511075135,0.0151864900984085,0.9933179443567,0.892583786035371,0.290753451817172,0.422596320843245,0.391680869463328,0.39934966680228,0.403356680706826,0.361956503791698,0.0414001769151288,0.0870592941433169,4143,0.0753313817117297,0.067002523021598,0.034087292334055
8,"Populus tremula",54,"l8nr054.tif",59246,1377.82756057297,32.0428178556269,0.392174329704042,0.392174329704042,0.289239661940827,455.510062627755,287.161705460569,1.58624932909205,1.07923206003954,0.0214698038686156,0.452933595553543,0.723367886402208,274.653145016363,0.00273436181345576,0.498632819093272,0.501367180906728,-0.76076904412031,-4.24145202617487,-3.54077415712683,-3.6630379547317,-7.27436935967446,-5.79452370656604,-7.95086807660048,73.0025486952711,23.398776025093,67,61,76,66.3056577659251,24.2570899203112,60,53,70,20.1578840765618,27.3901883521299,10,2,28,0.145097123843743,0.0199921413891485,0.144927536231884,0.136904761904762,0.153333333333333,0.777593301540229,0.216895645488907,0.846153846153846,0.628205128205128,0.966666666666667,0.28695091850331,0.0925451365902406,0.262745098039216,0.23921568627451,0.298039215686275,27.6630175709754,9.93190358050278,25.2058215712491,22.1896176328001,29.4977809767556,-3.20681386320658,2.81142800912136,-3.05813196508556,-4.85538946724493,-1.45296828114946,27.2847664807094,5.66269085424887,28.2290654571473,25.0415507541704,30.6585095008139,39.4508827600189,12.8541265348309,0.426816958856542,0.0477669378523445,0.999088546062181,0.75409310333187,0.137784545425543,0.322512075411464,0.44285233855871,0.428702945227725,0.412706259692069,0.366161538328688,0.0465447213633807,0.0908527076835838,4236,0.0750637935922881,0.0726073387137415,0.0410187240622461
8,"Populus tremula",55,"l8nr055.tif",42104,1425.34227919873,48.2519621145602,0.260432323653989,0.260432323653989,0.406198146321634,467.296650032641,255.128621205453,1.83161202308357,1.14374038959603,0.0279783393501805,0.353159999363222,0.603797395743705,231.535046572931,0.0209956298688961,0.489502185065552,0.510497814934448,-0.722329963004645,-3.53698176571482,-2.69189079671231,-2.8190734437777,-5.5745899609705,-4.58855901878742,-7.4746899665082,65.3707961238841,27.3092980684019,58,52,68,59.289853695612,28.1148802479133,53,45,64,11.6487982139455,27.7975902769327,0,0,8,0.146671032516173,0.0216885695819888,0.147540983606557,0.137820512820513,0.157232704402516,0.892169581595958,0.195002212151151,1,0.87719298245614,1,0.257816778621005,0.10819851155322,0.231372549019608,0.203921568627451,0.266666666666667,24.4100440407324,11.5896688140624,21.8679238772737,18.2894544734258,26.3397669641558,-3.40112704080493,3.56762077707845,-3.37691759167247,-5.48336328826698,-1.32389336790437,27.4424205435731,6.30431279121712,28.3204325910875,24.6509929439297,31.0873516204128,41.5601130533915,15.0931253691879,0.447063997130376,0.0900152004560137,0.998741212236367,0.84063271898157,0.147872208043023,0.419672108666759,0.444031943268215,0.4446141930908,0.451801673726667,0.37800768167033,0.0737939920563375,0.104004690407607,3337,0.0850646205613194,0.0751497276853567,0.0425595324559607
8,"Populus tremula",56,"l8nr056.tif",55937,1420.35447250755,36.0656958287397,0.348430006009905,0.348430006009905,0.215963678674196,288.582218546861,446.891921608892,0.645753938688157,1.09411115213223,0.0223644457157159,0.433737626693133,0.705100085715726,266.873004280783,0.0111732842304736,0.505586642115237,0.494413357884763,-0.760065566776233,-4.76417270974055,-3.73473005420274,-3.74991293876983,-7.4937752098576,6.14923315403453,8.56751196943958,67.550959114718,24.4866425371132,61,56,69,58.7278724279087,26.3766523695922,53,46,63,15.3818045300957,27.0027142092859,4,1,19,0.137797612481909,0.0258414774735266,0.138888888888889,0.128654970760234,0.148550724637681,0.83278684481766,0.206783467955713,0.928571428571429,0.726027397260274,0.985074626865672,0.265581902890051,0.0969201921809131,0.23921568627451,0.219607843137255,0.274509803921569,24.5711108033967,10.7514045736323,22.0436398970369,19.2015706880947,26.3650961635933,-1.60930272106357,3.73575826670821,-1.6163355112688,-3.73204436100183,0.365376646004306,26.0259958047077,5.68499337753451,26.872336780152,24.0983326370106,29.0174488297949,34.5229812110057,14.2790329039374,0.422051586362014,0.0437456424191501,0.998426801580349,0.839265602374099,0.187532111918029,0.364935226238296,0.430804917583644,0.422732331212678,0.413178161806323,0.375479918114229,0.0376982436920942,0.0945925562804027,4155,0.0783400580715713,0.0727649795659427,0.0461505638152388
8,"Populus tremula",57,"l8nr057.tif",71524,1361.46717087976,25.9156766593499,0.484894559364146,0.484894559364146,0.24140306172757,321.113596615161,433.452813606674,0.740827113205792,1.08176898871043,0.0158687992841564,0.513867644399864,0.822672847103208,301.773400414347,0.00539678988870869,0.497301605055646,0.502698394944354,-0.781414206466368,-4.60823256551753,-5.17729176489833,-4.68195332884443,-10.2270168342214,6.99778096084469,-9.62472682112768,62.5977154521569,24.1070119103776,57,50,66,57.02856383871,25.6303735828985,52,43,64,8.10456629942396,24.0128633196388,0,0,3,0.147730013035768,0.0221786043936146,0.150273224043716,0.138297872340426,0.160714285714286,0.92616835740187,0.171027081486641,1,0.960526315789474,1,0.24693825519694,0.095625151706981,0.223529411764706,0.196078431372549,0.262745098039216,23.3927102967309,10.5787416441746,21.3355607953958,17.6057370111078,26.2367020613393,-3.68545065534964,3.93355619581487,-3.83636175858557,-6.31538657580588,-1.3098195275662,27.8233457908443,6.99886241721922,28.3943204912273,24.3406560605179,32.2164764212046,43.3548459258421,17.6306855297268,0.454094128443257,0.113668139365807,0.999217046026509,0.85937587383256,0.150129305397918,0.387243164261746,0.458714839882266,0.463888038290503,0.4395143498597,0.373108987851869,0.0664053620078311,0.0945529141327436,5381,0.078287310501353,0.0737763762317581,0.0391488941397787
8,"Populus tremula",58,"l8nr058.tif",68029,1392.59711319467,28.5073530358838,0.440811554778207,0.440811554778207,0.262499500038193,311.687544915822,394.116253716367,0.790851790497667,1.06685396225707,0.0158902820855812,0.553796610032954,0.786089830253868,294.308023996609,0.00727630863308295,0.503638154316541,0.496361845683459,-0.777352131294098,-4.44979717484893,-5.8478589941421,-4.51776556796638,10.0099884429168,6.9389144402157,9.76032405136697,60.7482397212954,24.4581802234986,54,49,64,56.3194225991854,25.8222216509162,50,42,62,10.4861015155293,25.4698143681681,0,0,8,0.151236182924765,0.0234754127780034,0.151785714285714,0.140522875816993,0.163194444444444,0.894086124052467,0.191887473127577,1,0.88,1,0.240551564082101,0.0977073114147266,0.215686274509804,0.192156862745098,0.254901960784314,22.9718660856364,10.6609135594101,20.4234662250373,17.1634463140005,25.3935190781651,-4.0717377952598,3.60994374028483,-4.02395280217077,-6.3733532180594,-1.77792316875187,26.2889402135291,5.93082497134239,26.6908933958889,23.5661863046076,29.7682452568533,41.4045039615466,14.6061003529021,0.4530650068794,0.158667627041409,0.998706434020785,0.869438033779712,0.15522351972119,0.406180318890791,0.458132150165613,0.457087877984836,0.44301242687254,0.369400368107657,0.073612058764883,0.100245474071801,5324,0.081681497391838,0.0742557073699444,0.0406197068912296
8,"Populus tremula",59,"l8nr059.tif",74810,1396.88852711707,26.0833786551438,0.481776950007242,0.481776950007242,0.245672056801723,366.569458406974,338.22505567344,1.08380337960799,1.04217796683049,0.0159203315064831,0.603389293664322,0.832179228334807,308.627688877128,0.0242480951744419,0.512124047587221,0.487875952412779,-0.78060846407383,-4.57523849104222,-4.1559872190445,-4.85340326989106,-10.349002725277,-7.77083228739167,9.36037476539467,58.9774629060287,26.3231095089352,53,45,63,55.897446865394,27.2686709299589,50,41,63,8.22768346477681,25.2953537651044,0,0,1,0.154670913503666,0.0248421505367122,0.157051282051282,0.144444444444444,0.166666666666667,0.928814803387656,0.17351058983824,1,0.981481481481481,1,0.234834443334879,0.10498794712807,0.207843137254902,0.176470588235294,0.254901960784314,22.5831296097607,11.3340697396883,20.2287676149885,16.2321247931608,25.48664915237,-4.91714678212445,3.88649123459293,-5.12668209626377,-7.47052020698691,-2.54555499701514,26.7052864999116,7.22730595183192,27.3838033931968,22.6979742829234,31.398914993691,44.5897473599806,17.4879154194,0.465415089315318,0.242614623713407,0.997767678117899,0.862184199973266,0.160612941459808,0.447072180682125,0.471351169479479,0.465226925651578,0.459969224321328,0.368107826138973,0.0918613981823553,0.10260509341637,5609,0.0779720862989324,0.0781787829816229,0.042104476553501
8,"Populus tremula",60,"l8nr060.tif",67530,1382.21233688382,28.2912919329756,0.444178040512605,0.444178040512605,0.28244045274733,409.063544382939,299.634844257541,1.36520685835637,1.04481922552273,0.0152524803790908,0.550951864377846,0.791435201462626,293.226646906391,0.0301199466903598,0.51505997334518,0.48494002665482,-0.778693679141719,-4.32038508291547,-4.70301444284766,-4.66222918017169,9.35082433245444,-7.00212028986505,-10.1280993276645,62.8776543758325,24.3620115510334,57,50,67,56.9247593662069,25.7061017100362,51,42,63,8.21066192803264,24.4978568733535,0,0,2,0.146994994735529,0.0212210070784757,0.148148148148148,0.13681592039801,0.159090909090909,0.927035906853622,0.171052784588534,1,0.96969696969697,1,0.248103123375812,0.0968690065785116,0.223529411764706,0.196078431372549,0.262745098039216,23.3837866424465,10.6050366124554,21.0952483926461,17.28589252639,26.119736454872,-3.46331502302012,3.88358764307976,-3.43748022800619,-5.96661034405897,-0.997688608315617,27.8136844409174,6.50402867606163,28.2568161673526,24.1614663937412,32.0335215459599,42.7612024285517,16.6713837921388,0.453667927577496,0.107700281356434,0.998430327261958,0.856863616170591,0.144365506950019,0.390438479250185,0.455279946799218,0.463752299384383,0.441297260020955,0.363385202848826,0.0779120571721286,0.0903134079248316,4768,0.0736848612227236,0.0718199627697177,0.0378644574899776
8,"Populus tremula",61,"l8nr061.tif",84348,1458.96464556282,25.2356645919554,0.497960755840965,0.497960755840965,0.264082791735664,365.36265407814,336.055424376191,1.08720951240811,1.0281923268045,0.0111324512732963,0.686973091238998,0.863385349226415,327.712082656898,0.0284772608716271,0.514238630435814,0.485761369564186,-0.787440354611136,-4.45915204707655,-4.07333673317045,-5.73386444799631,10.6518020943492,-8.35002176721979,-11.2347412968275,68.1989140228605,24.325979214289,64,55,75,70.2867169346007,23.0002662478839,67,57,78,6.71595058566889,22.9443239390502,0,0,0,0.171694400176571,0.0161938609839992,0.173202614379085,0.166666666666667,0.179292929292929,0.946001166033449,0.154246445383203,1,1,1,0.279327008462605,0.0947253037156988,0.262745098039216,0.223529411764706,0.309803921568627,28.3530479759355,9.66063880295608,26.894250510727,22.7566631983063,31.7356332409599,-9.08307372101747,2.97904493897669,-9.27134836224423,-10.9317780581442,-7.58887411918657,33.6517830561669,6.7991943228464,34.3288062835585,30.3145473515932,37.9040844647341,65.6585692606862,16.947707785317,0.497648333373933,0.694705268648931,0.998245364442548,0.719258310807607,0.0943179327516063,0.33911974319254,0.50606286432404,0.498882092684481,0.485111046165643,0.409871863827378,0.0752391823382649,0.0938656112879635,6102,0.0749990781824215,0.0600526720178953,0.033100225872154
8,"Populus tremula",62,"l8nr062.tif",44217,1415.09963851162,45.2881694125722,0.277475790639281,0.277475790639281,0.483406427274507,454.811974878878,251.329180891549,1.80962661504528,1.01009165076365,0.0282470543003822,0.386824940058019,0.654974485072471,237.273751075745,0.00508854060655404,0.502544270303277,0.497455729696723,-0.738031950285592,-3.23295211957053,-2.97465889305703,-3.12832388335327,-6.18033745991131,-4.74582056121082,-7.48953988077348,65.7301264219647,24.1409989002917,60,54,67,50.4334984282068,28.4239176565459,44,36,54,13.1917588257912,26.0786339422274,3,0,14,0.118001085947974,0.0277874774390889,0.117816091954023,0.105820105820106,0.129943502824859,0.858106526267572,0.201672232824226,0.955555555555556,0.786885245901639,1,0.258212638471496,0.0955640848345998,0.235294117647059,0.211764705882353,0.262745098039216,21.7171463007661,11.3225372067252,19.0011621975875,15.8977311499547,23.1995380772414,2.74477743648949,5.01019472912198,2.85307596050624,-6.05835609457372e-05,5.63294711313028,23.7398294242459,5.54463114326911,24.2983855773309,21.0911170699595,26.7038572812059,21.9451116086578,15.9834092970847,0.389227339244584,0.0256010131849741,0.99895967614266,0.876043150824344,0.235484927790031,0.37009840041215,0.375907646340586,0.402796613429091,0.390536138521712,0.388320453522418,0.00221568499929381,0.0714458530920352,2628,0.063582696216007,0.0650723215102076,0.0392272117183536
8,"Populus tremula",63,"l8nr063.tif",66793,1367.91082169366,28.0146125508155,0.448564854915095,0.448564854915095,0.268032019884033,306.904916985976,348.462758033943,0.880739504897341,1.05594680357402,0.0146123096731694,0.624555064085395,0.81718469942681,291.622168072826,0.00444657374275747,0.497776713128621,0.502223286871379,-0.78186233369244,-4.42126356455261,-4.30301877746666,-4.90430601528452,10.1891862409917,7.53206909849505,9.51760491607662,61.6508616172348,26.1879922260627,56,47,66,60.2213106163805,26.3045572268933,55,45,67,6.86131780276325,24.2278840165301,0,0,0,0.160901589124813,0.0187084439939652,0.16304347826087,0.152542372881356,0.171794871794872,0.94686001154327,0.15635436577447,1,1,1,0.246826968776521,0.104269542217831,0.223529411764706,0.188235294117647,0.270588235294118,24.2973026169182,10.9600832771463,22.1086592720874,17.9534328379589,27.326128653247,-6.32427140090519,3.54772756460228,-6.43532526412305,-8.67364282409261,-4.11710202986201,29.2926711022769,7.20426816519903,29.8082098639809,25.0684771212244,34.0852463316335,51.9304418127684,17.6890659659292,0.48046460142578,0.343913284326202,0.999041815759136,0.841615139311006,0.116272586115855,0.422439826216065,0.481799915571534,0.480247385243656,0.483645815930208,0.371314547816402,0.112331268113806,0.0918480553775958,4732,0.0739409659827804,0.0708194617038092,0.0381440468140534
8,"Populus tremula",64,"l8nr064.tif",94909,1572.6875169903,26.0601842406632,0.482205747216136,0.482205747216136,0.417206419208307,377.669638195195,356.33344962756,1.05987702975944,1.04182518591588,0.013307484011,0.705242916996223,0.87344527220103,347.623203988556,0.0369090391849034,0.518454519592452,0.481545480407548,-0.776439284827735,-3.59444707809715,-3.40699598606267,-5.80639190863161,-10.4885915375954,-7.621212146221,-10.6791331979608,79.6222065346838,20.3771820157592,75,69,86,79.8648494874012,20.6590290209854,76,68,88,10.3106027879333,24.2624731155435,0,0,7,0.16652249572654,0.0153378922972146,0.166666666666667,0.159817351598174,0.174731182795699,0.908379384828281,0.177756486971046,1,0.911392405063291,1,0.320222074437042,0.0810372195516007,0.301960784313725,0.274509803921569,0.349019607843137,32.6467760714596,8.42148163775222,31.1097052697137,27.9812312459736,35.7769973099552,-8.679974443489,3.17452291941835,-8.83210544476007,-10.869892348863,-6.77685662082439,36.5691084300696,6.09427857239263,37.5033431094967,34.5170627972239,39.9554633306654,69.7968896521855,16.7183561133147,0.480640610636509,0.495801241188928,0.998798849424185,0.472515778271818,0.0921070281717081,0.253065687120416,0.491274242885327,0.479497245948359,0.45561795769355,0.46700908318042,-0.0113911254868698,0.101470299513536,6744,0.0735586047424794,0.0545288732211985,0.0332674930058206
8,"Populus tremula",65,"l8nr065.tif",60258,1381.6265504462,31.6786472318672,0.396682677842316,0.396682677842316,0.234666347571793,339.933676090194,397.455810235966,0.855274139503403,1.14677251437668,0.0220219721862657,0.445996727544082,0.710493270370174,276.988932065257,0.0212088021507518,0.510604401075376,0.489395598924624,-0.757098546081588,-4.61020254872295,-3.40307302098621,-3.61317170438233,-7.12199246954854,6.37854422006766,8.36796744549474,68.534866739686,25.5553291925894,63,56,71,62.4977430382678,26.5503426139146,57,49,67,14.2192405987584,27.0336998436436,3,0,15,0.14767354747401,0.0224974036941331,0.148148148148148,0.139455782312925,0.157407407407407,0.85569228828284,0.202049339652924,0.953125,0.780821917808219,1,0.270321408791868,0.101556805269363,0.247058823529412,0.219607843137255,0.282352941176471,25.8510835462006,10.927545555615,23.8451634134343,20.3122930391027,27.8651746323012,-3.57096947622594,3.57045441055092,-3.60118758680056,-5.6010740567001,-1.7179000925367,27.9550170479772,5.96212967027874,29.1311467495023,25.7304766943889,31.398914993691,42.2413787380921,14.5014888885005,0.441244826772904,0.0962029937933552,0.998954495668625,0.821766404460819,0.152345521094406,0.375689093022842,0.444056654239238,0.446143918563607,0.438197035223555,0.369573585950061,0.0686234492734943,0.105672524795546,4875,0.0848268661910562,0.0738815433756353,0.0476992373519974
8,"Populus tremula",66,"l8nr066.tif",57342,1472.7392488184,37.8249955531757,0.332223981274312,0.332223981274312,0.256352426546511,339.122217780895,359.481910229319,0.943363791420169,1.08447654014912,0.0223919640054411,0.470369931776202,0.714942958668412,270.203815617403,0.0154860311813331,0.507743015590666,0.492256984409333,-0.763384979542618,-4.46446045279674,-4.00749022452942,-3.86017104012085,-7.79482911579458,7.75545808839754,9.00392328594785,58.0469812702736,27.2846065674536,51,44,60,47.2459453803487,30.8189976193312,40,31,52,12.3292874332924,28.1635932998699,0,0,10,0.126052033146932,0.0351949477003099,0.127659574468085,0.111111111111111,0.142857142857143,0.870933457918991,0.213844887044472,1,0.828125,1,0.228451307976018,0.108313508003796,0.2,0.172549019607843,0.235294117647059,19.6430709725435,12.5544333526828,16.5851249502657,12.6127585039583,21.6815980222032,0.603189128400658,4.86852778410288,0.461465960119006,-2.39147306804338,3.62699168501636,21.2214363576161,6.73296478189691,21.6900840738157,17.3792030940741,24.9910046448123,24.1156220571328,17.3441380482325,0.403128434086577,0.0473300547591643,0.998011928429423,0.887761152383942,0.279209676690224,0.474120758989244,0.395062675828614,0.417697217327842,0.399762664801674,0.381013845469722,0.0187488193319521,0.0727577257919052,3478,0.0640150190498978,0.0617905407236815,0.0481263328537577
8,"Populus tremula",67,"l8nr067.tif",55362,1537.85194719061,42.7186267020332,0.294166071910759,0.294166071910759,0.464005813580238,482.239914776548,271.672249666231,1.77507977119126,0.999536954660824,0.0228857338968967,0.422574550362823,0.688761990072034,265.497811056189,0.00776706043856797,0.503883530219284,0.496116469780716,-0.755335331395676,-3.3477067434848,-3.6025109115799,-3.53378590402757,-7.1174990417784,-5.20763990403638,7.68197655613109,70.3872511831225,25.986215720781,65,58,73,63.9704490444709,26.5938830826499,59,50,69,17.8190816805751,29.1111094246386,6,0,24,0.146198659364215,0.0303881110611809,0.146551724137931,0.13768115942029,0.155367231638418,0.812270101731892,0.220198227424438,0.904761904761905,0.676923076923077,1,0.277210672571474,0.102989573511144,0.254901960784314,0.227450980392157,0.286274509803922,26.5657045131036,10.9786070384899,24.4028032970825,20.9088315587819,28.6597105929219,-3.25627268231669,3.39964444829348,-3.28112467687602,-5.18000427434959,-1.44210419502772,27.0459166339366,6.18684535925305,28.28208418708,24.7139934552048,30.6875738044257,39.7345652252451,14.2781150566306,0.432144464190357,0.0758462483291789,0.99680286116831,0.79323362595282,0.20785492141636,0.371520952581899,0.44429382866577,0.435095809095077,0.419335822974764,0.361914791468672,0.0574210315060919,0.0956530065109154,4036,0.0772883952508617,0.0680406324271454,0.0435229380995118
8,"Populus tremula",68,"l8nr068.tif",39384,1283.35952314144,41.8193089995383,0.300492067300727,0.300492067300727,0.551760337700308,427.209988460843,225.343256842115,1.89581882523409,1.0473042756213,0.0252640666260411,0.409104124255376,0.667734798199435,223.931387326229,0.0242230347349177,0.512111517367459,0.487888482632541,-0.739990010320685,-2.9716047019932,-3.16339017498364,-3.1762368461611,-6.35301360475479,-4.66643484647974,7.09649390267754,64.5653057079008,26.8637870271909,58,52,66,57.551518383099,27.8911726965624,51,43,62,12.0061700182816,27.9173139606326,1,0,9,0.143535698033427,0.0239636058953158,0.14367816091954,0.134146341463415,0.153645833333333,0.883958302385286,0.200869219942606,0.984126984126984,0.863636363636364,1,0.254492518112262,0.106639206662552,0.227450980392157,0.203921568627451,0.262745098039216,23.7711270729647,11.4785646762643,21.094230375866,17.8937816414843,25.5438659646087,-2.67912337549036,3.61294257033771,-2.52925969118842,-4.66757151492894,-0.540025082450837,26.5499961775191,6.21292185460498,27.2564610105822,23.9309479164524,29.9905393639271,38.5315610400162,14.842840005859,0.440167181274992,0.0761222831606744,0.99779098110908,0.856667682307536,0.166952235971172,0.419026881554468,0.444257045754507,0.435412818195408,0.442791357932169,0.372510195208257,0.0702811627239126,0.0878822443104666,2630,0.0714246917603606,0.0703344140084026,0.0393935910797302
8,"Populus tremula",69,"l8nr069.tif",64872,1438.83975388179,31.9129953963284,0.39376969971941,0.39376969971941,0.39298573331758,404.65513653844,314.328803281778,1.28736257165618,1.13247120264186,0.0195307682821556,0.510020991012707,0.747020416623484,287.397974498881,0.008262424466642,0.504131212233321,0.495868787766679,-0.767100710943115,-3.68895166400516,-3.78888900295176,-3.95603635372311,-7.86429893230737,-6.28638903406303,-8.23758936502592,64.5996577876436,26.0940865647091,58,52,68,61.0796954001732,26.5455149558904,55,47,67,15.3115211493395,27.7037511174764,4,0,18,0.154474621970475,0.0221704915108482,0.154761904761905,0.144230769230769,0.166666666666667,0.83478618732597,0.212415673027352,0.932203389830508,0.734375,1,0.256225955667752,0.103873816390529,0.231372549019608,0.203921568627451,0.270588235294118,24.9751804328835,11.0243774045195,22.5527859077985,18.9655296738972,27.434065360972,-4.68653976048564,3.43603248738032,-4.70899645149708,-6.85117358720994,-2.62785661085732,26.3568484173838,6.00566693491986,27.1578628569204,24.1256853183975,29.7704033175368,42.2482118633612,14.0687576703429,0.447645085650364,0.197327044025157,0.997996053767419,0.837372055740535,0.143521900779041,0.405399272350935,0.451723607959529,0.449884242891317,0.44406700412831,0.365645632100829,0.0784213720274807,0.100860551851074,4977,0.0803558454558665,0.0781989528860837,0.0422864643426186
8,"Populus tremula",70,"l8nr070.tif",69248,1505.457069612,32.7287573423744,0.383955017995422,0.383955017995422,0.370762906239638,408.328269038547,315.310022479216,1.29500567672397,1.1192874719793,0.0245927680221811,0.537848561696518,0.76504869385568,296.933143979955,0.00259935304990758,0.501299676524954,0.498700323475046,-0.763443568534491,-3.79071084943796,-3.54663523902255,-3.91886294341031,-7.71762190541565,-6.62266621371559,-7.94235424099968,73.4589735443647,25.5578333495174,68,60,78,65.035928835487,28.2003027303525,60,51,72,21.5721898105338,29.369600148803,12,1,30,0.139192274852521,0.0328072874256126,0.139393939393939,0.12962962962963,0.15,0.770281467728962,0.226038645545245,0.828571428571429,0.61764705882353,0.98,0.289196148653545,0.10150016619119,0.266666666666667,0.235294117647059,0.305882352941176,27.2662232342462,11.4564647854248,25.3576069438813,21.343707426784,30.1445961494908,-1.97947521487775,4.07107068015773,-2.02518095151494,-4.22878708697638,0.00229560560585651,26.0235475284384,6.63529740978139,27.2438029430596,23.3185359497724,29.8263891304548,35.0406943160816,16.051328435122,0.413119974952476,0.0658791589648798,0.997025184842883,0.72703904805915,0.235697614861712,0.350973435548108,0.413744917239868,0.425348503032874,0.402320186801534,0.367253278366058,0.0350669084354759,0.119008389388557,5643,0.0852996750056685,0.0828453578221509,0.0518368046319224
8,"Populus tremula",71,"l8nr071.tif",69248,1505.457069612,32.7287573423744,0.383955017995422,0.383955017995422,0.370762906239638,408.328269038547,315.310022479216,1.29500567672397,1.1192874719793,0.0245927680221811,0.537848561696518,0.76504869385568,296.933143979955,0.00259935304990758,0.501299676524954,0.498700323475046,-0.763443568534491,-3.79071084943796,-3.54663523902255,-3.91886294341031,-7.71762190541565,-6.62266621371559,-7.94235424099968,73.4589735443647,25.5578333495174,68,60,78,65.035928835487,28.2003027303525,60,51,72,21.5721898105338,29.369600148803,12,1,30,0.139192274852521,0.0328072874256126,0.139393939393939,0.12962962962963,0.15,0.770281467728962,0.226038645545245,0.828571428571429,0.61764705882353,0.98,0.289196148653545,0.10150016619119,0.266666666666667,0.235294117647059,0.305882352941176,27.2662232342462,11.4564647854248,25.3576069438813,21.343707426784,30.1445961494908,-1.97947521487775,4.07107068015773,-2.02518095151494,-4.22878708697638,0.00229560560585651,26.0235475284384,6.63529740978139,27.2438029430596,23.3185359497724,29.8263891304548,35.0406943160816,16.051328435122,0.413119974952476,0.0658791589648798,0.997025184842883,0.72703904805915,0.235697614861712,0.350973435548108,0.413744917239868,0.425348503032874,0.402320186801534,0.367253278366058,0.0350669084354759,0.119008389388557,5643,0.0852996750056685,0.0828453578221509,0.0518368046319224
8,"Populus tremula",72,"l8nr072.tif",76114,1413.60930650349,26.253925315097,0.478647305632924,0.478647305632924,0.387055015305082,340.177092201254,397.591386200902,0.855594723647669,1.10231476141271,0.0129936673936464,0.56275908460225,0.83222900129021,311.305886079869,0.0114564994613343,0.494271750269333,0.505728249730667,-0.781252975254103,-3.74584706815623,-4.28267118299614,-5.22071429164164,9.98659241599895,7.194146463072,10.5719176752997,64.6532044039209,23.7861383783842,59,53,69,59.8333420921241,24.4157198474823,55,47,65,7.06804267283181,24.0849949951878,0,0,0,0.151662315581928,0.0221048164692562,0.153005464480874,0.144607843137255,0.160919540229885,0.94169513304669,0.1624784507443,1,1,1,0.254736110488549,0.0940654901296887,0.231372549019608,0.207843137254902,0.270588235294118,24.5458833658915,10.0995112533141,22.5298462811975,19.1966353385812,26.9233114852722,-4.46111117194431,3.22704927099617,-4.57549428207033,-6.43807988301537,-2.63578477394446,29.6697767535084,6.53941325612221,30.2533338914745,26.6105803486019,33.7012453604007,47.9454371074963,15.542814368044,0.46464874496986,0.0988517224163754,0.998226344693486,0.842381165094464,0.145750223044464,0.369266412916557,0.470374240940659,0.464370559519046,0.457939541588588,0.371056158554608,0.0868833830339795,0.0982480575696749,5703,0.0778747286059563,0.0699186116777826,0.0375791621698028
8,"Populus tremula",73,"l8nr073.tif",63828,1350.07020126009,28.5562691660473,0.440056456299981,0.440056456299981,0.142005473488051,368.257322968778,330.612695604414,1.11386322384125,1.03626650919544,0.0203202356332643,0.524252268102443,0.773466469547515,285.076013830269,0.0131290342796265,0.506564517139813,0.493435482860187,-0.768658605358033,-5.52135462557556,-3.87642760675558,-4.0093897037909,-7.97757275029154,-7.7581170028635,8.43184980116988,62.9469668484059,30.1853449817537,54,47,67,59.9873096446704,28.5165072249004,52,44,66,9.42852666541456,27.08534558149,0,0,1,0.156928028006054,0.0222957221193121,0.159090909090909,0.150326797385621,0.166666666666667,0.925612418670361,0.181164062390706,1,0.986666666666667,1,0.24995932696573,0.119303810406566,0.215686274509804,0.184313725490196,0.266666666666667,24.3257535375606,12.0554371455118,21.2032510672421,17.3828658560195,27.1015132494447,-5.37011278789787,3.69406981514606,-5.58903010347797,-7.48942728383156,-3.73364264608364,28.1479184233032,7.32580062017979,28.4801251188095,24.3026750321949,32.7938365939381,47.5991257755211,16.9568696718935,0.470521629692981,0.227470702513004,0.991524096008022,0.824606755655825,0.142076098581803,0.477292891517628,0.473810171034427,0.474079644577526,0.468543452796102,0.360927724940037,0.107615727856064,0.108554678544526,5055,0.0827792879834933,0.0745057041011377,0.0492495473947732
8,"Populus tremula",74,"l8nr074.tif",57812,1449.72705550958,36.3541917850358,0.345664970044301,0.345664970044301,0.301636572293399,462.155349500705,287.967468279043,1.60488735850146,1.03744446386825,0.0188023247768629,0.434396764013693,0.712347671796641,271.308909843059,0.019649899674808,0.490175050162596,0.509824949837404,-0.766451494864993,-4.17658585573323,-4.08348088048436,-3.87080091008626,-7.86450299975454,-5.96153269259993,8.41500110751248,57.2830208261245,25.3475187832673,52,44,60,48.0856396595847,28.3515978001154,42,33,54,8.35857607417231,25.2512375396565,0,0,3,0.13311931331574,0.0321829603528783,0.135658914728682,0.11965811965812,0.149425287356322,0.922174409142318,0.173874606773679,1,0.948275862068966,1,0.225509053687205,0.100733676390603,0.203921568627451,0.172549019607843,0.235294117647059,19.8213831164821,11.6053703671073,17.4816605307123,13.3871980890408,22.2527606091075,-0.726283502726426,4.57720288118745,-0.786008749740649,-3.63831736748503,2.15996824599479,23.4239447512571,7.20605417377438,24.2315241617222,19.1316302650261,28.1160530528342,30.5296824188746,17.9730896081035,0.424653685234258,0.05585345602989,0.998131875735142,0.898827233100394,0.241760262350397,0.446694597386908,0.411940507637432,0.43141033635517,0.434066812927808,0.377241420460279,0.0568253924675287,0.0751772791074977,3588,0.0654064203292196,0.0675776701329229,0.0391906045972795
8,"Populus tremula",75,"l8nr075.tif",52670,1310.71486220076,32.6176846400981,0.385262496495869,0.385262496495869,0.445450591899285,441.597905479194,261.722463146706,1.68727552144296,1.05108358044745,0.0181887222327701,0.455717089037044,0.735383433976753,258.962404262088,0.0114676286310993,0.49426618568445,0.50573381431555,-0.765553765316364,-3.44721346954922,-4.38625694160987,-3.97246100227744,-8.3069622733218,-5.7210028300725,-8.29780422241569,63.6137269793062,25.5580293232272,58,51,66,58.9759825327517,27.3065914869254,53,45,64,10.9556104044058,26.4761597733309,0,0,9,0.150836492537993,0.0214547791478333,0.152298850574713,0.141666666666667,0.162037037037037,0.892883364478293,0.185034760697826,1,0.863049747656813,1,0.251406575160917,0.102189719752084,0.227450980392157,0.2,0.262745098039216,24.12909444563,11.1573608279788,21.7776968149894,18.2230084545029,26.4193669832895,-4.17455238159712,3.6805637042369,-4.29881175327551,-6.46795683557492,-2.02781772501734,27.4719270700591,6.05875875497528,28.1160530528342,24.7491297826067,31.0918906806508,43.3826276817928,15.3647025193745,0.452083751950092,0.134915511676476,0.99933548509588,0.860356939434213,0.142238649577393,0.406471944022164,0.452765766924292,0.455851003353882,0.449955474955322,0.380912644685231,0.0690428302700904,0.07996799679968,3413,0.0682668266826683,0.060428180519084,0.0361004071466225
13,"Populus",1,"l13nr001.tif",40460,1262.8569978245,39.4169005673331,0.318806664996222,0.318806664996222,0.542781574260681,448.907930207651,243.670227584856,1.84227648431659,1.12552956884596,0.0291646070192783,0.369884499480514,0.665772607225426,226.969760056235,0.00069204152249135,0.500346020761246,0.499653979238754,-0.728746953148539,-2.98264000941897,-4.21892743747656,-3.42284868677968,-7.24613237469828,-4.91416869411358,8.2236011284557,57.9822787938704,31.4896996454987,53,42,65,56.1332921403852,32.5039754456327,51,39,65,7.49965397923861,24.9298018349587,0,0,1,0.156416775944351,0.0286884078441972,0.160606060606061,0.147540983606557,0.172222222222222,0.94056323100706,0.157404395760044,1,0.984375,1,0.233239510337007,0.124470063857907,0.211764705882353,0.168627450980392,0.258823529411765,22.4677614882026,13.3895498814595,20.6492966667161,15.1932835227839,26.2684044593111,-5.64507085619753,4.35109172750432,-5.94026066641662,-8.58442920681739,-3.01143823663901,26.6155531034201,9.77093172003482,27.8553893609315,21.4662181270892,32.6590981917626,46.7846515076624,22.4936584863891,0.468475854029118,0.327385071675729,0.996539792387543,0.86522491349481,0.183410043376638,0.533657711527531,0.463304806981806,0.476829386907442,0.470146940404853,0.417329236249737,0.0528177041551162,0.0956705385427666,3081,0.0813357972544879,0.10618078859693,0.0417502922396445
13,"Populus",2,"l13nr002.tif",39322,1341.28340469569,45.7515175146752,0.274665656944131,0.274665656944131,0.518373075088729,459.21974030572,244.27258940848,1.87994789516804,0.943956047843819,0.0307970093077666,0.350542204911292,0.63592331142,223.755056653645,0.00411983113778546,0.497940084431107,0.502059915568893,-0.718905726502764,-3.05598102777188,-3.52472524598106,-3.12126482359773,-6.44536143258323,-4.64937719536276,7.59218069335684,69.1916484410766,28.7349633548367,63,55,73,51.3911805096383,35.0561662134963,45,32,59,7.61970398250323,25.2821765336163,0,0,1,0.112741440375286,0.036729716278198,0.11864406779661,0.0972222222222222,0.136546184738956,0.944097085074919,0.153228596090225,1,0.988372093023256,1,0.271794066286298,0.113472922041651,0.247058823529412,0.215686274509804,0.286274509803922,22.3725062617556,13.6430603848865,19.9366597904187,14.8380361613859,25.4930699338283,3.58026846704276,7.02112117836504,3.52518370695518,-0.824143511916425,8.06648619559466,26.8195308501882,9.33605550194572,27.5676829567033,21.4603013280396,32.4874810417927,25.9710085956966,28.4461332455763,0.382083546362227,0.0234728650628147,0.985809470525406,0.810436905549057,0.325787180207626,0.417495948953597,0.350949672079534,0.406206060375912,0.404715383205174,0.415781599240173,-0.011066216034999,0.0819031482291211,2439,0.0666539134236992,0.10200461919558,0.0448387559199291
13,"Populus",3,"l13nr003.tif",46511,1435.67532368148,44.3156164139217,0.283565289874011,0.283565289874011,0.533289096922128,456.024834689232,256.255155698111,1.7795733063278,1.12389372181233,0.0320999333491002,0.398010537714993,0.673506328014133,243.350866990806,0.035066973404141,0.51753348670207,0.48246651329793,-0.724778713560331,-3.01054007048159,-3.1338141914874,-3.36296755729622,-6.69107928141714,-4.87789131332315,6.867591931507,79.6819892068541,25.7292542412139,74,66,84,69.4296833007244,29.2504387973842,65,54,76,20.0299714046146,28.3988873217773,9,0,30,0.137000172704815,0.0250316463897075,0.137254901960784,0.125603864734299,0.149659863945578,0.800152777785094,0.213425795672674,0.875,0.64367816091954,1,0.313249870049716,0.101972845493039,0.290196078431373,0.258823529411765,0.329411764705882,29.3199651279192,11.5281838961201,27.4222963641485,23.0643418473501,32.0717909715692,-1.60149224752683,4.62095241429025,-1.52635596923129,-4.41036413502097,1.0320225925608,29.2109179560414,6.66754233541054,29.8585744555065,25.6978267459637,33.1593019537212,39.1474059899813,18.4093293030095,0.416223191886172,0.0447636043086582,0.998838984326288,0.571714218141945,0.182712515705575,0.325531963193864,0.411525026604271,0.423632251211111,0.417077196617953,0.394059948196123,0.0230172484218297,0.0861202286134,3107,0.071315445176395,0.094545924240299,0.0402234503944965
13,"Populus",4,"l13nr004.tif",27996,1164.34732983262,48.4249430092994,0.259502021756556,0.259502021756556,0.79473991058393,467.916563223661,182.006765758581,2.57087455663225,1.4576165829238,0.0345763680525789,0.32873052546069,0.6162108622682,188.800461584196,0.0333619088441206,0.48331904557794,0.51668095442206,-0.655717411421036,-1.98295354547504,-2.98628651296105,-2.74119582750272,-5.62291421433359,-3.74062176484653,-6.15487952934696,70.7960422917564,31.9027273361342,64,53,78,68.6604514930706,33.5237407656694,62,49,79,13.3225103586225,30.4681945456225,0,0,9,0.157831040842691,0.0254589661612586,0.161616161616162,0.149122807017544,0.171736596736597,0.888524030342593,0.204718821723171,1,0.876712328767123,1,0.283220712202583,0.126129652443719,0.254901960784314,0.211764705882353,0.313725490196078,27.9344170227995,13.650638480287,25.4839102948487,20.037369975225,32.2277725187426,-6.19170406073117,4.54545224467549,-6.69137009505613,-9.26855445754676,-3.61906019877933,30.2395331493661,8.81206874222085,31.3048105085074,26.0130452715753,35.7249140730041,53.202350335762,22.2451799959911,0.461847070916719,0.339334190598657,0.99807115302186,0.704172024574939,0.161305189803114,0.445340494406214,0.463186154144308,0.458284948406425,0.471487272521242,0.406953605704044,0.0645336668171984,0.121756409257383,2360,0.0919504402711759,0.0910201673567779,0.038983111643866
13,"Populus",5,"l13nr005.tif",38386,1235.40115370178,39.759704334072,0.316057949243612,0.316057949243612,0.704613519768796,449.216782835397,208.881396240508,2.15058301467003,1.39333501395771,0.0264679831188455,0.409088361373967,0.707054706207405,221.075944336339,0.0487156775907883,0.524357838795394,0.475642161204606,-0.72244717657535,-2.40730876176637,-3.7927515231506,-3.61627174263793,-7.47338864110877,-4.83801567742654,7.46922803492991,70.900328244673,28.7564171410626,66,56,76,70.4827020267796,28.7587083567299,66,55,77,21.7035898504663,28.5965205215665,12,1,33,0.164408922115649,0.0185929600422671,0.163841807909605,0.154761904761905,0.174479166666667,0.765705761942855,0.229975663154864,0.825581395348837,0.584615384615385,0.984375,0.2843419220447,0.113131584126975,0.266666666666667,0.227450980392157,0.305882352941176,28.7032029464948,11.8566895008543,26.9786593918265,22.4408090672629,31.7540494200788,-6.74904201279775,3.15464851841774,-6.66613040405664,-8.69573395520788,-4.76419233444797,27.3872079962016,7.14192061823453,28.1402289396722,23.5970686036092,31.5859694506462,48.3614859584221,16.4073154581407,0.448667901269755,0.39579534205179,0.999140311571927,0.720366800395978,0.113089725848933,0.397871629042861,0.448103151873769,0.448035270488898,0.45535739902231,0.403236660377973,0.0521207386443372,0.104867034621174,3178,0.0885878352009812,0.0932299418313634,0.0376473834252313
13,"Populus",6,"l13nr006.tif",39114,1237.78593001263,39.1704762626485,0.320812300828265,0.320812300828265,0.460236598137577,426.338455561725,240.32812898244,1.77398483218282,0.964245444086503,0.02416014726185,0.381744789883014,0.679451769242795,223.162477923084,0.00224983381909291,0.498875083090454,0.501124916909546,-0.740107594102092,-3.33311415532856,-4.69233603701987,-3.58604022816454,-7.72827436237931,-5.25754127510735,8.65326167391182,69.696298000716,28.0099042185563,64,55,75,64.1611443472917,30.7274792225469,59,47,72,19.9000869253988,28.7300395037097,9,0,30,0.146731290639004,0.0246325488341184,0.148261065943993,0.134004688832055,0.161971830985915,0.783867712408802,0.227526052648188,0.865671641791045,0.605633802816901,1,0.275804862007185,0.111403728444347,0.254901960784314,0.215686274509804,0.298039215686275,26.5002123514105,12.4034792214511,24.5458246922632,19.5260337518938,29.8995350099377,-3.5106623224279,4.50621886878253,-3.59157233969212,-6.34699363311017,-0.914900686784598,25.823569131041,6.9965052789512,26.2360493679385,21.9212881984668,29.8735372636066,38.7259037684724,18.3532149338961,0.425745718965152,0.15776959656389,0.99959093930562,0.765071329958583,0.167875226606202,0.403922277619322,0.426201394930337,0.435580753394734,0.409613373319227,0.405012634532437,0.00460073878679018,0.102545891608392,3064,0.0836975524475524,0.0949583207559819,0.0354538917143013
13,"Populus",7,"l13nr007.tif",31271,1203.15851301466,46.2917849585766,0.271460057666905,0.271460057666905,0.746390174207195,468.079467746692,203.152289810592,2.30408167283324,1.31430178254081,0.0339931565987657,0.328851976536332,0.606285625654349,199.538151247859,0.0480637011927984,0.524031850596399,0.475968149403601,-0.664887520968631,-2.15638488267611,-2.67648001928242,-2.60291991862402,-5.25603281596878,-3.68839685633318,5.85390718682583,80.7351539765266,28.3494867267994,76,64,89,79.1628345751644,30.0545793071725,75,61,90,11.107767580186,28.9595589481091,0,0,3,0.160980131700599,0.018105743702567,0.164351851851852,0.154471544715447,0.171296296296296,0.916314586835711,0.184844518469092,1,0.967032967032967,1,0.322294476935028,0.112247729479396,0.301960784313725,0.254901960784314,0.356862745098039,32.3687821663616,12.0833731586227,30.9395037145767,25.2645648081405,36.9466434099381,-7.55361508112145,4.26957853492241,-8.18087956732699,-10.4917591508484,-5.21360560821155,35.8309238622827,8.08919590732294,37.1496505953919,32.0721722782546,40.9698267562284,66.4827475936168,22.4563923379975,0.47367000593983,0.37322119535672,0.999552300853826,0.482203958939593,0.112471914383629,0.348276924254422,0.480374445435438,0.465156771148291,0.47827566734719,0.417138010863353,0.0611376564838371,0.120226161157168,2534,0.0878976031079815,0.0692800262490395,0.0354999570255373
13,"Populus",8,"l13nr008.tif",34586,1275.73419818452,47.0565472855348,0.267048292729757,0.267048292729757,0.644371191981782,446.159370845974,216.749667754332,2.05840855706251,1.21516379299688,0.0356213496790609,0.357644769256496,0.650565242744014,209.848190114212,0.0476493378823802,0.52382466894119,0.47617533105881,-0.700106931441736,-2.56361052272971,-2.74535617626908,-3.0298496021051,-5.95566955889854,-4.37162501768052,6.31352932262937,70.2889319377808,28.7613460539776,64,55,75,58.253310588098,33.721310498324,53,40,66,11.9291042618387,28.0251462723032,0,0,9,0.128636381276083,0.0308252314235603,0.132768361581921,0.116666666666667,0.147342995169082,0.89478631136618,0.191437132129742,1,0.88235294117647,1,0.276463671688533,0.114002685164698,0.250980392156863,0.215686274509804,0.294117647058824,24.6124690146392,13.3498843746373,22.3434411058877,17.1634463140005,27.9975315218635,0.0388352431244198,5.87745617143252,-0.195592811222209,-3.5471012735829,3.42797482435656,27.4276959787997,8.43750815361931,28.3378684499037,23.134046671697,32.1842480374847,34.2885849765796,24.0245348504896,0.410543167429591,0.0481986931128202,0.997571271612791,0.774388480888221,0.239630739594358,0.412360452482069,0.40325993201546,0.417735433614422,0.41738459245717,0.399872721637022,0.0175118708201483,0.0901013640345389,2383,0.0745526216994118,0.0999303322208361,0.0415924322797132
13,"Populus",9,"l13nr009.tif",28337,1247.90367901872,54.9551325866697,0.228666004845694,0.228666004845694,0.731485052590523,465.751822148549,194.907261420642,2.38960733814519,1.2416511940897,0.037724529766736,0.312155713311019,0.573687353855186,189.946805656637,0.0277728764512828,0.486113561774359,0.513886438225641,-0.662375453626054,-2.19956260236846,-2.56424145636797,-2.41553114702833,-4.90817312583539,-3.51928261454974,-5.85505682369174,69.8846031690019,29.8020280932566,63,55,71,60.6654903483079,33.0189137527016,54,44,65,14.6131206549737,29.3724811153392,3,0,15,0.136618209052644,0.0262299718862769,0.138364779874214,0.125,0.151515151515152,0.859807890712992,0.200303450232755,0.96078431372549,0.785714285714286,1,0.275232201784268,0.117958976754943,0.247058823529412,0.219607843137255,0.282352941176471,25.3202385507728,13.1906541263277,22.5671429257328,18.4410551774264,27.326128653247,-1.56528788086316,4.9341788200518,-1.54799279846368,-4.57678415330992,1.36573901235912,27.1377311348886,7.24389514234419,27.4789426725144,23.7007233824531,30.9272015427256,36.83325687264,20.0754621140091,0.422540552671447,0.0701203373681053,0.998482549317147,0.821505452235593,0.191994697311358,0.428579852072765,0.41538395524147,0.434145638897968,0.421689104546499,0.400643090520372,0.0210460140261266,0.0932994062765055,2024,0.0780322307039864,0.0959372517159398,0.0382772366996146
13,"Populus",10,"l13nr010.tif",25095,1143.13412639702,52.0723503061757,0.241325205036286,0.241325205036286,0.816747381000025,466.696017409554,171.775715163279,2.71689171525756,1.4216519330724,0.0411237298266587,0.313033876835244,0.580036750684742,178.751073773359,0.0350268977884041,0.517513448894202,0.482486551105798,-0.622325301039309,-1.8459101901093,-2.1877837108294,-2.12930913998422,-4.28806179695295,-3.05313226236496,5.79915826534407,77.3536561067937,30.5669093778577,71,61,84,76.3002988643161,31.563088229848,71,59,85,13.162343096234,30.8356752871804,0,0,7,0.162158499031762,0.018664449011583,0.16421568627451,0.155555555555556,0.171943748259538,0.89545839139867,0.202805957575738,1,0.909090909090909,1,0.309154936730619,0.1206659878372,0.282352941176471,0.243137254901961,0.341176470588235,31.1017669284287,12.7605570532272,28.9014759070065,24.0621598029224,34.9226051798913,-7.46385136543962,3.78974102448246,-7.78893806923867,-9.95825647050075,-5.38511905355718,33.7380302183342,8.07079060585197,34.823973188554,30.2071026860203,38.5060016849248,62.084598525603,20.7443203557889,0.471379517698364,0.37652918908149,0.99872484558677,0.589041641761307,0.115100034891339,0.390309107539929,0.479562089054063,0.461582303411903,0.474899222717681,0.413177940840178,0.0617212818775029,0.118359289317833,2153,0.0944505373985523,0.0765921940298638,0.032776084575939
13,"Populus",11,"l13nr011.tif",26176,1171.21738751771,52.404881143941,0.239793895912921,0.239793895912921,0.812550327670539,466.281650480059,177.711757045542,2.62380867890787,1.50483934775743,0.0395400366748166,0.315892122675615,0.587281110126426,182.560451146977,0.074877750611247,0.462561124694377,0.537438875305624,-0.629559127907581,-1.87377246527304,-2.64166484822489,-2.5217027549731,-5.11758597998569,-3.47084765987909,5.70268938469364,90.8739685207813,28.4020199331103,86,73,102,96.352307457212,26.6857684836988,92,79,108,14.3419926650365,30.3186480494777,0,0,13,0.177579733110794,0.0128515832572528,0.17843137254902,0.172413793103448,0.183908045977011,0.89478530933971,0.193486834520984,1,0.878260869565217,1,0.379578359461143,0.107065976867307,0.36078431372549,0.309803921568627,0.427450980392157,38.8410867884366,10.8363035173904,37.230549409778,31.8710455203649,43.7874380547322,-12.3919774600587,3.03128119621633,-12.6649291161147,-14.3273939795757,-10.8349336076695,40.670507574419,7.12306876430283,41.4784152444939,37.4350263698481,45.1252440976028,87.4886537286058,19.46811821284,0.49458343324833,0.861476161369193,0.999235941320293,0.206983496332518,0.0723707765506315,0.282065544350934,0.505054464548937,0.485207576816502,0.496323460321995,0.413226938875344,0.0830965214466505,0.11702932033941,2240,0.0940939259010334,0.0716355655768038,0.031772457451411
13,"Populus",12,"l13nr012.tif",21451,1141.44278426212,60.7380369094246,0.206894579637118,0.206894579637118,0.878327598785924,466.445996139775,157.366051915725,2.96408272598446,1.48868527333299,0.0533308470467577,0.292236948369288,0.554776806496664,165.264217161834,0.0624213323388187,0.531210666169409,0.468789333830591,-0.541991213124215,-1.48813535613919,-1.56198844240464,-1.5862734054916,-3.16081622254178,-2.33727138632694,-4.52159514179336,86.7918045778731,36.0516349455777,79,63,102,88.9374854319131,36.4075078504032,83,64,107,20.6146566593634,35.0180058592241,2,0,29,0.169879064918786,0.0184381870025136,0.172514619883041,0.163265306122449,0.17989417989418,0.840221044251695,0.223921127701967,0.977011494252874,0.705195681511471,1,0.35393898177424,0.141610029611865,0.329411764705882,0.258823529411765,0.419607843137255,35.9567525224118,14.727777293291,33.8233010918324,26.0588881327734,43.3999767605043,-9.70276807833318,4.09050761615183,-10.2016709879734,-12.5441108669913,-7.38202990981196,35.377862329383,9.35315080764155,36.1690846268629,30.30403132723,41.6965262174889,70.4685096265917,24.7523655983774,0.470725521771464,0.635401612978416,0.999533821267074,0.405389026152627,0.108537134359618,0.400097295024977,0.4834730792755,0.460138583553046,0.471123802863436,0.403231899514642,0.067891903348794,0.121421107628004,1740,0.0909090909090909,0.0778321349008172,0.0385651436335856
13,"Populus",13,"l13nr013.tif",33381,1203.92806563636,43.4211913132294,0.289406398910352,0.289406398910352,0.781849556913684,449.685217853921,196.365364557469,2.29004345479833,1.50347775549967,0.0340912495131961,0.378029631542357,0.695531686582558,206.160154352883,0.0401126389263353,0.479943680536832,0.520056319463168,-0.681465298375402,-2.07566173946647,-3.04893686418715,-3.45338616098839,-6.74670116449536,-4.62303719885701,7.08124395219239,72.5595398580028,30.6337801708081,67,55,80,70.3032263862679,31.7594278367298,65,52,79,19.3878254096647,30.8889743458242,4,0,29,0.1575762873911,0.0221997085814353,0.159649122807018,0.148809523809524,0.169590643274854,0.81098654778511,0.232362464921809,0.933333333333333,0.643835616438356,1,0.288810412874296,0.121161344235017,0.266666666666667,0.219607843137255,0.32156862745098,28.7271362467252,12.9833449168437,26.8431739704933,21.2309066810804,32.7876801778283,-5.90433304434727,3.78056986773036,-6.05307429115162,-8.37314925876056,-3.68211319407991,28.4439813554667,7.82730814311791,29.3710501491897,24.281473118572,33.2979562542628,48.6590875048682,18.8752966842718,0.447547325374844,0.278931128486265,0.999071328000959,0.679098888589317,0.140882291416436,0.419518612953312,0.455728218137049,0.441979756912406,0.443181454079395,0.392746113205534,0.0504353408738613,0.09232012934519,2398,0.0775424413904608,0.095105522335575,0.0410540028331888
13,"Populus",14,"l13nr014.tif",41091,1371.75144212723,45.7935318920961,0.274413658329946,0.274413658329946,0.529307003369588,453.302041981557,242.025048069194,1.87295507468284,0.910635814045257,0.0333406342021367,0.374540443154157,0.644529319958904,228.732783248735,0.023971185904456,0.511985592952228,0.488014407047772,-0.719256301560052,-3.01465515145697,-3.03779078111893,-3.1082044123541,-6.21776535332048,-4.61593728000406,6.58608142103569,71.4946095251999,28.0120943337168,66,58,75,60.6235428682681,31.4522261637448,55,44,67,12.0720109026308,27.0422246826834,1,0,10,0.133585400377261,0.0252213996624153,0.135714285714286,0.12280701754386,0.148809523809524,0.890960715909537,0.186398158539414,0.986486486486487,0.861111111111111,1,0.281157411980391,0.110744864233988,0.258823529411765,0.227450980392157,0.294117647058824,25.5159759965462,12.5418384660944,23.192144779462,18.774063670668,28.287516457978,-0.880408905997463,5.08990189954785,-0.881588141783379,-4.0713331418338,2.04406046756087,28.5498596378415,7.41641505289945,29.3173486683175,25.0801779771673,32.5765994986376,37.6804653087048,20.6410588400651,0.422269970999428,0.0476503370567764,0.998418145092599,0.777980579688983,0.188803562383191,0.393889184923293,0.416038564517209,0.428653273404879,0.428624952973247,0.395874733405108,0.0327502195681391,0.0958102601609027,3136,0.081914115557413,0.094180738274008,0.0396611776343142
13,"Populus",15,"l13nr015.tif",37136,1330.57272657703,47.6740569988863,0.263589285356032,0.263589285356032,0.434342052837412,457.613643447894,243.465824311715,1.87958061358953,0.980994181641804,0.0330676432572167,0.333317527562871,0.600930458351875,217.446599728037,0.00856311934510987,0.504281559672555,0.495718440327445,-0.712639622072706,-3.38995502886057,-3.19703755657919,-2.94786687206998,-6.02188164861156,-4.64285331324755,-7.09255839742634,69.70801917277,29.4938748034064,64,55,72,62.3911029728573,32.0547824550321,57,46,68,14.9789961223618,28.4365550487363,3,0,18,0.142147493885143,0.0263861535570002,0.144654088050314,0.131205673758865,0.157407407407407,0.852398033543171,0.201054931104077,0.955140030186148,0.753424657534247,1,0.274969270344932,0.116834402165232,0.250980392156863,0.215686274509804,0.286274509803922,25.8663232822984,12.8689418054573,23.6257415702971,19.1436223614666,28.2597432543177,-2.77492742164387,4.78835448191241,-2.9205308697686,-5.83473036497417,-0.110163386391332,27.5409271895145,7.18422607269966,28.0349574282754,23.9309479164524,31.559720248456,40.0951906505813,19.7974505113591,0.430244444597259,0.0984220163722533,0.998922878069798,0.807814519603619,0.18562517459995,0.424899850058774,0.419711978463027,0.439395984124825,0.438636920122304,0.393567970509846,0.0450689496124575,0.0969728661902272,2794,0.0811690198129103,0.093724787448329,0.0373544249481731
13,"Populus",16,"l13nr016.tif",35403,1282.75649276111,46.4781012829641,0.270371858304918,0.270371858304918,0.65270952729988,454.002531899488,220.147010019741,2.06226980715649,1.23698721079564,0.032680846255967,0.354216672402201,0.645139540604813,212.312269080849,0.0113267237239782,0.505663361861989,0.494336638138011,-0.709013799978147,-2.5531408436664,-4.05857886963724,-3.24721025384492,-6.90010919150699,-4.52445053521927,9.24794942550354,67.1761432646945,30.4446983181991,60,51,71,62.8870717170857,32.4937815959033,56,45,69,13.517413778494,28.64898440623,1,0,13,0.150930319145532,0.0235954498153345,0.153256704980843,0.140350877192982,0.164529914529915,0.873323417004107,0.197304072614861,0.981132075471698,0.816666666666667,1,0.26668461130745,0.120917900521906,0.23921568627451,0.203921568627451,0.282352941176471,25.701887091111,13.1735943127514,23.1485999505484,18.525269861798,28.4125803652147,-4.53446767130783,4.41023832000667,-4.60232250187753,-7.38326338911928,-1.86096647807107,27.9086525606712,7.59851684471474,28.4779130465863,24.2936325964637,32.1846790481944,45.0805863909836,19.7983272273929,0.448011856501032,0.19744089483942,0.999350337542016,0.80995960794283,0.156333398038134,0.453411614099821,0.446474348529781,0.457151909018457,0.437483580162678,0.412916770502754,0.0245668096599236,0.0922814186819554,2501,0.0762709279985362,0.100355018736261,0.0423999171877449
13,"Populus",17,"l13nr017.tif",33507,1293.44278426212,49.9296933822709,0.251681309519542,0.251681309519542,0.690178327959201,467.760206290041,210.308999713281,2.22415686883467,1.27740628146223,0.0332467842540365,0.340607663805228,0.613484688973314,206.548874181006,0.0147133434804668,0.492643328259767,0.507356671740233,-0.691086017760391,-2.39209940471892,-3.10048494502577,-2.86858775764494,-5.87816362794772,-4.08256349876502,-6.33458774314661,73.4584713641922,28.8083515234464,67,59,77,66.4451607126864,31.3499701535421,60,50,73,16.7937744351923,29.2647933824576,4,0,22,0.144338325768838,0.0224515429908693,0.145833333333333,0.134502923976608,0.156716417910448,0.83640962136755,0.210008640731796,0.941176470588235,0.714285714285714,1,0.289344632113746,0.113984926874286,0.262745098039216,0.231372549019608,0.305882352941176,27.5970131267668,12.5568788824664,25.2409778158192,20.8025856965828,30.2446218461196,-3.21537555051639,4.30121402189988,-3.24191647850408,-5.85293370284409,-0.786236863295292,28.6787303015423,6.9113406957863,29.178073856777,25.2523353622973,32.5673772438405,42.6380756259879,18.5659307466601,0.432330293284231,0.0850866983018474,0.999104664696929,0.733518369295968,0.155548034215652,0.393941735319752,0.435922285549998,0.430994558248169,0.429749521415972,0.396650061751304,0.0330994596646674,0.0959130181535773,2394,0.0774682069701971,0.090581052460201,0.0375890347860912
13,"Populus",18,"l13nr018.tif",29084,1227.35952314144,51.7951932005906,0.242616540992377,0.242616540992377,0.724530123150019,455.677911666051,197.539665809488,2.30676664253101,1.29013900909723,0.0348301471599505,0.323103635001111,0.599589745704184,192.434141770834,0.0188419749690551,0.509420987484528,0.490579012515472,-0.678812948876888,-2.2550171881149,-3.0659814815054,-2.74672689939775,-5.65723841948034,-3.87460876930164,-6.51412636577046,68.3142277540921,28.6752799481913,62,54,71,66.0520217301616,30.1045207231703,61,51,71,16.9995874020073,27.7301046559062,6,0,22,0.157512587335276,0.020077172498946,0.159090909090909,0.148148148148148,0.169540229885057,0.817363471598931,0.206536814577149,0.898550724637681,0.688524590163935,1,0.27206590241653,0.114003527754528,0.247058823529412,0.215686274509804,0.282352941176471,26.9367407389937,12.2008011359071,24.8513631684808,20.7435358615707,29.0074645987273,-5.70241412686545,3.72838658917118,-5.70149662352387,-8.01239317271598,-3.46327491836387,27.7579921913885,6.97294184773541,28.0969089897618,24.3193150757523,31.4103577928043,46.7902283042215,17.9538746455511,0.447733299012183,0.268876358135057,0.999312336679961,0.81285242745152,0.127463923430744,0.419029089359977,0.449601910304016,0.447625270838666,0.446014463143307,0.425897306469975,0.0201171566733321,0.107419753548822,2313,0.0866324581444998,0.0904518273332769,0.0348488183062451
13,"Populus",19,"l13nr019.tif",36842,1282.4133470106,44.6388359098564,0.281512059134689,0.281512059134689,0.533195820849826,433.969515618648,235.124151916312,1.84570369348152,0.960156707063002,0.0335215243472125,0.36106611474581,0.652521209330334,216.584143711244,0.0291515118614625,0.485424244069269,0.514575755930731,-0.719008586644514,-2.99935405086346,-3.38212715752476,-3.20702531680713,-6.58629411304346,-4.70672224279135,6.74702776645631,70.408256880733,29.0808173723197,64,56,74,65.7965637044668,31.5794153366502,60,49,72,16.1455404158282,27.8829832209411,4,0,21,0.150487581898648,0.0231259181709271,0.152298850574713,0.139880952380952,0.163888888888889,0.837279590868223,0.206539568317817,0.940298507462687,0.716417910447761,1,0.279110158802134,0.115914231675109,0.250980392156863,0.219607843137255,0.294117647058824,27.0443217005059,12.6687522163017,24.6350697522176,20.3190919281008,29.8247839890276,-4.46893761109416,4.44111814096957,-4.45208587168908,-7.23939296651633,-1.88229423760209,28.3000703570012,7.13678283622999,28.7522185024204,24.6850049489584,32.2365682119584,45.0393301123718,19.3541017582851,0.440705198362326,0.180581944519841,0.99940285543673,0.769257912165463,0.153673264766982,0.415299220054485,0.439811113724245,0.444762776468003,0.439966769268628,0.400429688762609,0.0395370805060188,0.100309724170173,2978,0.0870149602618046,0.0960270772339742,0.0387144770189089
13,"Populus",20,"l13nr020.tif",35130,1272.75649276111,46.1118442888003,0.272519366947362,0.272519366947362,0.634791566597535,457.495459466198,225.148881540005,2.03196860822472,1.1737128522826,0.0315115286080273,0.34105275945535,0.62963759544037,211.49209253905,0,0.5,0.5,-0.705709716435915,-2.60752624573116,-3.56316761897371,-3.05730924959414,-6.37033161893821,-4.36132149504968,-7.31498577187232,66.4830059777974,29.5965990735763,60,51,70,62.4123256475951,31.1839171598153,57,46,68,13.8089951608306,27.470057690176,2,0,15,0.151828674308615,0.0231137082452447,0.15359477124183,0.141666666666667,0.164285714285714,0.863123959494448,0.199635260922743,0.96875,0.785714285714286,1,0.263666716900254,0.117153847846074,0.23921568627451,0.203921568627451,0.27843137254902,25.505085968683,12.6793025355381,23.2496150646183,18.7481957157842,28.1904392888085,-4.61639722139437,4.07882270982343,-4.66691836758004,-7.25736400000563,-2.1679300097347,27.5818350458857,7.35938976804121,28.1402289396722,24.063839949714,31.5911916187443,44.5326501565618,18.557137756983,0.447979541194572,0.190947907771136,0.999003700540848,0.820580700256191,0.152235460121499,0.444325505998803,0.447780946001904,0.449310010281165,0.450505269965482,0.403023951034566,0.0474813189309162,0.0952731963512393,2588,0.0794864707147025,0.0977224023247003,0.0406705702865015
13,"Populus",21,"l13nr021.tif",34910,1248.18795026618,44.6282772612345,0.281578662353492,0.281578662353492,0.640304224710838,460.536120598178,221.143199229459,2.08252445565972,1.15775144664096,0.0325694643368662,0.342777701571846,0.619718809912661,210.828822760799,0.0092237181323403,0.49538814093383,0.50461185906617,-0.702026834803406,-2.58130818490405,-2.95743297401258,-2.79743676587206,-5.67847097430846,-4.08896953377038,6.5669346314526,71.7398739616144,29.1333265771266,66,56,77,71.4617588083648,29.6093582846135,66,55,78,21.887109710685,30.6856721580359,10,0,33,0.164463515567946,0.018874277226606,0.166666666666667,0.155038759689922,0.175,0.770858544638508,0.23892761278084,0.851851851851852,0.58252427184466,1,0.2881117270741,0.114734144613677,0.266666666666667,0.227450980392157,0.309803921568627,29.0948054138381,12.1059179666561,27.0497045277147,22.4484644650505,32.0179571552832,-6.85666301777842,3.38680573267351,-6.84123083430535,-8.98987866712248,-4.74248605557645,27.7263436089911,7.22567859968049,28.4801251188095,23.7193062382863,32.0742054531388,49.2965339444286,17.4011963705324,0.450229019180473,0.41707247207104,0.99954167860212,0.708851331996563,0.11476270008375,0.398227956149596,0.458609129372297,0.441155791517527,0.450707418169444,0.411398623219734,0.0393087949497104,0.0983631871525633,2509,0.0774861025324274,0.0848000281258715,0.0362545115518213
13,"Populus",22,"l13nr022.tif",37733,1231.48441482247,40.1917118689378,0.312660745960191,0.312660745960191,0.567353918882337,439.077253174801,231.396222799062,1.89751262083514,1.1529983129742,0.0266875149073755,0.371384805548817,0.670636013827547,219.187471680048,0.0118993984045795,0.49405030079771,0.50594969920229,-0.729034125701273,-2.89229262326743,-4.09845738657053,-3.39012841578204,-7.13596586794515,-4.83685770340285,8.20916916787383,68.9634802427577,28.9860560776326,63,54,73,64.329896907217,31.1372832846621,59,48,71,12.9042217687435,26.6870285788371,2,0,13,0.150487238915261,0.0241915521357043,0.153256704980843,0.14,0.164414414414414,0.876612313568135,0.186207397025122,0.975609756097561,0.81578947368421,1,0.273677017516782,0.115208298954806,0.250980392156863,0.215686274509804,0.290196078431373,26.3997525178796,12.5424607611455,24.2846311754511,19.6464070367936,29.305708706163,-4.55789953076098,4.64527611746892,-4.74165151955819,-7.65729019170477,-1.8584685476575,29.0552661684258,7.33727048211562,29.5388913508501,25.4293827170333,33.2873321918602,46.7920918029304,20.161337724916,0.44766453570693,0.194021148596719,0.999072429968463,0.791720774918506,0.160754839741406,0.420964462340272,0.438292227424578,0.454332285944443,0.4613334925994,0.395981823387661,0.0653516692117398,0.107525050384626,3174,0.090096227539811,0.0921543615157369,0.034621423209486
13,"Populus",23,"l13nr023.tif",32665,1236.57272657703,46.8119426944485,0.268443689602514,0.268443689602514,0.614734045098777,438.135422549182,213.508366642137,2.0520761290987,1.12972799668697,0.0360630644420634,0.349188070093126,0.62462950568888,203.937171032586,0.0264197152915965,0.513209857645798,0.486790142354202,-0.704958953856074,-2.67532519280527,-2.91381835581654,-2.83925947261656,-5.73179560286272,-4.17718243861465,-6.29010284534174,72.8288075922249,29.2592212732037,66,58,75,61.1954385427837,33.5971802639111,55,43,68,9.87509566814597,27.0876790859594,0,0,3,0.132930348675872,0.0292963956362113,0.136363636363636,0.119791666666667,0.152083333333333,0.922771277213424,0.169676795624973,1,0.955223880597015,1,0.286745962429056,0.115944117370723,0.258823529411765,0.227450980392157,0.294117647058824,25.8226258928789,13.2084023916294,23.1551363813533,18.7419719823857,28.4828479556096,-0.619040513197567,6.24952138627864,-0.865588821861815,-4.89624825100174,3.13344857040951,29.8655686975836,7.88483201372956,30.5190120077404,25.8865314414218,34.2952083791964,39.6869738251963,24.5208081321239,0.424223607380128,0.0646257462115414,0.997122302158273,0.773580284708403,0.220389066211333,0.404344375014745,0.406692688114512,0.44014929112298,0.433959775808639,0.403824983342416,0.0301347924662226,0.0894557033400776,2244,0.074430329364158,0.0945175863991237,0.0428531195154117
13,"Populus",24,"l13nr024.tif",32995,1263.21738751771,48.3624236437963,0.259837486783422,0.259837486783422,0.696182875486056,464.985209457981,209.003016447991,2.22477750493945,1.28027011914379,0.0305803909683285,0.339513024729553,0.622470829049268,204.964725693317,0.0116684346113047,0.494165782694348,0.505834217305652,-0.694115529964376,-2.3783518152059,-3.48122180231427,-2.99791133674185,-6.26292021013084,-4.19549147493535,-6.71567380529395,70.9449613577813,27.1140023450734,65,57,74,59.763752083648,31.2930164368974,54,43,67,9.88455826640396,25.620550320557,0,0,5,0.133301699044201,0.0280813502231233,0.136363636363636,0.122222222222222,0.15,0.915163911595036,0.171577380292634,1,0.929577464788732,1,0.279177415472933,0.107404293746631,0.254901960784314,0.223529411764706,0.290196078431373,25.1875862531116,12.3848027130757,22.9348189173705,18.5670938370548,28.0966011255951,-0.754205780646328,5.68178072753611,-0.922267082762163,-4.23197234355407,2.39111384360532,29.1451921448659,7.72388766219231,29.8386306835715,25.4628768430354,33.4404118423495,38.6979845431128,22.9416818890062,0.424079979640483,0.0559478708895287,0.99693893014093,0.784573420215184,0.21066010571367,0.384716984287459,0.413636596544159,0.434598087318159,0.430237468159782,0.416934242015916,0.0133032261438661,0.0956142651107906,2319,0.0760128490887636,0.0966764729273084,0.041067201772166
13,"Populus",25,"l13nr025.tif",35770,1194.04581464245,39.8586918497388,0.315273031581982,0.315273031581982,0.584129407838245,416.167187378006,221.055817570077,1.882633951699,1.19681945754317,0.0276488677662846,0.388820501408962,0.690987414640743,213.409883827288,0.00296337713167459,0.501481688565837,0.498518311434163,-0.737050353518052,-2.84764872366968,-5.78636655920084,-3.78013098356218,8.62644497260389,-5.20422886823168,8.86263195019523,67.5189823874754,28.2363417478619,62,53,72,61.8271456527825,30.698706581005,57,45,69,13.0051160190109,26.0095155587161,1,0,15,0.147336705673257,0.0257237553626654,0.15,0.135658914728682,0.162878787878788,0.870552711670367,0.192410779832594,0.980769230769231,0.797101449275362,1,0.267533753227319,0.111918617298691,0.247058823529412,0.207843137254902,0.286274509803922,25.4510031714955,12.3797960596206,23.5684262448095,18.7155303080524,28.6330229023792,-3.73249490918044,4.85163090721482,-3.93755144944094,-6.9275168921162,-0.933584252442693,27.9147062295138,7.51457081356253,28.5444624254907,24.1063734000573,32.0721722782546,43.1301928990772,20.2690261868537,0.441121290176156,0.162510483645513,0.999384959463237,0.80922560805144,0.17459162718841,0.418334567247151,0.434786696190017,0.454119596237196,0.435756741809707,0.410130438859935,0.025626302949772,0.0945439275323195,2735,0.082036053870842,0.100758116967639,0.0393962953916629
13,"Populus",26,"l13nr026.tif",37852,1293.86919113332,44.2274512248753,0.284130562949812,0.284130562949812,0.599425731856889,447.530428860301,233.241501410568,1.91874270296575,1.1363773848677,0.035850153228363,0.362627247479652,0.640425009940021,219.532829543363,0.022455880798901,0.48877205960055,0.51122794039945,-0.710189967812311,-2.73949082948493,-3.19153982819344,-3.09987444038062,-6.28512684418519,-4.48812673940695,6.63488410958816,72.3909700940508,28.3461130959305,67,58,77,65.3054263975475,31.1348779203017,60,49,73,18.2958099968291,28.1059388937743,6,0,27,0.14282489100036,0.0277893761072665,0.145061728395062,0.131944444444444,0.157575757575758,0.810508297808609,0.216810997566763,0.904761904761905,0.657534246575343,1,0.28547355748809,0.112354694229901,0.262745098039216,0.227450980392157,0.301960784313725,27.1440695660397,12.505735602679,25.1857429484067,20.4224677343672,30.2597267995932,-2.9565961140047,4.63788396415459,-3.06319008890288,-5.93174548681639,-0.373184104830546,27.3730219163291,7.51781662727262,27.9519885924487,23.5595100359677,31.4834217820258,39.9240727042159,19.8258819133536,0.42423019504003,0.101632674627497,0.998335622952552,0.740911972947268,0.19456955799551,0.393573032910466,0.418256097829174,0.437871682479682,0.417370391205348,0.409312198112357,0.0080581930929905,0.0933621154883972,2738,0.0777686255574176,0.0998379052053422,0.0421932583555029
13,"Populus",27,"l13nr027.tif",42067,1346.21233688382,43.0809816715764,0.291691835394041,0.291691835394041,0.465275701863993,441.194692129992,249.100625589329,1.7711504781901,0.911822344716677,0.03149737323793,0.382768723946647,0.686191990865345,231.433290449698,0.0324957805405662,0.483752109729717,0.516247890270283,-0.73477881980667,-3.30127139532219,-3.38671349540035,-3.56266106197937,-7.18368853539337,-5.21594352162837,7.19211998102116,74.3219388118972,27.4652354277633,68,61,77,67.6918249459171,29.9614503817216,61,53,72,19.1456486081721,27.41866886874,9,1,27,0.14522448840085,0.0218643484347919,0.145833333333333,0.133928571428571,0.15819209039548,0.798537890167695,0.204858761192871,0.864406779661017,0.648936170212766,0.983606557377049,0.293215538051578,0.109225508413876,0.266666666666667,0.23921568627451,0.301960784313725,28.1416340000361,11.9200540701494,25.6791616740633,22.0044855896381,30.2273228008832,-3.41405588416566,4.34875986556917,-3.24661930970169,-6.05383893018469,-0.842464992688599,28.2993374917232,6.38623377519466,28.6006351068142,24.9274322831832,31.6939085354317,41.916062471772,18.133396244204,0.427715035292031,0.111393729051275,0.999453253143794,0.736254070886919,0.150555519423736,0.372509276852011,0.418538906681559,0.43117287655567,0.437297198526623,0.413348799175378,0.0239483993512456,0.0771637122002086,2730,0.0694320811821257,0.0822943787103423,0.0390968324757443
13,"Populus",28,"l13nr028.tif",30591,1207.03362133363,47.6261045088353,0.263854681040057,0.263854681040057,0.710765067745184,454.628582234316,202.484037895635,2.24525640124108,1.25297720588691,0.0374946879801249,0.332312092486842,0.603998223011995,197.356709825112,0.0699225262332058,0.465038736883397,0.534961263116603,-0.67616429126671,-2.29459802469481,-2.64319358624649,-2.61298959912503,-5.25759253847102,-3.76693467920214,5.80877046589298,66.1377856232228,30.6786251268387,59,51,68,60.061946324082,33.5185143062523,53,43,65,8.31492922755068,26.4580456236353,0,0,1,0.145894578936033,0.0265039972145987,0.149425287356322,0.134615384615385,0.161971830985915,0.939163839444151,0.159470863064745,1,0.984126984126984,1,0.262020419949222,0.121968291411265,0.231372549019608,0.2,0.270588235294118,24.6254154274183,13.4309010022955,21.875843133103,17.5399084131807,26.843803306267,-3.62228750551857,5.17397601670201,-3.74189805313585,-7.09615898189361,-0.463595350157914,29.0404831760201,8.37452924957037,29.5388913508501,24.6881140001103,33.6585478327902,45.6711777973921,23.1862897691992,0.450963902875188,0.154489882645222,0.999248144879213,0.847569546598673,0.181665399949877,0.465491548213723,0.447132246717711,0.457535573541671,0.451312626107608,0.424308987052632,0.0270036390549763,0.0933745645837776,2165,0.0769531527688917,0.0929450976345158,0.0389814304949448
13,"Populus",29,"l13nr029.tif",37345,1227.44278426212,40.3431728112773,0.311486919314547,0.311486919314547,0.525496061289552,427.846262125381,230.053627447557,1.85976751104658,1.09369574809098,0.0277681081804794,0.379415995575521,0.664732424951718,218.05763182731,0.00115142589369394,0.500575712946847,0.499424287053153,-0.731122409462853,-3.052967864179,-3.82700808640962,-3.35086766864507,-6.93981878404816,-4.88392470824716,9.04728017259422,64.4703976435936,29.3989751677056,58,50,68,56.7493372606776,32.8374505950362,51,39,64,8.83191859686688,25.1164234025197,0,0,4,0.139607648607344,0.0307116257618866,0.144230769230769,0.126811594202899,0.158914728682171,0.925483338050079,0.161018234338804,1,0.946236559139785,1,0.254971266857259,0.117064396062049,0.227450980392157,0.196078431372549,0.270588235294118,23.407977261347,13.1577839676104,21.1230920981633,16.2321247931608,26.4837914693081,-2.39011389091036,5.63462485740941,-2.62785661085732,-6.20426126964538,1.02621744500558,27.4002835175576,8.52685723442681,28.0709531055786,22.7825710748934,32.2619259111852,40.1963582808941,23.9152501517831,0.435562007291033,0.12395233632347,0.998607577989021,0.851144731557103,0.219985264763536,0.459127795244702,0.420399370781507,0.45359495583154,0.441502903093782,0.406995467906002,0.0345074351877804,0.100192291134518,2984,0.0856413052837012,0.100020780339463,0.0374242028329396
13,"Populus",30,"l13nr030.tif",36750,1266.35447250755,43.6368340146908,0.287976222338416,0.287976222338416,0.477986185075108,432.044606854743,235.23830398437,1.83662524145493,0.9310730973799,0.0309931972789116,0.361593583733335,0.647149460708783,216.313553132986,0.0104489795918367,0.505224489795918,0.494775510204082,-0.730452703859972,-3.23994066279706,-3.63120246163264,-3.31929001128045,-6.82685319041125,-4.93982472845412,7.22415638119821,69.3399183673473,29.079174743438,64,55,73,64.1715102040825,30.6019555868239,59,48,71,16.2087619047616,26.6001452332974,5,0,22,0.148590918600693,0.0244680380643168,0.150922148563658,0.135754740995291,0.163841807909605,0.829806378997435,0.200137705890798,0.919354838709677,0.697368421052632,1,0.275064372415632,0.115183193206502,0.250980392156863,0.215686274509804,0.290196078431373,26.428144113493,12.3857768020648,24.4387146001896,19.8647742025487,29.2252670331178,-4.05535188612849,4.63196023888678,-4.20574730459236,-7.15104134999571,-1.17420872467615,27.5907231511406,7.09052937470411,27.9268964801771,23.9024870682531,31.5495873046001,42.794340136055,19.2651408913081,0.436837492360717,0.189278911564626,0.999292517006803,0.798394557823129,0.164667115124326,0.418749952151951,0.425023842356392,0.448317461542828,0.447609687447094,0.391953391525839,0.0556562959212544,0.106912900959963,3004,0.0879185202528682,0.103249290583485,0.0390068110812463
13,"Populus",31,"l13nr031.tif",26253,1146.20519420889,50.0432844715435,0.251110028989102,0.251110028989102,0.809875972225311,452.135273381209,173.918990431133,2.59968892563369,1.47107240275763,0.0372528853845275,0.333859349555163,0.613703305437374,182.828766248455,0.0472707881004076,0.523635394050204,0.476364605949796,-0.645733983048158,-1.91465765886447,-2.72409132074331,-2.54065413003466,-5.17835097644036,-3.50524351800305,-5.98093667544547,70.7154610901603,28.9466824637436,65,55,76,64.0447948805838,32.4649363245005,59,46,73,8.05252733021005,24.8830408747723,0,0,1,0.14515375209827,0.0285059686852872,0.151685393258427,0.134615384615385,0.163461538461538,0.939171540742625,0.158187515150034,1,0.988636363636364,1,0.279530630673021,0.114793556191911,0.254901960784314,0.215686274509804,0.298039215686275,26.4599106148881,12.9509413848311,24.5060212070279,19.0781300113557,30.2702873640595,-3.68926540044244,5.74096324854508,-4.42982971838893,-7.73596010514505,-0.425928758250593,31.0802396085506,8.98021805255939,32.0381155674632,26.4215470205005,36.4887046307022,49.3216013407995,25.8241496030911,0.448548168805936,0.153887174799071,0.997714546908925,0.750733249533387,0.196384647842956,0.410665391141066,0.438733162817575,0.451442908537042,0.467655595911532,0.427397108946379,0.0402584869651534,0.111027725661872,2049,0.0854283927454659,0.0884719706353193,0.0393128385684264
13,"Populus",32,"l13nr032.tif",41586,1362.95750288788,44.6701571364973,0.281314672253345,0.281314672253345,0.547948806110689,474.221023931571,244.826414469,1.93696838210902,1.13654081911994,0.028278747655461,0.358185559534827,0.641754307451331,230.106366073076,0.032462848073871,0.516231424036936,0.483768575963064,-0.724049185916291,-2.95390960759781,-4.01553520392743,-3.30628399113185,-7.01863195844137,-4.78345014126981,7.30513886852348,64.9041504352426,27.7545719932703,60,51,70,57.2847833405478,30.7795593659182,52,41,64,9.62444091761617,23.4908051708713,0,0,7,0.14019196800626,0.0262254574619982,0.14367816091954,0.13030303030303,0.155797101449275,0.908475111780523,0.165986353779649,1,0.893939393939394,1,0.255916631068337,0.110202696349943,0.235294117647059,0.2,0.274509803921569,23.6662591493314,12.3963651634146,21.7565803726408,17.1634463140005,26.6790649475029,-2.49998466223484,4.80890906319233,-2.54697213493479,-5.38511905355718,0.257448199786708,27.4248284426644,8.11402151662003,28.0831669520819,23.6601033651224,31.6060246834687,40.0409753282353,21.563808012323,0.435161181776298,0.0837060549223296,0.998292694656856,0.845452796614245,0.187068186914667,0.430619516438917,0.428980184809068,0.443678881045911,0.435779239884443,0.421001908299327,0.0147773315851159,0.0975917578879588,3103,0.0799227301996137,0.0991058069991746,0.038955812178864
13,"Populus",33,"l13nr033.tif",31983,1218.20519420889,46.4003969357943,0.270824636085498,0.270824636085498,0.725844890612527,452.077161439907,202.739040840878,2.22984758912184,1.35555058089032,0.0340806053215771,0.348954853496493,0.642809767862526,201.796978072678,0.035300003126661,0.51765000156333,0.48234999843667,-0.693356711436852,-2.27983159198754,-4.46064904907533,-3.42067793236603,-7.72925695787059,-4.56595068965469,-7.40542325118319,70.9524747522128,27.347864441325,65,57,74,62.7587468342563,30.324932665998,57,47,69,8.76681361973543,24.193607657617,0,0,4,0.142464944693894,0.0228860026709344,0.145061728395062,0.132352941176471,0.15625,0.926265484861298,0.158477443935371,1,0.946666666666667,1,0.279420991421301,0.108514578208968,0.254901960784314,0.223529411764706,0.290196078431373,26.1117945020625,12.0736807461708,23.8491033920061,19.7571048451893,28.5131702397188,-2.76941646805726,4.85259414908267,-2.93583010790732,-5.7512936955536,0.0641689813645208,30.6919214384049,7.5449560478356,31.022209152706,26.9873475976333,34.5014852535678,45.7982052965639,21.4825631518452,0.443756090005495,0.0723509364349811,0.998999468467623,0.794891035862802,0.160643044922139,0.388355138490647,0.43940076183423,0.450489274832808,0.444240904511241,0.420434898075835,0.0238060064354059,0.081354784081287,1972,0.0667908552074513,0.0883609279441322,0.0437378633219518
13,"Populus",34,"l13nr034.tif",36140,1329.89357775096,48.9379338169131,0.25678179755959,0.25678179755959,0.557471838812368,457.704932796491,229.722937092442,1.99242156046572,1.09193794492062,0.0310182623132264,0.343714770091788,0.62873496229156,214.510785618646,0.0516878804648589,0.525843940232429,0.474156059767571,-0.714905180394543,-2.90029370381024,-2.95739341908522,-3.02418756047018,-6.06652971529771,-4.48083241528493,-6.35249999050514,73.3716934145,25.941860106174,68,61,76,64.5372993912576,29.1104808004348,59,49,70,13.047399003874,25.5212072244587,2,0,15,0.140804088540267,0.0238857690062657,0.142424242424242,0.130208333333333,0.154228855721393,0.873079083209349,0.181784404653024,0.96875,0.8,1,0.288858795316688,0.102962768884136,0.266666666666667,0.23921568627451,0.298039215686275,27.0156379722771,11.5488789639569,24.9742509810974,20.9335343639148,29.4435611161917,-2.34010072245472,4.8553943215563,-2.46723350399103,-5.38970279609619,0.380882849632891,29.8879375274026,6.52244994532589,30.3369849802307,26.8150143128305,33.2959346723781,42.6555063641381,19.4022841543399,0.431833107225835,0.0709463198671832,0.999252905368013,0.756751521859436,0.169638318633031,0.35644671443986,0.422907808860175,0.4405957556486,0.438424848904105,0.412040358001043,0.0263844909030621,0.0986688951232615,2678,0.0799259834059571,0.0933312746587982,0.0370576195923303
13,"Populus",35,"l13nr035.tif",22394,1105.70266889194,54.5940158968817,0.230178535282965,0.230178535282965,0.851840360012405,437.138405704866,150.958785912349,2.89574669710632,1.5968763965384,0.0411717424310083,0.33935504931424,0.616940093943276,168.85771040968,0.030365276413325,0.515182638206663,0.484817361793338,-0.615814806632314,-1.72078647713572,-2.32603696557663,-2.27610054550337,-4.57874368410019,-3.14431470461047,-5.64777797111172,79.7842725730108,29.2112333867866,72,64,85,71.7285433598277,32.6453541112526,64,53,80,23.0650620701979,31.1553371873795,12,1,34,0.141384369812147,0.0242547635553009,0.142276422764228,0.129310344827586,0.155367231638418,0.774617441663114,0.224682914904132,0.841269841269841,0.604651162790698,0.984126984126984,0.314085355496133,0.115774646616276,0.282352941176471,0.250980392156863,0.333333333333333,29.9945488107197,12.9522356446937,27.1076264909312,22.4789627633436,33.3826092432491,-2.73109278234317,4.62401127364441,-2.64580803871875,-5.56296434997771,0.0724396930635654,28.4440563477636,7.11002850569372,28.7464718911915,24.6370886601957,32.3123607761291,40.6077520764495,19.4665339151927,0.417740081260586,0.0825221041350362,0.999106903634902,0.615923908189694,0.171551943230892,0.368608864506872,0.424060158605877,0.415395194615883,0.40912180497576,0.404285382928472,0.00483642204728779,0.0903534283038399,1439,0.0709321240203086,0.0828932887095321,0.0406566556973253
13,"Populus",36,"l13nr036.tif",37981,1297.80317395533,44.3456748987266,0.283373083013334,0.283373083013334,0.661936199402402,463.667255215749,223.553743328743,2.07407511192471,1.29012685627181,0.0271714804770806,0.366419031233166,0.665300366974084,219.906596418994,0.0409941813011769,0.479502909349412,0.520497090650588,-0.716343320121302,-2.53669545475697,-3.94658581288238,-3.55207228288589,-7.9840504905509,-4.83465102641792,7.31097310870676,70.6193886416897,26.7622053782736,65,57,74,59.3334825307389,31.458889357322,54,42,67,16.1656091203491,27.6068408150071,4,0,21,0.129811040939903,0.029124455994247,0.131720430107527,0.116071428571429,0.147727272727273,0.83279688074234,0.209566199441048,0.93421052631579,0.7125,1,0.277928231401562,0.106272650441852,0.254901960784314,0.223529411764706,0.290196078431373,25.072703924357,12.467040802681,22.8070366078971,18.2223985273617,28.1980793987998,-0.195786910575439,5.59852228904071,-0.290152088890938,-3.71449483931804,3.04714268301301,26.0802682271789,7.27767564230869,26.5457994334202,22.3040228692848,30.0695214672935,31.8819672994389,21.2469902210771,0.405434147883253,0.0601353308233064,0.997972670545799,0.784602827729654,0.224360389986935,0.382374433585089,0.400161606019209,0.412803223678287,0.403509534999479,0.417450800106371,-0.0139412651068926,0.0947413061916879,2702,0.0763924229573085,0.101059872129339,0.0395340092356278
13,"Populus",37,"l13nr037.tif",37789,1310.03571337469,45.4151623572237,0.276699894090776,0.276699894090776,0.529532251364645,444.01787824801,236.062717110519,1.88093182897718,0.917460830028058,0.0310407790626902,0.360526789061444,0.644676459047717,219.350060761325,0.026965519066395,0.513482759533197,0.486517240466803,-0.717155160179435,-3.00959330362954,-3.19883878578384,-3.08957066879201,-6.29391064104048,-4.59535942247165,-6.54196218393521,73.504961761358,26.6278064077546,68,60,76,60.0580856863114,31.2853959599101,55,44,67,15.1557596125855,26.889194316864,4,0,20,0.12610903272895,0.0273448084552123,0.127450980392157,0.113888888888889,0.142361111111111,0.848465064982766,0.194670124173466,0.941176470588235,0.743243243243243,1,0.288815346721399,0.105190917117616,0.266666666666667,0.235294117647059,0.298039215686275,25.6436231610642,12.2919788550558,23.6290814132498,19.1871587001708,28.3878693204552,0.765010074885988,5.63077596739879,0.703348642401153,-2.59843777584393,3.91837652784466,27.3787967122002,7.06304972756026,27.8287505768578,23.942559567451,31.1186615022054,31.4554499986767,21.1238241847102,0.402406121314804,0.0299558072454947,0.9970097118209,0.756489983857736,0.216834652099431,0.364215122040836,0.393811894630881,0.417826456195391,0.396162259295217,0.398224145300815,-0.0020618860055982,0.104237215787826,2999,0.0853419083122279,0.100633306732515,0.0382342389100043
13,"Populus",38,"l13nr038.tif",26391,1171.37676708414,51.9921007337536,0.241697689399209,0.241697689399209,0.847530286522102,476.084463728438,175.268909720838,2.71630869665777,1.59877571622056,0.0370959796900459,0.316276520593145,0.600231986899563,183.308659983934,0.0121632374673184,0.506081618733659,0.493918381266341,-0.613024647143068,-1.72899601487712,-3.17895919511355,-2.72534681239783,-5.6870470668881,-3.59140258308233,-6.36069394538415,75.2834678488884,30.3112315945989,69,59,80,71.8429009889737,32.5930600899762,66,54,79,11.7103558031148,29.3360957882161,0,0,6,0.155682055748981,0.021627133117045,0.158469945355191,0.145833333333333,0.168949771689498,0.908688759028029,0.182886224749409,1,0.919354838709677,1,0.299994427690367,0.12067253681496,0.274509803921569,0.235294117647059,0.317647058823529,29.4429154560041,13.0308047810435,27.0851826670591,22.2958030579058,32.4117801154306,-5.90152160656045,4.77404684454719,-6.20749170596518,-9.09883012772086,-3.07838750046729,32.8015337098553,7.71700588380862,33.6398088292354,29.2942327713877,37.2178408232391,56.6919783259451,21.7282669786758,0.462603089983486,0.265696639005722,0.999166382478875,0.669887461634648,0.138918598383603,0.402249259567115,0.465676873813398,0.4666162649446,0.45403969363342,0.407813202770297,0.0462264908631231,0.108121595209382,2090,0.0869131284567722,0.0823957694922644,0.0356157763201272
13,"Populus",39,"l13nr039.tif",33803,1325.24177413535,51.9559139695708,0.241866029374808,0.241866029374808,0.62158648692909,472.97203960305,219.965365978022,2.15021140941937,1.15528920789872,0.0340206490548176,0.324911791093071,0.601033044993466,207.459191964788,0.025175280300565,0.512587640150282,0.487412359849717,-0.700053583864615,-2.64170895761361,-2.98114219579348,-2.80012397911937,-5.69916858246548,-4.12261689870638,-6.4008892713289,69.7794574446051,29.3524369340722,64,55,74,63.7403484897784,31.5208670005592,58,47,70,22.5503357690141,28.4482258369779,14,2,34,0.143162788145698,0.0255996065207149,0.144736842105263,0.130952380952381,0.15819209039548,0.743596270962355,0.231925071558128,0.788617886178862,0.554347826086956,0.968871124031008,0.275271889662885,0.116198633924442,0.250980392156863,0.215686274509804,0.290196078431373,26.3844934060249,12.7527471179915,24.3579029324612,19.5369714703241,29.3350781019287,-3.01752360092106,4.1708397549202,-2.94434364804955,-5.59316505005936,-0.556001251466404,24.349277261011,7.46436736470334,24.5999310664869,20.0343503404815,28.2681155984884,35.1509037659384,18.5964840329075,0.414972453022871,0.11386563322782,0.99869834038399,0.788361979705943,0.17881466736906,0.422123136672702,0.415465372305214,0.420396466561894,0.407488187091547,0.415065062673829,-0.00757687558228121,0.0913489266260814,2338,0.074911887215636,0.099651343002933,0.04062844293116
13,"Populus",40,"l13nr040.tif",29535,1215.58491988585,50.0303605029252,0.251174896363667,0.251174896363667,0.716446325040525,438.189783050937,194.79076419775,2.24954085916564,1.28313024855961,0.041340782122905,0.346024115008918,0.624464812406838,193.920421703731,0.0579312679871339,0.528965633993567,0.471034366006433,-0.677766751352431,-2.2792482727157,-2.51232506787917,-2.68959358592541,-5.3052755904302,-3.85562117192251,5.88225641820795,70.8729981378015,28.7649611679551,64,56,74,60.8223802268501,32.7040739116535,55,44,67,14.3174538682912,27.5950554350428,2,0,17,0.134371826837254,0.0275710268592185,0.136904761904762,0.122950819672131,0.151111111111111,0.860486104646555,0.194423225733197,0.963636363636364,0.773333333333333,1,0.279004836402143,0.114027979482494,0.250980392156863,0.219607843137255,0.290196078431373,25.5084338039064,12.9766276116713,23.1048635558122,18.6582667745192,28.0894056067545,-1.18064633208817,5.41965468650931,-1.26704649576245,-4.42762848512965,1.71010837463478,27.4885362529014,7.53836968818488,27.9519885924487,23.9124845960908,31.309449126875,36.454308447605,21.7628566666285,0.417427946500724,0.0625359742678178,0.998442525816827,0.789639410868461,0.205184578516053,0.408695349314465,0.412829414342628,0.424609002670069,0.417126765259195,0.406628169481853,0.0104985957773422,0.0989144882587506,2170,0.0801211047112686,0.103313955052145,0.0407868559871185
13,"Populus",41,"l13nr041.tif",29801,1205.60216382856,48.7727451235897,0.257651493318986,0.257651493318986,0.810301902034304,450.035695870654,185.416367550043,2.42716272472111,1.52618519786345,0.03862286500453,0.357137789602181,0.645511355636663,194.791713562596,0.0657360491258683,0.532868024562934,0.467131975437066,-0.653592733308684,-1.92901572184542,-2.82142385643392,-3.07516751582561,-6.05242370159734,-4.13663590229321,6.47525667477547,74.8614140465095,29.7733438052006,68,60,77,58.5297473239132,35.7719875965908,52,39,66,8.58565148820605,28.4300965542941,0,0,0,0.121079235222586,0.0330463261941263,0.126666666666667,0.106770833333333,0.142857142857143,0.94298844404684,0.169153893021232,1,1,1,0.294007899458565,0.117517502599653,0.266666666666667,0.235294117647059,0.301960784313725,25.2444726060367,13.9175397257087,22.443392353481,17.5649484374377,28.154386397643,2.14868780085195,6.89480280234014,1.79948325231138,-2.45133104935302,6.44550850300787,29.6858626823727,9.16685102428544,30.3731304540784,24.790750159762,35.2185367190041,33.6124291131185,28.2444373309653,0.402425651245578,0.0250327170229187,0.984597832287507,0.733062648904399,0.272931406119672,0.399708655503341,0.395574992369066,0.41566081423434,0.391171238005436,0.418504748089607,-0.0273335100841712,0.092491679771788,1953,0.0714259591120214,0.0958902234300252,0.0488897869371797
13,"Populus",42,"l13nr042.tif",36495,1229.72705550958,41.4365976449452,0.303267433345656,0.303267433345656,0.670124289337107,425.555481202353,213.223911163344,1.99581500442673,1.28334569665675,0.0304699273873134,0.402199266280893,0.690375975407898,215.561771158779,0.0211261816687217,0.510563090834361,0.489436909165639,-0.724311427952915,-2.52518773545337,-3.93640962972201,-3.63056914164416,-7.58729447802148,-4.89881973776589,7.54400637080762,67.5913412796264,31.2438699040806,60,51,72,60.4491574188247,33.738664132325,54,42,68,8.03030552130445,26.7823424990177,0,0,0,0.142630160703236,0.0274588629357231,0.147849462365591,0.133333333333333,0.159003831417625,0.94456018989292,0.159256977693529,1,1,1,0.266765417771439,0.123652623902364,0.23921568627451,0.2,0.286274509803922,24.9074241619562,13.6124742372173,22.5298462811975,17.4933939443974,28.0517249042825,-3.12405803897413,5.11583582633758,-3.47224021037679,-6.45793969159228,-0.272254652787268,29.3612231611887,9.16505953466778,30.3146265636084,24.4955008035705,34.9870293503371,45.2766680367175,24.0539582026063,0.446257455008182,0.10760378133991,0.998492944238937,0.798109330045212,0.192517926137218,0.463525686619479,0.433585204226258,0.454465386945903,0.470646379938366,0.399686807118426,0.0709595728199401,0.0859361214046233,2395,0.0704370331156991,0.103423591791211,0.0466944569788635
13,"Populus",43,"l13nr043.tif",34575,1239.35952314144,44.4255105596926,0.282863842329382,0.282863842329382,0.552587907012936,432.801943598879,225.263221273172,1.92131649877291,1.00656878136216,0.0320173535791757,0.354635898980447,0.615153321294179,209.81481658648,0.0178452639190166,0.508922631959508,0.491077368040492,-0.71147988514563,-2.91151255625258,-2.99183824061905,-2.87581745095246,-5.81332494424306,-4.35544858972251,6.69695657175198,76.3344034707154,27.3985629657971,70,63,80,64.8269558929859,30.824681323357,60,49,70,13.8254808387562,27.7317905201634,2,0,16,0.134013378035771,0.0236571254387911,0.136178861788618,0.123655913978495,0.148148148148148,0.874126496766302,0.18861226499476,0.973333333333333,0.8,1,0.300025463258333,0.108340190626222,0.274509803921569,0.247058823529412,0.313725490196078,27.4299298289377,12.1905617839456,25.4773090183859,21.1230920981633,29.8359361399835,-0.88401679644211,5.13418379965986,-1.07231074226494,-4.02571402677301,1.81477907867522,30.0020244753598,6.93974042631639,30.8455138535078,26.930410171235,33.6828118234957,39.4940274765003,20.3713773580635,0.421472608233085,0.0378886478669559,0.99884309472162,0.678351409978308,0.176528087038806,0.361103317993493,0.420393697017063,0.434875944232464,0.409751768705326,0.403243049239773,0.00650871946555326,0.0944520718921618,2482,0.0774463305042436,0.0882193211992293,0.0366163071578284
13,"Populus",44,"l13nr044.tif",29926,1187.88643507602,47.1521146373592,0.266507042388353,0.266507042388353,0.733164277743028,438.407612061307,195.185182469268,2.2461111366911,1.30780972068476,0.036289514134866,0.349722633763374,0.633938122927987,195.199812027944,0.0216534117489808,0.51082670587449,0.48917329412551,-0.685476008696209,-2.24032084774482,-2.83792907521138,-2.75924838648853,-5.55806721105492,-3.87977058071201,-7.04537693244598,77.8063222615775,31.4932640256889,70,61,82,69.3696117088818,34.5639488082983,63,50,76,25.7921873955753,31.3581859596598,16,2,38,0.137352699450749,0.0253066555874648,0.140350877192982,0.125,0.153333333333333,0.735577405572818,0.232138922090837,0.768115942028985,0.544458987783595,0.967741935483871,0.30612098077218,0.124383960133662,0.274509803921569,0.23921568627451,0.325490196078431,29.0252783305571,13.7572108840057,26.4885219866288,21.2275935070206,32.1660374590222,-2.06887337033889,4.85292997988238,-2.30415540771112,-5.25387869741817,0.615396233106885,25.9335906359593,7.37232625357277,26.1591417595044,21.4247574851133,30.3215487567846,35.140713760609,19.8021478918655,0.405964670660237,0.0698389360422375,0.999331684822562,0.654948873888926,0.184245781148941,0.406322883892457,0.394102864214029,0.423891812702349,0.404499728984428,0.393726794954758,0.0107729340296699,0.106612440538872,2523,0.0916155270706997,0.101661379506484,0.0420914171322717
13,"Populus",45,"l13nr045.tif",38630,1319.200143575,45.0501946365081,0.27894153878251,0.27894153878251,0.596036308357821,470.5070065868,235.087933950656,2.00140857371931,1.14637165075423,0.0326689101734403,0.349243453238779,0.629594015352771,221.777464168746,0.0124255759772198,0.49378721201139,0.50621278798861,-0.714082403127932,-2.75926883044002,-3.39903964404297,-3.06460969049933,-6.29746521881924,-4.44580072923665,7.4587266771804,72.9990680818022,27.2531438908682,68,59,77,63.1617395806364,30.6070881549691,58,47,70,18.6335749417547,28.3324066182676,7,0,27,0.134601014720492,0.0247268308746972,0.135802469135802,0.123015873015873,0.149484536082474,0.805201775334264,0.217717446929607,0.894736842105263,0.65,1,0.287014867039231,0.107671831128314,0.266666666666667,0.231372549019608,0.301960784313725,26.5620871155232,12.2242521322646,24.5934036235228,19.9207852364864,29.5392599357711,-1.24096834229187,4.76526769575668,-1.2522902423564,-4.11223276473255,1.36573901235912,26.6277509720055,7.11891334926888,27.1700633584422,22.8997999122392,30.529870236593,34.6908361377174,19.2152445908431,0.412165142553526,0.0496505306756407,0.998860988868755,0.743593062386746,0.183704638054471,0.375143740336116,0.409879116148698,0.414402301882259,0.413478033813555,0.409725750223248,0.00375228359030649,0.0858231792132643,2652,0.0737773326656652,0.0973574446293964,0.0398847230248057
13,"Populus",46,"l13nr046.tif",54050,1445.53318805775,38.6598741494244,0.325049444439184,0.325049444439184,0.426118058109995,419.526592705806,282.565207456065,1.48470718133632,1.03594905925012,0.0279185938945421,0.455950312569876,0.695480982037161,262.332989524641,0.0197594819611471,0.509879740980574,0.490120259019426,-0.743598104155267,-3.48846647452531,-4.18669357083995,-3.67129966973175,-7.61058171728376,-5.51002477987572,8.26768469393952,76.9154856614241,27.3770565878404,71,63,79,68.7296762257165,30.0500730145822,63,53,74,13.7971877890839,27.274399210135,2,0,16,0.14343323733024,0.019291568161701,0.144607843137255,0.134328358208955,0.154589371980676,0.87495654583807,0.186047124831545,0.973333333333333,0.804878048780488,1,0.302647875061218,0.108552663380541,0.27843137254902,0.247058823529412,0.313725490196078,28.7026060583223,11.9292196934069,26.4452727247043,22.4215950004796,30.8097331813764,-3.06193949080615,4.28292766504391,-2.99089917691539,-5.72133325128708,-0.582710923435398,31.4033981369375,6.37800272421644,31.9274403397128,28.4323209300381,34.9643264422681,46.7466790009251,18.2634007068263,0.438099416506906,0.0609620721554117,0.999759481961147,0.682701202590194,0.134498588934346,0.35867644205302,0.429417414676978,0.448017120237109,0.447610136198799,0.393744688844744,0.0538654473540548,0.0760301458353724,3174,0.062131741215621,0.0810930318442469,0.0424328474119646
13,"Populus",47,"l13nr047.tif",28865,1149.31789258109,45.7623979978191,0.27460035234513,0.27460035234513,0.771060264043398,450.145457294162,195.794751969178,2.29906804327944,1.32716208235194,0.0357872856400485,0.327504780132067,0.614044417971409,191.708266537415,0.0484670015589815,0.475766499220509,0.524233500779491,-0.663569001411887,-2.07442544270335,-2.83060575237789,-2.7030315163747,-5.49077843728344,-3.74477261983638,-5.98824057895396,80.2574051619611,29.0838739737387,74,64,87,73.542802702234,31.9861786380579,68,56,82,23.081032392171,32.3201849482231,10,0,34,0.145208062379811,0.0211530087559251,0.146892655367232,0.134920634920635,0.15863453815261,0.778713004923827,0.237214627462811,0.865168539325843,0.605263157894737,1,0.316141469925923,0.115176346658673,0.290196078431373,0.250980392156863,0.341176470588235,30.6177794083988,12.7914392173015,28.3755062530811,23.4197115571076,34.4279616269441,-3.57794396536508,4.41557342343079,-3.57692152164124,-6.29131763402521,-1.07338638767757,28.9553072103125,7.76802170072279,29.8048795235237,24.696715370487,33.6099831934834,43.7471678503383,20.1513285028558,0.425234378386454,0.100433050407067,0.999653559674346,0.56580633985796,0.145673788793647,0.364319006681856,0.427515566387431,0.424421598449144,0.422833558470314,0.413252791484246,0.00958076698606886,0.0998756265782233,2155,0.081219613311725,0.0762986917437924,0.0366507053693484
13,"Populus",48,"l13nr048.tif",36753,1263.07525189398,43.4075882770666,0.289497092861948,0.289497092861948,0.66342374253862,470.527996829158,223.796056797099,2.10248564502526,1.21816958743608,0.029521399613637,0.349023681382152,0.63844423405974,216.322382077425,0.0436154871711153,0.478192256414442,0.521807743585558,-0.706900579757233,-2.51281333955823,-3.3924548404655,-3.01344383523678,-6.22785568186944,-4.2705665762445,6.86083653396831,72.6698500802651,27.5703477275101,67,58,77,63.5202568497807,30.8159839782094,58,47,70,16.769569831034,28.3287956889332,4,0,23,0.137519545350026,0.0233904276840268,0.139344262295082,0.126984126984127,0.151515151515152,0.831124718238008,0.21462641654984,0.941176470588235,0.69620253164557,1,0.285831702147296,0.109037833662279,0.262745098039216,0.227450980392157,0.301960784313725,26.6110114130912,12.3026388182911,24.4234025111305,19.9119801626769,29.5290422483226,-1.77307628932977,4.69484500745721,-1.85238434734508,-4.54266250439112,0.771645864494797,27.5639203809721,7.09776604906245,28.1331924249328,23.98912375248,31.447130944661,37.6010937882625,19.2951158974899,0.42063922226622,0.0523494680706337,0.999210948766087,0.746279215302152,0.170088022429129,0.381475646199012,0.425243334280996,0.42577984031234,0.405934236085035,0.413209936855076,-0.00727570077004119,0.0932062117977364,2637,0.0771210481677536,0.0908358597319694,0.0390295241527115
13,"Populus",49,"l13nr049.tif",33741,1297.99408281434,49.9329788394253,0.251664749559007,0.251664749559007,0.674612461683305,469.690762936409,219.537990408082,2.1394509536292,1.09257711381972,0.0417592839572034,0.327217291928712,0.592628371198482,207.268848307962,0.0068462701164755,0.503423135058238,0.496576864941762,-0.669057100379767,-2.39969640009059,-2.32014158692403,-2.32551815985104,-4.64868046986573,-3.52544944431385,-6.05603695447849,72.2145757387139,31.1409212934632,65,56,75,65.0171897691253,33.9980568981417,58,47,70,22.1844936427483,31.0682245068724,11,1,31,0.139890968713845,0.0298506824282043,0.14406779661017,0.125,0.15819209039548,0.76435388568598,0.229560947264693,0.826086956521739,0.584415584415584,0.981818181818182,0.28496929609697,0.123285949291691,0.254901960784314,0.223529411764706,0.294117647058824,27.0227985639677,13.6052226232454,24.3161635453766,19.7212750034931,29.3641828067929,-2.52783809761831,5.12584914756785,-2.82843975569133,-5.89661776056308,0.419335764790141,25.3329524597967,7.76239111576795,25.480522971666,20.7480065937075,29.8818066015254,35.6353101567837,21.3473888430715,0.413619361157908,0.110488722918704,0.997866097626034,0.76953854361163,0.213385342093672,0.432628885103151,0.393486469024189,0.43478175218634,0.419858230288034,0.391885373744773,0.0279728565432618,0.0945107245071872,2414,0.0776280670161109,0.0931093684709531,0.0433402078106124
13,"Populus",50,"l13nr050.tif",26919,1056.24682476923,41.4449777047839,0.303206113509591,0.303206113509591,0.646977248600399,373.820186264261,186.375656077543,2.00573505216115,1.14907059980867,0.0328021100338051,0.3863731936259,0.655481828696658,185.133290644135,0.0093985660685761,0.495300716965712,0.504699283034288,-0.711864211287854,-2.57826708335434,-2.9156843203299,-2.83706960347554,-5.71659793068347,-4.12625594085915,6.63414812557076,73.6069690553137,29.060344003521,67,58,78,61.4316282179876,33.3469079280341,56,43,70,15.6279950964001,29.1464291174009,2,0,19,0.128906322539145,0.0297754593772294,0.132075471698113,0.117117117117117,0.146368929905515,0.852701850116746,0.208789961649244,0.96875,0.753246753246753,1,0.289303640769803,0.114880896764372,0.262745098039216,0.227450980392157,0.305882352941176,26.0283164812968,13.2210741989754,23.7965133899309,18.5670938370548,29.5892015207494,0.015622592075919,5.61697565230323,-0.272254652787268,-3.51611503328308,3.15755672183726,27.4023448049482,7.84490403405654,28.1060134431813,23.3299725751265,31.7199852149013,33.62829228426,22.237841842229,0.407328342638553,0.0348824250529366,0.997733942568446,0.727292990081355,0.230985250061743,0.39709454074478,0.409991338580856,0.41821163123199,0.39641589361553,0.400487685865735,-0.00407179225020471,0.125151295085936,2400,0.0968288549987896,0.100546687810676,0.0367262775163045
13,"Populus",51,"l13nr051.tif",37827,1251.9696961967,41.4367547041761,0.303266283860128,0.303266283860128,0.45452137168719,414.03248062635,240.035161859841,1.72488262727153,0.930134887791397,0.0287096518359902,0.380620891606225,0.674272065311361,219.46032046522,0.0162053559626722,0.491897322018664,0.508102677981336,-0.737524442459487,-3.35219098067389,-4.1399188772572,-3.79039279233778,-8.26996864527819,-5.47581909194959,-7.77688269611613,74.3192428688505,28.9617237392347,68,59,79,69.7670447035185,30.1930696698183,64,54,76,21.2789541861629,29.7539463147085,10,1,31,0.150653925544013,0.0212854865826497,0.151785714285714,0.141025641025641,0.16260162601626,0.780257089457457,0.225260195125067,0.853333333333333,0.607594936708861,0.985294117647059,0.293762158682174,0.114836977132725,0.270588235294118,0.235294117647059,0.313725490196078,28.7994577386078,12.2368221048889,26.6665898100729,22.4223116392222,31.6136444957686,-4.55557215340524,3.72939446658735,-4.48367497473051,-6.85574798686575,-2.32985432553579,27.836344997579,6.96893870809989,28.711924164844,24.275186996168,31.8340427813781,43.9358923520241,17.3311857025822,0.433160104180071,0.151717027520025,0.999444840986597,0.693446480027494,0.141287300443717,0.390918208311679,0.424778042226087,0.445004628187091,0.436694231940899,0.382845980966394,0.0538482509745052,0.0895120360656667,2696,0.076441067226176,0.0832524721562125,0.0378510775429444
13,"Populus",52,"l13nr052.tif",41427,1303.91082169366,41.0404671091277,0.306194629338522,0.306194629338522,0.517114016933427,446.202437052879,245.885563230876,1.814675213908,1.0583538401004,0.0277838124894393,0.37758828873122,0.672718267661554,229.666050211483,0.0168730538054892,0.508436526902745,0.491563473097255,-0.73085476282854,-3.08475744358862,-3.87796455064572,-3.40458863590794,-7.18141447283614,-4.94948988022636,-7.21245427301657,69.7827986578806,27.7713277963469,64,56,74,63.5037535906537,30.2542566355381,58,47,70,14.080961691649,27.626137226942,2,0,16,0.145768795307779,0.0226045345889336,0.147798742138365,0.135593220338983,0.159090909090909,0.862562513952162,0.200660037186145,0.970149253731343,0.780821917808219,1,0.2753129175488,0.11018906203749,0.250980392156863,0.219607843137255,0.290196078431373,26.2509728997263,12.1968586089356,24.175142540982,19.6543106854287,29.0118890251973,-3.50557404380948,4.36054093516728,-3.56710426228729,-6.27686152733967,-0.958991192393094,28.3678720412507,7.13726040981906,29.0733370814206,24.9088949380373,32.3326518151126,43.1437468317757,19.0669458329418,0.438900480632355,0.111038694571173,0.999493084220436,0.782822796726772,0.155071148019951,0.400232079984865,0.435771986012608,0.444062955593741,0.440110934095085,0.404853595012826,0.0352573390822591,0.0957589516045816,3085,0.079584150242493,0.0951822559314651,0.0379139329067144
13,"Populus",53,"l13nr053.tif",37138,1251.76868606993,42.1919555017834,0.297838070430938,0.297838070430938,0.543623162563481,421.571728329987,236.364138225935,1.78356890979382,0.97628731157244,0.0364586138187302,0.372705197057134,0.657705521906988,217.452455061732,0.000592385158059131,0.50029619257903,0.49970380742097,-0.719041440586138,-2.96007175908897,-3.07678895646586,-3.04859654378115,-6.11136266724867,-4.5315887303419,-7.84693398105123,72.0565727825943,31.4063708474159,65,56,76,66.6217890031779,33.8953083948633,61,49,73,15.9887716085958,30.4942229098211,3,0,19,0.147463683656229,0.0272365406679092,0.152298850574713,0.136904761904762,0.163793103448276,0.851220820782308,0.207538091634303,0.961538461538461,0.753424657534247,1,0.285177910897247,0.124389058336687,0.254901960784314,0.219607843137255,0.298039215686275,27.4482380117084,13.6010519243289,25.011082993552,20.2287676149885,30.2177744119723,-4.1024045472924,4.99303724624882,-4.57549428207033,-7.40680383867029,-1.30962106665707,28.7403451409304,8.03795353980281,29.4421435702727,24.7059668059281,33.4700245757007,45.198233615163,22.0506547709591,0.438337015402196,0.167429586945985,0.998572890301039,0.751521352792288,0.184699987196195,0.436180549570423,0.425294190891459,0.453612129913057,0.444439778728497,0.397365537142281,0.0470742415862155,0.0867125585700237,2532,0.073234222247932,0.0934362264383273,0.0454178154331187
13,"Populus",54,"l13nr054.tif",23436,1086.30569927227,50.3524523071951,0.249568194567626,0.249568194567626,0.807144914805723,434.879369732698,163.550835124283,2.65898593181889,1.45785087805392,0.0389571599249019,0.329504930618573,0.604839021872379,172.741546740827,0.0180918245434374,0.490954087728281,0.509045912271719,-0.647200375709545,-1.92630759876679,-2.4437533307111,-2.36142746796313,-4.76406089441938,-3.32464278041941,6.61554540382621,74.4365932753031,30.5180341200837,68,58,79,68.5117340843151,33.310863770081,63,50,76,11.5909284860896,29.2238794188352,0,0,5,0.148352623440089,0.0234528722874017,0.152083333333333,0.139705882352941,0.161971830985915,0.909133021943631,0.185873463987958,1,0.933333333333333,1,0.293939606906083,0.121090288823766,0.266666666666667,0.227450980392157,0.313725490196078,28.2745521702831,13.3073579702939,26.0209943707038,20.8838008350419,31.3679839250723,-4.29339255833615,4.81029591926667,-4.67259632261577,-7.47847465117901,-1.6163355112688,31.6129681167269,7.9661090315437,32.7940410439287,27.7094813814392,36.4634266176061,50.9959464072364,21.9728391165026,0.45046347366997,0.137907492746202,0.99931728963987,0.699180747567844,0.158088691561187,0.411956352824882,0.4576821967096,0.448774280966103,0.444315085850464,0.409196453717561,0.0351186321329032,0.111178957256928,1913,0.0898543917332081,0.0905785603424497,0.0371152590710007
13,"Populus",55,"l13nr055.tif",34954,1213.70266889194,42.1432216191403,0.298182486567469,0.298182486567469,0.556005781006487,438.109913852095,226.320181941172,1.93579693200306,1.12719683776869,0.0265205698918579,0.352525483988308,0.647458160836505,210.961643543733,0.0246037649482177,0.487698117525891,0.512301882474109,-0.724512723500651,-2.92492227160534,-3.844826844547,-3.35094765478767,-7.06743272814355,-4.81967584203875,7.13678038484235,73.0397951593519,27.570594125407,67,59,76,63.6180408536932,31.5408670499845,58,46,71,11.8421925959829,27.4799571076683,1,0,9,0.138600014516827,0.0262041586403288,0.141025641025641,0.127118644067797,0.154761904761905,0.89639891696767,0.182249706593296,0.987341772151899,0.875,1,0.287797519877665,0.109659958348941,0.262745098039216,0.231372549019608,0.298039215686275,26.6422201222655,12.4998951308973,24.4100249810431,19.8008181345755,29.5468287909056,-1.94293990304103,5.40334127245408,-2.06436063183721,-5.55112597408453,1.25483795664519,29.9016151335573,7.38560525715265,30.6923311164478,26.4558748715842,34.041244006529,42.3540939520518,21.7211940357543,0.430695978694413,0.079018138124392,0.998140413114379,0.753132688676546,0.189063172486784,0.381031629509951,0.423844920303605,0.437619847303162,0.436040462364031,0.406404607461482,0.0296358549025489,0.100984009840098,2546,0.078290282902829,0.102314689868032,0.0403651938582326
13,"Populus",56,"l13nr056.tif",33002,1210.24682476923,44.3820791728986,0.283140647048205,0.283140647048205,0.744983761870883,455.025685210739,203.513639142934,2.23584860025603,1.38935910057583,0.0298769771528998,0.35637795172368,0.658873793385707,204.986466517548,0.0573298587964366,0.471335070601782,0.528664929398218,-0.688516798211345,-2.20818157965524,-3.17861591826766,-3.36604311312846,-6.76492858837524,-4.53659705727241,6.81582185601167,71.3087691655049,27.4004129915634,65,58,75,66.3882794982118,29.6506862424107,61,51,72,12.1017211078115,27.1384994471877,1,0,10,0.151199938263698,0.0209672487077354,0.152777777777778,0.141666666666667,0.163265306122449,0.890205853032841,0.18550791235212,0.985074626865672,0.861538461538462,1,0.282132277188193,0.109150354861827,0.258823529411765,0.227450980392157,0.298039215686275,27.3360508719212,11.9342122758269,25.1591246610146,21.0027019282501,29.7842082797747,-4.64531293941527,4.16490602944448,-4.66691836758004,-7.27498310047623,-2.12385108604966,30.5049198533317,7.03811580964915,31.2315329583485,27.4079517822496,34.311086422997,49.3660687231073,18.7193078990718,0.452258508552814,0.156869280649658,0.999303072541058,0.763317374704563,0.138672335517065,0.386876523178321,0.456969581173422,0.449232196256278,0.449842504488021,0.415017980702321,0.0348245237857003,0.0977478067303915,2369,0.077550085111955,0.0888854704092529,0.0362939089007353
13,"Populus",57,"l13nr057.tif",34595,1304.68037431536,49.2033784975767,0.255396499144425,0.255396499144425,0.686984138342977,463.918222572857,212.80366570671,2.18002928207184,1.25772045432378,0.0333285156814569,0.350423157380174,0.627533852725904,209.875491780515,0.0491111432287903,0.524555571614395,0.475444428385605,-0.690831042359773,-2.40215196384546,-2.78017174745153,-2.86265657271998,-5.72765558937665,-4.09633833220671,-6.05420812378876,73.0936840583902,27.8873796251807,67,59,76,64.4367972250321,30.9662887853579,59,48,70,15.620291949704,28.2206072837845,4,0,20,0.139857465367072,0.0242501044929752,0.141666666666667,0.129310344827586,0.153846153846154,0.846296008649356,0.201741928450653,0.947368421052632,0.738095238095238,1,0.287585137827353,0.110351577265038,0.262745098039216,0.231372549019608,0.298039215686275,26.9333082739113,12.3484535925161,24.7943931928264,20.4822768703139,29.4455425443016,-2.22350221162467,4.66464117455821,-2.3415685998828,-5.13815891277278,0.377346888595406,28.5338930102499,7.0648543837554,29.149160711091,25.1556182798167,32.3236704930821,40.1596184419707,19.200507688326,0.426136174435646,0.0629570747217806,0.998814857638387,0.751813845931493,0.17339156158691,0.383717940763573,0.426697806684698,0.429172458868953,0.422287268148406,0.403164139511521,0.0191231286368854,0.0953229537922841,2538,0.0793472144063028,0.0974989279836035,0.0388297027539891
13,"Populus",58,"l13nr058.tif",38890,1271.94530957906,41.6005366562145,0.302072319840661,0.302072319840661,0.521361137074336,457.19559391647,242.077070844349,1.88863650870279,0.970892801219931,0.0335561841090255,0.351384217430742,0.633655945514387,222.522551429626,0.00359989714579583,0.501799948572898,0.498200051427102,-0.714417426661192,-3.03545947127155,-3.32598791464283,-3.00508435921089,-6.17062609684541,-4.52738819092746,8.46487900216912,83.5226022113663,27.3906460282865,78,66,93,80.2051169966565,29.6816639904307,75,61,93,20.1165852404211,30.826013985381,3,0,34,0.156444630952963,0.0190724117482658,0.158962488129155,0.146766169154229,0.168981481481481,0.81911772408664,0.229061841953043,0.957142857142857,0.644444444444444,1,0.331644608473371,0.108917883447141,0.309803921568627,0.262745098039216,0.372549019607843,33.0578151095169,11.9046129276973,31.1301682445713,25.3736222655216,38.2213493014479,-6.19478704529412,4.39070644077478,-6.49451166355017,-9.203378090061,-3.51709225488456,32.8549938454171,7.75685785140802,33.5780571390526,28.6198886826763,37.6505307713826,56.7710465415273,21.2585604041055,0.448149280882314,0.269092311648239,0.99964001028542,0.456389817433788,0.12191157670402,0.328417469592211,0.455503620839088,0.446954711144405,0.439162775925504,0.415314201890873,0.0238485740346308,0.100360891484614,2897,0.0798093611394253,0.0722154944472505,0.0387973751444669
13,"Populus",59,"l13nr059.tif",37038,1250.59711319467,42.2267168726943,0.297592887750294,0.297592887750294,0.631025136450195,440.7880187101,219.981102008076,2.00375402562497,1.2899359672289,0.0311841892110805,0.381972742450869,0.665510704627741,217.159494975239,0.0448188347102975,0.477590582644851,0.522409417355149,-0.71122396336938,-2.63148181384992,-2.98746025869858,-3.93005735760913,-7.45921702990659,-5.59962074583611,7.66765457061032,83.9346616987969,26.244396803199,79,69,93,76.8832280360729,29.721180028768,72,59,90,33.8058750472485,32.3120819291103,29,6,51,0.141825704771866,0.0242122254154054,0.142857142857143,0.128205128205128,0.157051282051282,0.656537890902593,0.256252891633352,0.64,0.454545454545455,0.914285714285714,0.330583322480675,0.1042886085042,0.309803921568627,0.270588235294118,0.368627450980392,32.226176807656,11.8689725946595,30.4853167000947,25.1860605494063,37.5639684744285,-2.85330702691737,4.39072916012495,-2.79465731890913,-5.51617828559539,-0.281467325402379,25.3974597121739,8.02975537799358,25.7894915223603,20.0170464656562,30.6485135885843,36.025919326096,19.4607383439427,0.402639095234617,0.105054268589017,0.998785031589179,0.437523624385766,0.170718173293295,0.315468449545961,0.402483359096632,0.402993141223993,0.403062229188219,0.39765307744965,0.00540915173856904,0.102253937864416,2729,0.0791634032431178,0.0725630671941146,0.0393448880660673
13,"Populus",60,"l13nr060.tif",33816,1269.37676708414,47.6495557373132,0.263724822192178,0.263724822192178,0.617434063821486,444.845912669208,216.853575743567,2.05136535629574,1.19552223049467,0.0307251005441211,0.350546828733172,0.633691568206733,207.499080587757,0.00319375443577005,0.501596877217885,0.498403122782115,-0.716641207980708,-2.68929314480346,-4.3603374723713,-3.33375873945389,-7.35311988541274,-4.67840640372809,-7.3115137303099,72.7893896380413,26.5488515949639,67,59,76,63.3050035486163,30.4011613830428,58,47,70,20.0385024840312,28.2031391795652,9,1,30,0.134741217197195,0.0243165557374148,0.135416666666667,0.122448979591837,0.149425287356322,0.784469448840341,0.226805432910545,0.86764705882353,0.616438356164384,0.984615384615385,0.286351744388316,0.105382884737891,0.262745098039216,0.231372549019608,0.301960784313725,26.6083337813547,12.096060468752,24.3385493147475,19.9785974454965,29.5749735146815,-1.30723683960347,4.74711866856448,-1.19263390436695,-3.98952936468666,1.36741696579062,25.9694846571644,7.1673200997235,26.445430404847,22.1748783719413,29.8351815586517,33.7821149751598,19.3017124371265,0.409481542820042,0.0586704518571091,0.998905843387745,0.748077832978472,0.18046857570953,0.368019006117749,0.416446260816435,0.404724449500023,0.401244345345345,0.414897092468771,-0.0136527471234262,0.0950752612572305,2506,0.0800869259531495,0.0931998998576214,0.0386824552490126
13,"Populus",61,"l13nr061.tif",48141,1442.13621843808,43.2013641704757,0.290879023282028,0.290879023282028,0.427209898020275,461.663440699716,268.048883374305,1.72231062815153,0.927809657773111,0.0298290438503562,0.389023306632671,0.693459519025086,247.578320785758,0.0301821731995596,0.51509108659978,0.48490891340022,-0.73967437414568,-3.47572839699821,-3.71084642172552,-3.69808829185237,-7.90327321198996,-5.43659007932421,7.42535481083357,82.8872686483461,24.7457873721209,77,70,87,56.8464302777255,32.8041435398449,51,39,65,14.1032799484844,27.3681772678582,2,0,16,0.102119126633243,0.0294551581906749,0.102739726027397,0.0885416666666667,0.117370892018779,0.876016306669911,0.189648343579952,0.975308641975309,0.814814814814815,1,0.325194903370043,0.0973495132439263,0.301960784313725,0.274509803921569,0.341176470588235,26.0077886868933,12.2785275483144,23.4241557676593,19.1920184127616,28.8219293096093,7.65500199188968,7.30441949884649,7.84650493411099,3.59514257911545,11.9752783603737,28.6219398834793,6.63088952777645,29.1993382680274,25.2325722361163,32.3324063107049,16.7023119586206,24.3031388894759,0.359208090155763,0.00862051058349432,0.908290230780416,0.486466836999647,0.28843918738184,0.299357437449731,0.349744888742048,0.374043157987511,0.351419052078373,0.398254499616297,-0.0468354475379242,0.0809531184318237,3072,0.0679661054448107,0.101676301875701,0.0452439483471299
13,"Populus",62,"l13nr062.tif",49600,1420.83975388179,40.7013227058644,0.30874600084062,0.30874600084062,0.270631451796107,426.007453653495,268.233811469726,1.58819446109081,1.02055471567186,0.0270967741935484,0.434061191203509,0.679279908516335,251.301972572569,0.0197983870967742,0.509899193548387,0.490100806451613,-0.744294375703015,-4.3287303022019,-3.89931818267716,-3.52813035542789,-7.27739812646358,-5.76395037699356,7.6523810673825,69.1791532258062,29.2859730931584,63,53,75,57.6483467741942,33.004868832481,52,39,67,21.6722379032248,28.9636338528373,10,0,34,0.123092245391944,0.0301435941151622,0.125,0.108974358974359,0.142156862745098,0.759751504005466,0.239732081752762,0.833333333333333,0.56,1,0.271814990512334,0.115393031584871,0.247058823529412,0.207843137254902,0.294117647058824,24.3800603413506,13.279185456754,22.1370863898643,16.6165146297848,28.555666129979,0.52614164700031,5.09566996151063,0.520752617849035,-2.60804893397492,3.42849249993155,22.3395668211209,7.51390387586936,22.593569206985,17.8082279728012,26.3934435759589,24.4453024193549,19.7988807118583,0.38644843130224,0.0347782258064516,0.99741935483871,0.770201612903226,0.244886213378385,0.42452784131899,0.374788308056197,0.406806681502266,0.380371373633406,0.397124254536637,-0.0167528809032306,0.0888903165017774,3722,0.0797036275643496,0.105631674966156,0.0424733584014683
13,"Populus",63,"l13nr063.tif",33816,1299.78593001263,49.9598847840903,0.251529215262741,0.251529215262741,0.5901187091081,458.464395291041,224.104274592861,2.04576372371278,0.921298990744237,0.0379406198249349,0.329129250473065,0.602898964146268,207.499080587757,0.0121244381357937,0.493937780932103,0.506062219067897,-0.699593392321288,-2.7513230915445,-2.93888794887064,-2.75416840502686,-5.60104136192297,-4.12988411916605,7.00047510744375,86.2411876035012,24.8925028062777,81,74,89,55.867488762716,34.0974619747536,50,38,62,12.5238052992663,27.8040729848093,1,0,11,0.0964335040258972,0.0296029850739393,0.0980392156862745,0.0833333333333333,0.111111111111111,0.898153225701018,0.180053221061898,0.98876404494382,0.880326086956522,1,0.338322965808041,0.0978785533554322,0.317647058823529,0.290196078431373,0.349019607843137,26.232255910403,12.5306633855557,23.7644620248909,19.526448891894,28.3918073836027,9.85794685184751,7.82967315269426,10.0476473978983,5.91178502833059,14.4749498146382,29.7491933333649,6.82100280432918,30.4791395584665,26.2687395549128,33.4862725661536,12.9699846226637,26.3911279022021,0.347289189550538,0.00765909628578188,0.815708540335936,0.355009462976106,0.306978213287896,0.289305081114895,0.335160737972113,0.357650190792062,0.350276612259301,0.40475536527179,-0.0544787530124884,0.0860532221865983,2258,0.0723949983969221,0.0990328606217122,0.0427813121526984
13,"Populus",64,"l13nr064.tif",41994,1434.97178823776,49.0342437738313,0.256277443011482,0.256277443011482,0.484164190475608,483.179668756313,255.145984288326,1.89373808921209,1.01914668012217,0.0368147830642472,0.340635459133281,0.61307794501949,231.232397041609,0.0302900414344906,0.515145020717245,0.484854979282755,-0.704591590307683,-3.16298979882315,-2.79452444054851,-2.81154726411826,-5.63579679073671,-4.39636280420935,-6.13017281930194,70.5369814735425,30.0282489768758,64,55,75,58.5212411296875,34.1017567141421,52,40,66,19.4238462637495,29.6710021734182,7,0,28,0.124193955508913,0.0309487697764896,0.126666666666667,0.112244897959184,0.141791044776119,0.796496377724962,0.225280794219175,0.885245901639344,0.63013698630137,1,0.277078518219689,0.118315222242372,0.250980392156863,0.215686274509804,0.294117647058824,24.77285518804,13.6051967750398,22.3290852400923,17.28589252639,28.1057347923114,0.491949164020938,5.18421451996525,0.460400449627474,-2.47521591283686,3.25292445297905,24.0531391846994,7.68037482614753,24.4732498331555,19.9060319769,28.0831669520819,27.0816545220757,20.7414976698559,0.391740663449598,0.0294804019621851,0.996166118969377,0.775039291327333,0.249197067606656,0.427009724808594,0.388189436556448,0.403585052745823,0.383948500579701,0.394756473024957,-0.0108079724452564,0.0895457453614843,3111,0.079616122840691,0.106177226154176,0.0432550210315313
13,"Populus",65,"l13nr065.tif",40277,1374.33722856485,46.895320352045,0.267966409441772,0.267966409441772,0.549347529364399,460.182485797367,243.697671432855,1.88833353676159,0.952474774451312,0.0346599796409862,0.359149817289957,0.631498902477266,226.455887853017,0.0250515182362142,0.487474240881893,0.512525759118107,-0.711145528028635,-2.92288887089883,-2.96616329649786,-2.95046346399172,-5.93950075745232,-4.4144791468659,6.34859659521719,71.7225463664133,28.968214905563,65,57,75,63.755269756933,31.5720931771008,58,47,69,26.3249000670358,29.4204963632485,20,4,38,0.134965971354366,0.0254444202653399,0.135658914728682,0.121951219512195,0.150273224043716,0.695646874521515,0.232370687831236,0.7,0.506329113924051,0.923076923076923,0.282152077257151,0.114407610422421,0.254901960784314,0.223529411764706,0.294117647058824,26.6552609936093,12.6766872852015,24.2647644874263,19.9639808693161,28.9935775088312,-1.67061373255809,4.14559344248435,-1.44478398507944,-4.04413776321882,0.786422076622564,22.8577957266715,6.96831953273215,23.1056939910914,18.5021771174278,26.7251197786874,29.463093080418,17.4902909859464,0.399217226576241,0.0593390768925193,0.998708940586439,0.775281177843434,0.188524706053561,0.405482075939736,0.39945276529036,0.407064379761857,0.390550800215031,0.389639771093371,0.000911029121659579,0.0846566494969175,2775,0.074061223945128,0.0904914235978336,0.0407182943040378
13,"Populus",66,"l13nr066.tif",33473,1265.60216382856,47.8519653776932,0.262609289193734,0.262609289193734,0.568466814463523,446.676918422143,224.302945510641,1.99140014592877,0.989168036941287,0.0365966599946226,0.334092056251007,0.613339441136051,206.444053634199,0.0143697905774804,0.49281510471126,0.50718489528874,-0.702986612841948,-2.83613884786891,-2.94876118684712,-2.82425971635593,-5.71909149918205,-4.24405104156523,-6.42319830019434,71.7565201804448,28.1248378152696,65,58,74,58.2010874436119,32.0846033145176,53,41,65,12.3959907985536,26.1194732036506,1,0,13,0.125725438457596,0.0280725181082643,0.128787878787879,0.11437908496732,0.143192488262911,0.882415494988781,0.180965556412371,0.982758620689655,0.824324324324324,1,0.281816834522176,0.110908890022092,0.258823529411765,0.227450980392157,0.290196078431373,24.8029293113539,12.7073836782848,22.5971089286004,18.0562265526633,27.5306802212703,0.824323298064733,5.6244661569873,0.595262789015755,-2.70184575388252,3.96495242339229,27.6305906495769,7.69983225882522,28.0831669520819,23.9024870682531,31.6117676298053,32.2496639082251,22.15657049542,0.405630319480421,0.0254832252860514,0.997311265796313,0.788575867116781,0.223284310871169,0.393549554328752,0.400277364943356,0.415536535867332,0.402389483064,0.407972104162443,-0.0055826210984436,0.0946510047568197,2515,0.0813836844319322,0.102348744636245,0.0410227637919315
13,"Populus",67,"l13nr067.tif",31749,1285.08239456891,52.0153945267873,0.241589451136195,0.241589451136195,0.683958433752236,460.785770484869,204.994644293624,2.24779419029535,1.20269357273958,0.0371980219849444,0.336115450782059,0.611257111502585,201.057410472225,0.0412296450281899,0.520614822514095,0.479385177485905,-0.686506104328203,-2.40352477623097,-2.68549409401756,-2.72818661358081,-5.45855679249925,-3.93379657154034,5.92925346242839,71.3992566695017,29.310324005572,65,57,75,59.426155154494,33.8061969991997,54,42,66,23.3804214305961,29.5637260700016,15,2,34,0.122745637713191,0.031689876679905,0.123456790123457,0.106770833333333,0.141975308641975,0.737902960781913,0.232555494882176,0.777777777777778,0.549295774647887,0.964912280701754,0.280808597337324,0.115923975542067,0.254901960784314,0.223529411764706,0.294117647058824,25.2329783831772,13.3778129334835,22.9303124564979,18.0562265526633,28.1310423267666,0.727400949551333,5.645008418385,0.693467813362464,-2.56335031527155,3.85356046009488,22.6349348431803,7.43781335072364,22.7304492838901,18.293791011546,26.4154598574701,24.0726322088884,20.9402475735828,0.382676229658772,0.0477495354184384,0.99647232983716,0.778323726731551,0.258175174386049,0.412822029768518,0.371535528124906,0.393547568149916,0.387217093959774,0.40155612546151,-0.0143390315017358,0.101282315024343,2482,0.0850990879791538,0.102734739086659,0.0384054730463925
13,"Populus",68,"l13nr068.tif",36291,1292.57986925197,46.0379355321001,0.27295686631294,0.27295686631294,0.619394410516948,446.109185294021,225.91284944082,1.97469593428719,1.18783921789567,0.0314403020032515,0.360094788981008,0.64573009617181,214.958452539052,0.035242897688132,0.517621448844066,0.482378551155934,-0.711110863961679,-2.67142371857008,-3.18871266645526,-3.15119295370452,-6.39736543812184,-4.49604026238533,-6.58548562935567,67.5519274751312,30.4929712831712,61,52,71,61.0826375685435,32.8819590995186,55,44,67,24.492546361357,29.582356391842,17,3,35,0.138628627849173,0.0298831192859821,0.140151515151515,0.123333333333333,0.156462585034014,0.710396893339488,0.236413948770212,0.732142857142857,0.521739130434782,0.94,0.26688786340912,0.120839282895816,0.23921568627451,0.203921568627451,0.27843137254902,25.2911981535161,13.3219974676928,22.9995965057456,18.1021366317884,28.1076737653447,-2.30177710516463,4.50856441871418,-2.11349061108024,-5.11340644725439,0.423718191029626,22.0366898118052,7.50014237823589,21.9914484211807,17.5273647171436,26.035792827496,30.1208013005985,18.9428826375631,0.403325151650674,0.118100906560855,0.997244495880521,0.813672811440853,0.215562395257438,0.452771740533612,0.391833969895504,0.416030346486886,0.409631543307308,0.387597737055214,0.0220338062520939,0.105871516015927,3065,0.0910738693765971,0.103655849174575,0.0397451874489615
13,"Populus",69,"l13nr069.tif",39974,1291.28340469569,41.7124338630733,0.301261984750398,0.301261984750398,0.46354041934478,436.982482204495,246.030391048815,1.77613212880596,0.971477940555122,0.0298193825986891,0.371813217165396,0.668338599923091,225.602476850861,0.000950617901636063,0.500475308950818,0.499524691049182,-0.732621630249008,-3.30423265646112,-4.37613849970412,-3.45991742151953,-7.39051087346594,-5.11954520834062,8.00298525239727,63.8014459398605,31.4089633691092,57,47,69,61.2509381097723,32.7893804125104,55,44,69,21.1777155150848,29.0602490341069,11,1,31,0.153985338891469,0.0268674216368255,0.15625,0.141414141414141,0.170212765957447,0.753897565102385,0.235226184135146,0.818181818181818,0.566666666666667,0.977272727272727,0.254681425279372,0.124446557386446,0.227450980392157,0.188235294117647,0.27843137254902,24.8762892935204,13.4493457564992,22.5981132272099,17.4710228671075,28.313118940312,-4.71170207384904,4.01060133221924,-4.69186692972803,-7.28391259645558,-2.19296317288467,23.1139454953875,7.61678508763568,23.2956457807167,18.8163739972419,27.1637293070276,37.5227147645967,18.4144823374889,0.430250541306396,0.271701606043929,0.998674138189823,0.820833541802171,0.174480386611881,0.488636172666688,0.422288134338889,0.44421399668627,0.427056924976944,0.399936889016001,0.0271200359609429,0.0876506830967051,2862,0.076667559603536,0.104755847274596,0.0419485110640122
13,"Populus",70,"l13nr070.tif",41495,1383.39105243401,46.1205158200865,0.272468128140194,0.272468128140194,0.572387178546232,459.663039996937,240.680015905145,1.90985129475019,1.06529455432881,0.0335944089649355,0.37507330252431,0.654737954920199,229.85446462661,0.0133751054343897,0.506687552717195,0.493312447282805,-0.715319046236927,-2.84654475648203,-3.14808643344019,-2.98574594311334,-6.07195849815796,-4.40910023495664,-6.58787825743349,70.330087962405,35.2311790996053,62,51,76,72.3080612121948,32.2418183373986,66,55,80,12.1489336064599,29.591352318309,0,0,7,0.17268544950291,0.0245650384681079,0.175438596491228,0.164414414414414,0.184848484848485,0.903740506509128,0.186328844111826,1,0.909090909090909,1,0.291478066102933,0.133934453503634,0.262745098039216,0.215686274509804,0.317647058823529,29.0973708372164,13.3900085785978,26.5073633577032,21.5725795875694,32.4030861986772,-8.8909559933865,4.68787412770168,-9.50100164065856,-11.5280199372162,-7.26952692278735,32.0692973153014,8.15442412512573,32.8271842578255,28.1308519889284,36.7861504548639,62.1371008555253,20.0135582286447,0.490148212461211,0.685600674780094,0.988745632003856,0.697529822870225,0.14225308731319,0.45950096635002,0.496077845936364,0.494511780942532,0.483115696590615,0.388403022420597,0.0947126741700174,0.105692526139151,3322,0.0857622305408545,0.102812466814384,0.041394484140474
13,"Populus",71,"l13nr071.tif",39573,1345.76868606993,45.7658847296485,0.274579431569872,0.274579431569872,0.562921482139389,454.809729692143,238.263474977163,1.90885207955493,1.09720571059794,0.033912010714376,0.365184012884402,0.642930252960959,224.468056755977,0.0149849644959947,0.492507517752003,0.507492482247997,-0.713969278309861,-2.87837712088437,-3.15539530052983,-2.98879454454046,-6.07497148564568,-4.42909343787335,6.66193712832532,70.464382280848,34.6429649553007,62,52,75,68.3082910064945,33.790665551033,62,50,75,14.6906476638117,31.1089777334482,1,0,14,0.159471844074047,0.0245357820257846,0.163333333333333,0.150943396226415,0.172916666666667,0.872963552943961,0.205090748099801,0.986486486486487,0.819047619047619,1,0.282164161244818,0.135264698095596,0.250980392156863,0.207843137254902,0.301960784313725,27.7897639170125,13.8356242795152,25.1520226966379,20.1277318347808,30.8259529862892,-6.1664897489704,4.69526966088078,-6.74043870804145,-8.98728246235281,-4.29881175327551,29.6284191006274,7.79991039840253,30.3146265636084,25.7448204764707,34.2818295880945,51.4615520683296,19.990989549866,0.463040348476192,0.367144265029187,0.992469613120057,0.739039243928941,0.153856513131781,0.47938298407377,0.463858183735835,0.472178835687749,0.456159263182519,0.387705835978865,0.0684534272036537,0.0882712195651584,2730,0.074102223066692,0.103274877629292,0.0433875110222565
13,"Populus",72,"l13nr072.tif",30972,1206.71486220076,47.0153932150397,0.267282048602314,0.267282048602314,0.815898173201344,473.646228302543,188.211375984836,2.51656535543688,1.51132728978512,0.0319320676740281,0.347431584911332,0.636504690759256,198.581910504299,0.0191786129407207,0.50958930647036,0.49041069352964,-0.651634902771964,-1.90723955558504,-3.14365814623405,-2.77464732366464,-5.73574842042422,-3.72832303784422,-6.7583158647352,74.7314671316047,35.6420103005429,67,54,83,77.8990701278594,32.7692772290742,71,59,87,23.4699083042746,32.9897923705227,9,0,35,0.176333607062388,0.0206174620233758,0.178743961352657,0.166666666666667,0.188034188034188,0.776393919436392,0.239142615631242,0.866666666666667,0.590909090909091,1,0.310477521759058,0.135779228045361,0.282352941176471,0.231372549019608,0.345098039215686,31.4034025474874,13.5904436161452,28.7533047970429,23.4942111449033,35.6701019927935,-9.16215173016114,3.6273027268745,-9.4107299212185,-11.6318069922218,-7.03424823975073,29.4503074917392,7.77565801799693,30.1832315257117,25.0259016885302,34.4383066430353,57.5967648198375,18.2956174505067,0.467160730271872,0.730530802014723,0.998773085367429,0.596086788066641,0.116923042918065,0.437323857903654,0.479928144789737,0.457099298548416,0.464636687275662,0.385554958117134,0.0790817291585284,0.100045459313914,2348,0.0821065146693709,0.0862473313509036,0.0417461914603512
13,"Populus",73,"l13nr073.tif",47757,1378.21233688382,39.773629950348,0.31594729045467,0.31594729045467,0.568032725116676,460.10150130136,253.560603406273,1.81456225896478,1.20966817373045,0.0275771091148942,0.409356424342972,0.704905571258828,246.588931093667,0.0117888477081894,0.494105576145905,0.505894423854095,-0.739607316100827,-2.9109628036531,-4.54461337459107,-3.85504741762902,8.60209003134048,-5.31938247762997,8.07309230556429,68.8382226689303,39.6750812470029,61,46,79,76.1903595284454,33.7343258660245,70,57,86,13.591703833993,31.4689308663623,0,0,7,0.190470521210705,0.0344319943714449,0.189542483660131,0.178030303030303,0.202564102564103,0.897062013151945,0.200378116103125,1,0.911392405063291,1,0.305475801309488,0.140887815285375,0.27843137254902,0.227450980392157,0.341176470588235,30.2416779909327,14.2327371176632,28.0197723018728,22.0724095078237,34.7099838618887,-11.7922460841071,5.43235510312595,-12.8049263861796,-14.8016837882965,-10.365946139297,32.3650408681918,9.08353019389701,33.785901392171,28.055850749922,37.9978225661151,69.9507925539738,21.234963177812,0.522711532589807,0.853173356785393,0.985279644868815,0.608036518206755,0.180773349974623,0.461207775608479,0.535613846642591,0.518542345908657,0.509868979258134,0.393870474448358,0.115998504809776,0.0936749399519616,3368,0.0749043679387955,0.0998859980642654,0.048047762779648
13,"Populus",74,"l13nr074.tif",38555,1327.34227919873,45.6967326195952,0.274994948084551,0.274994948084551,0.65836082520127,471.925797435949,227.905935905178,2.07070428228029,1.23393057258421,0.031202178705745,0.358468792068045,0.654867557261633,221.562069513859,0.0163662300609519,0.491816884969524,0.508183115030476,-0.712347333937465,-2.54073337833783,-3.51874299449452,-3.13949369517194,-6.49639403493884,-4.41251455220835,6.92885039946971,68.5954091557521,35.3630669015756,62,49,77,74.5124886525747,31.5529112746503,68,57,83,11.4185708727786,29.2374277278866,0,0,4,0.184133335071025,0.0257221538873341,0.183848797250859,0.173333333333333,0.194444444444444,0.912518151110211,0.18540367598181,1,0.94949494949495,1,0.296398066424079,0.129965311431017,0.270588235294118,0.223529411764706,0.329411764705882,29.6670110651349,13.1959930397519,27.339336618584,22.3144176683436,33.6318808631934,-11.0993764458751,4.16051677345179,-11.5919235702052,-13.6478555232455,-9.21250936167262,32.8167587979503,8.25830626122607,33.7906603797658,28.9705241182431,37.8268171416397,69.0109972766174,19.234535431063,0.511868443491701,0.831617170276229,0.995305407858903,0.648787446504993,0.139693085652956,0.438482317244888,0.528084165368192,0.500453443041251,0.506599678218767,0.391076935407508,0.115522742811259,0.110835516414916,3187,0.0888189064154729,0.101870700872627,0.0430067282693551
13,"Populus",75,"l13nr075.tif",33865,1301.84480451568,50.045766869761,0.251097573288503,0.251097573288503,0.611173607779695,463.70543199043,222.099817869172,2.08782445856653,1.14660065387285,0.0328657906393031,0.328821869481629,0.601803722955262,207.64936114146,0.00150597962498154,0.500752989812491,0.499247010187509,-0.69946561729376,-2.6767632837737,-2.97641221444314,-2.7646332745875,-5.63568457853112,-4.1030215288296,6.94225049099645,75.3128598848371,32.0807786663141,68,58,81,71.141414439687,32.4498166804396,65,53,79,17.8593533146322,29.839185829717,4,0,25,0.152965134790307,0.0224792315910076,0.155339805825243,0.142857142857143,0.166666666666667,0.832609580088894,0.213028149744857,0.945205479452055,0.696078431372549,1,0.298853405824163,0.126236205188036,0.270588235294118,0.227450980392157,0.32156862745098,29.257798526604,13.1796871946832,26.9995146400193,21.8679238772737,32.7358039542504,-5.15080203771055,4.36899525862355,-5.41142065389835,-7.94447695842584,-2.76969728002824,29.8838724258635,7.51090844289516,30.5580200441077,25.8783988065653,34.264740334134,49.1106156799046,19.8269441467875,0.445039733689125,0.223829912889414,0.997755795068655,0.664402775727152,0.146956569383388,0.422401760547137,0.441498600743876,0.449896418556015,0.448157310714581,0.399234693906033,0.048922616808548,0.108946931477106,2767,0.0883517465993997,0.105476164145973,0.0405453595496689
